#
# There is insufficient memory for the Java Runtime Environment to continue.
# Native memory allocation (mmap) failed to map 315621376 bytes. Error detail: G1 virtual space
# Possible reasons:
#   The system is out of physical RAM or swap space
#   This process is running with CompressedOops enabled, and the Java Heap may be blocking the growth of the native heap
# Possible solutions:
#   Reduce memory load on the system
#   Increase physical memory or swap space
#   Check if swap backing store is full
#   Decrease Java heap size (-Xmx/-Xms)
#   Decrease number of Java threads
#   Decrease Java thread stack sizes (-Xss)
#   Set larger code cache with -XX:ReservedCodeCacheSize=
#   JVM is running with Unscaled Compressed Oops mode in which the Java heap is
#     placed in the first 4GB address space. The Java Heap base address is the
#     maximum limit for the native heap growth. Please use -XX:HeapBaseMinAddress
#     to set the Java Heap base and to place the Java Heap above 4GB virtual address.
# This output file may be truncated or incomplete.
#
#  Out of Memory Error (os_windows.cpp:3710), pid=22628, tid=23872
#
# JRE version: OpenJDK Runtime Environment Microsoft-10800295 (17.0.14+7) (build 17.0.14+7-LTS)
# Java VM: OpenJDK 64-Bit Server VM Microsoft-10800295 (17.0.14+7-LTS, mixed mode, sharing, tiered, compressed oops, compressed class ptrs, g1 gc, windows-amd64)
# No core dump will be written. Minidumps are not enabled by default on client versions of Windows
#

---------------  S U M M A R Y ------------

Command Line: --add-opens=java.base/java.lang=ALL-UNNAMED --add-opens=java.base/java.lang.invoke=ALL-UNNAMED --add-opens=java.base/java.util=ALL-UNNAMED --add-opens=java.prefs/java.util.prefs=ALL-UNNAMED --add-exports=jdk.compiler/com.sun.tools.javac.api=ALL-UNNAMED --add-exports=jdk.compiler/com.sun.tools.javac.util=ALL-UNNAMED --add-opens=java.base/java.util=ALL-UNNAMED --add-opens=java.prefs/java.util.prefs=ALL-UNNAMED --add-opens=java.base/java.nio.charset=ALL-UNNAMED --add-opens=java.base/java.net=ALL-UNNAMED --add-opens=java.base/java.util.concurrent.atomic=ALL-UNNAMED --add-opens=java.xml/javax.xml.namespace=ALL-UNNAMED -XX:MaxMetaspaceSize=512m -Xmx2048m -Dfile.encoding=windows-1252 -Duser.country=IN -Duser.language=en -Duser.variant -javaagent:C:\Users\Himanshu\.gradle\wrapper\dists\gradle-8.13-bin\5xuhj0ry160q40clulazy9h7d\gradle-8.13\lib\agents\gradle-instrumentation-agent-8.13.jar org.gradle.launcher.daemon.bootstrap.GradleDaemon 8.13

Host: 11th Gen Intel(R) Core(TM) i7-1165G7 @ 2.80GHz, 8 cores, 15G,  Windows 11 , 64 bit Build 26100 (10.0.26100.3912)
Time: Mon Jun  2 14:56:54 2025 India Standard Time elapsed time: 72.869954 seconds (0d 0h 1m 12s)

---------------  T H R E A D  ---------------

Current thread (0x000001a0fa774110):  VMThread "VM Thread" [stack: 0x00000012c5700000,0x00000012c5800000] [id=23872]

Stack: [0x00000012c5700000,0x00000012c5800000]
Native frames: (J=compiled Java code, j=interpreted, Vv=VM code, C=native code)
V  [jvm.dll+0x6886b9]
V  [jvm.dll+0x83f6f8]
V  [jvm.dll+0x8411a3]
V  [jvm.dll+0x841813]
V  [jvm.dll+0x2495cf]
V  [jvm.dll+0x6855f9]
V  [jvm.dll+0x679a8a]
V  [jvm.dll+0x30afc7]
V  [jvm.dll+0x312536]
V  [jvm.dll+0x362eee]
V  [jvm.dll+0x36312d]
V  [jvm.dll+0x2e225c]
V  [jvm.dll+0x2e0609]
V  [jvm.dll+0x2dfd6c]
V  [jvm.dll+0x32291b]
V  [jvm.dll+0x84604d]
V  [jvm.dll+0x846d83]
V  [jvm.dll+0x8472af]
V  [jvm.dll+0x847694]
V  [jvm.dll+0x84775e]
V  [jvm.dll+0x7ef2ac]
V  [jvm.dll+0x687597]
C  [ucrtbase.dll+0x37b0]
C  [KERNEL32.DLL+0x2e8d7]
C  [ntdll.dll+0x9c5dc]

VM_Operation (0x00000012ca1f8950): G1CollectForAllocation, mode: safepoint, requested by thread 0x000001a09fe37470


---------------  P R O C E S S  ---------------

Threads class SMR info:
_java_thread_list=0x000001a0abb1d1a0, length=179, elements={
0x000001a0dc613d90, 0x000001a0fa778d70, 0x000001a0fa779840, 0x000001a0fa78c240,
0x000001a0fa78ed20, 0x000001a0fa791800, 0x000001a0fa7941e0, 0x000001a0fa796df0,
0x000001a0fa79c450, 0x000001a0faba1fe0, 0x000001a0fac87420, 0x000001a0fad2d6e0,
0x000001a09c2f69c0, 0x000001a09b4f2380, 0x000001a09c0d8f60, 0x000001a09c133720,
0x000001a09c1b7030, 0x000001a09b574740, 0x000001a09b572df0, 0x000001a09b573300,
0x000001a09b5728e0, 0x000001a09b573810, 0x000001a09b573d20, 0x000001a09b574c50,
0x000001a09b575670, 0x000001a09b574230, 0x000001a09b575b80, 0x000001a09b576090,
0x000001a09cfa00d0, 0x000001a09cfa0af0, 0x000001a09cfa1a20, 0x000001a09cfa3880,
0x000001a09cfa1510, 0x000001a09cfa1f30, 0x000001a09cfa2e60, 0x000001a0ff291f10,
0x000001a0ff290fe0, 0x000001a0ff2905c0, 0x000001a0ff2914f0, 0x000001a0ff292420,
0x000001a0ff291a00, 0x000001a0ff292930, 0x000001a0ff294280, 0x000001a0ff292e40,
0x000001a0ff293350, 0x000001a0ff293860, 0x000001a0ff293d70, 0x000001a0ff290ad0,
0x000001a0ff297520, 0x000001a0ff294ca0, 0x000001a0ff294790, 0x000001a0ff297f40,
0x000001a0ff297010, 0x000001a0ff2951b0, 0x000001a0ff297a30, 0x000001a0ff2956c0,
0x000001a0ff295bd0, 0x000001a0ff2960e0, 0x000001a0ff296b00, 0x000001a0ff2965f0,
0x000001a09fe34bf0, 0x000001a09fe346e0, 0x000001a09fe35100, 0x000001a09fe32d90,
0x000001a09fe341d0, 0x000001a09fe332a0, 0x000001a09fe35b20, 0x000001a09fe36030,
0x000001a09fe32880, 0x000001a09fe36540, 0x000001a09fe36a50, 0x000001a09fe36f60,
0x000001a09fe337b0, 0x000001a09fe37e90, 0x000001a09fe37470, 0x000001a09fe38dc0,
0x000001a09fe397e0, 0x000001a09fe37980, 0x000001a09fe383a0, 0x000001a09fe388b0,
0x000001a09fe392d0, 0x000001a09f9e34a0, 0x000001a09f9e4df0, 0x000001a09f9e5300,
0x000001a09f9e39b0, 0x000001a09f9e2060, 0x000001a09f9e5810, 0x000001a09f9e5d20,
0x000001a09f9e2570, 0x000001a09f9e6230, 0x000001a09f9e3ec0, 0x000001a09f9e2a80,
0x000001a09f9e6740, 0x000001a09f9e2f90, 0x000001a09f9e6c50, 0x000001a09f9e7160,
0x000001a09f9e7670, 0x000001a09f9e7b80, 0x000001a09f9e43d0, 0x000001a09f9e8090,
0x000001a09f9e48e0, 0x000001a09f9e85a0, 0x000001a09f9e8ab0, 0x000001a09f9e8fc0,
0x000001a09f9e94d0, 0x000001a09f9e99e0, 0x000001a09d9234b0, 0x000001a09d922a90,
0x000001a09d923ed0, 0x000001a09d9243e0, 0x000001a09d9248f0, 0x000001a09d924e00,
0x000001a09d921650, 0x000001a09d925310, 0x000001a09d921b60, 0x000001a09d9239c0,
0x000001a09d922070, 0x000001a09d925820, 0x000001a09d922fa0, 0x000001a09d925d30,
0x000001a09d922580, 0x000001a09d927680, 0x000001a09d927170, 0x000001a09d926240,
0x000001a09d927b90, 0x000001a09d9280a0, 0x000001a09d928ac0, 0x000001a09d9285b0,
0x000001a09d928fd0, 0x000001a09d926750, 0x000001a09d926c60, 0x000001a0a04b4ec0,
0x000001a0a04b5df0, 0x000001a0a04b6300, 0x000001a0a04b6810, 0x000001a0a04b53d0,
0x000001a0a04b7230, 0x000001a0a04b49b0, 0x000001a0a04b58e0, 0x000001a0a04b3f90,
0x000001a0a04b7c50, 0x000001a0a04ba9e0, 0x000001a0a04b8160, 0x000001a0a04ba4d0,
0x000001a0a1286ed0, 0x000001a0a1288310, 0x000001a0a12869c0, 0x000001a0a1285a90,
0x000001a0a18ce9b0, 0x000001a0a1287e00, 0x000001a0a16096c0, 0x000001a0a1606930,
0x000001a0a16091b0, 0x000001a0a1609bd0, 0x000001a0a1605f10, 0x000001a0a160b010,
0x000001a0a1606420, 0x000001a0a160ba30, 0x000001a0a1607350, 0x000001a0a160c960,
0x000001a0a160bf40, 0x000001a0a160d890, 0x000001a0a160ce70, 0x000001a0a160c450,
0x000001a09fe33cc0, 0x000001a0a160d380, 0x000001a0a1606e40, 0x000001a0a160ab00,
0x000001a0a1205da0, 0x000001a0a1390a30, 0x000001a0a1204db0, 0x000001a0aba088b0,
0x000001a0aba092d0, 0x000001a0a6967150, 0x000001a0a138fb00, 0x000001a0a98573d0,
0x000001a0a63cc420, 0x000001a0a98578e0, 0x000001a0a6cbf430
}

Java Threads: ( => current thread )
  0x000001a0dc613d90 JavaThread "main" [_thread_blocked, id=24000, stack(0x00000012c5100000,0x00000012c5200000)]
  0x000001a0fa778d70 JavaThread "Reference Handler" daemon [_thread_blocked, id=11176, stack(0x00000012c5800000,0x00000012c5900000)]
  0x000001a0fa779840 JavaThread "Finalizer" daemon [_thread_blocked, id=23932, stack(0x00000012c5900000,0x00000012c5a00000)]
  0x000001a0fa78c240 JavaThread "Signal Dispatcher" daemon [_thread_blocked, id=25412, stack(0x00000012c5a00000,0x00000012c5b00000)]
  0x000001a0fa78ed20 JavaThread "Attach Listener" daemon [_thread_blocked, id=1112, stack(0x00000012c5b00000,0x00000012c5c00000)]
  0x000001a0fa791800 JavaThread "Service Thread" daemon [_thread_blocked, id=2692, stack(0x00000012c5c00000,0x00000012c5d00000)]
  0x000001a0fa7941e0 JavaThread "Monitor Deflation Thread" daemon [_thread_blocked, id=6944, stack(0x00000012c5d00000,0x00000012c5e00000)]
  0x000001a0fa796df0 JavaThread "C2 CompilerThread0" daemon [_thread_blocked, id=16404, stack(0x00000012c5e00000,0x00000012c5f00000)]
  0x000001a0fa79c450 JavaThread "C1 CompilerThread0" daemon [_thread_blocked, id=3956, stack(0x00000012c5f00000,0x00000012c6000000)]
  0x000001a0faba1fe0 JavaThread "Sweeper thread" daemon [_thread_blocked, id=12452, stack(0x00000012c6000000,0x00000012c6100000)]
  0x000001a0fac87420 JavaThread "Common-Cleaner" daemon [_thread_blocked, id=4544, stack(0x00000012c6100000,0x00000012c6200000)]
  0x000001a0fad2d6e0 JavaThread "Notification Thread" daemon [_thread_blocked, id=20492, stack(0x00000012c6300000,0x00000012c6400000)]
  0x000001a09c2f69c0 JavaThread "Daemon health stats" [_thread_blocked, id=5784, stack(0x00000012c6b00000,0x00000012c6c00000)]
  0x000001a09b4f2380 JavaThread "Incoming local TCP Connector on port 54150" [_thread_in_native, id=16388, stack(0x00000012c6200000,0x00000012c6300000)]
  0x000001a09c0d8f60 JavaThread "Daemon periodic checks" [_thread_blocked, id=20484, stack(0x00000012c6c00000,0x00000012c6d00000)]
  0x000001a09c133720 JavaThread "Daemon" [_thread_blocked, id=4892, stack(0x00000012c6d00000,0x00000012c6e00000)]
  0x000001a09c1b7030 JavaThread "Handler for socket connection from /127.0.0.1:54150 to /127.0.0.1:54151" [_thread_in_native, id=20128, stack(0x00000012c6e00000,0x00000012c6f00000)]
  0x000001a09b574740 JavaThread "Cancel handler" [_thread_blocked, id=19864, stack(0x00000012c6f00000,0x00000012c7000000)]
  0x000001a09b572df0 JavaThread "Daemon worker" [_thread_blocked, id=23276, stack(0x00000012c7000000,0x00000012c7100000)]
  0x000001a09b573300 JavaThread "Asynchronous log dispatcher for DefaultDaemonConnection: socket connection from /127.0.0.1:54150 to /127.0.0.1:54151" [_thread_blocked, id=15352, stack(0x00000012c7100000,0x00000012c7200000)]
  0x000001a09b5728e0 JavaThread "Stdin handler" [_thread_blocked, id=17556, stack(0x00000012c7200000,0x00000012c7300000)]
  0x000001a09b573810 JavaThread "Daemon client event forwarder" [_thread_blocked, id=9016, stack(0x00000012c7300000,0x00000012c7400000)]
  0x000001a09b573d20 JavaThread "Cache worker for journal cache (C:\Users\Himanshu\.gradle\caches\journal-1)" [_thread_blocked, id=20820, stack(0x00000012c7400000,0x00000012c7500000)]
  0x000001a09b574c50 JavaThread "File lock request listener" [_thread_in_native, id=10448, stack(0x00000012c7500000,0x00000012c7600000)]
  0x000001a09b575670 JavaThread "Cache worker for file hash cache (C:\Users\Himanshu\.gradle\caches\8.13\fileHashes)" [_thread_blocked, id=22476, stack(0x00000012c7600000,0x00000012c7700000)]
  0x000001a09b574230 JavaThread "Cache worker for file hash cache (C:\Users\Himanshu\Desktop\App\newApp\android\.gradle\8.13\fileHashes)" [_thread_blocked, id=24688, stack(0x00000012c7700000,0x00000012c7800000)]
  0x000001a09b575b80 JavaThread "Cache worker for Build Output Cleanup Cache (C:\Users\Himanshu\Desktop\App\newApp\android\.gradle\buildOutputCleanup)" [_thread_blocked, id=22996, stack(0x00000012c7800000,0x00000012c7900000)]
  0x000001a09b576090 JavaThread "File watcher server" daemon [_thread_blocked, id=22344, stack(0x00000012c7c00000,0x00000012c7d00000)]
  0x000001a09cfa00d0 JavaThread "File watcher consumer" daemon [_thread_blocked, id=180, stack(0x00000012c7d00000,0x00000012c7e00000)]
  0x000001a09cfa0af0 JavaThread "jar transforms" [_thread_blocked, id=14416, stack(0x00000012c7f00000,0x00000012c8000000)]
  0x000001a09cfa1a20 JavaThread "Cache worker for checksums cache (C:\Users\Himanshu\Desktop\App\newApp\android\.gradle\8.13\checksums)" [_thread_blocked, id=3272, stack(0x00000012c8000000,0x00000012c8100000)]
  0x000001a09cfa3880 JavaThread "Cache worker for file content cache (C:\Users\Himanshu\.gradle\caches\8.13\fileContent)" [_thread_blocked, id=13344, stack(0x00000012c8100000,0x00000012c8200000)]
  0x000001a09cfa1510 JavaThread "Cache worker for cache directory md-supplier (C:\Users\Himanshu\.gradle\caches\8.13\md-supplier)" [_thread_blocked, id=11768, stack(0x00000012c8200000,0x00000012c8300000)]
  0x000001a09cfa1f30 JavaThread "Cache worker for cache directory md-rule (C:\Users\Himanshu\.gradle\caches\8.13\md-rule)" [_thread_blocked, id=11620, stack(0x00000012c8300000,0x00000012c8400000)]
  0x000001a09cfa2e60 JavaThread "Cache worker for Build Output Cleanup Cache (C:\Users\Himanshu\Desktop\App\newApp\node_modules\@react-native\gradle-plugin\.gradle\buildOutputCleanup)" [_thread_blocked, id=21660, stack(0x00000012c8400000,0x00000012c8500000)]
  0x000001a0ff291f10 JavaThread "Unconstrained build operations" [_thread_blocked, id=23844, stack(0x00000012c8500000,0x00000012c8600000)]
  0x000001a0ff290fe0 JavaThread "Unconstrained build operations Thread 2" [_thread_blocked, id=25012, stack(0x00000012c8600000,0x00000012c8700000)]
  0x000001a0ff2905c0 JavaThread "Unconstrained build operations Thread 3" [_thread_blocked, id=12264, stack(0x00000012c8700000,0x00000012c8800000)]
  0x000001a0ff2914f0 JavaThread "Unconstrained build operations Thread 4" [_thread_blocked, id=21864, stack(0x00000012c8800000,0x00000012c8900000)]
  0x000001a0ff292420 JavaThread "Unconstrained build operations Thread 5" [_thread_blocked, id=24656, stack(0x00000012c8900000,0x00000012c8a00000)]
  0x000001a0ff291a00 JavaThread "Unconstrained build operations Thread 6" [_thread_blocked, id=11080, stack(0x00000012c8a00000,0x00000012c8b00000)]
  0x000001a0ff292930 JavaThread "Unconstrained build operations Thread 7" [_thread_blocked, id=2672, stack(0x00000012c8b00000,0x00000012c8c00000)]
  0x000001a0ff294280 JavaThread "Unconstrained build operations Thread 8" [_thread_blocked, id=2508, stack(0x00000012c8c00000,0x00000012c8d00000)]
  0x000001a0ff292e40 JavaThread "Unconstrained build operations Thread 9" [_thread_blocked, id=1716, stack(0x00000012c8d00000,0x00000012c8e00000)]
  0x000001a0ff293350 JavaThread "Unconstrained build operations Thread 10" [_thread_blocked, id=9408, stack(0x00000012c8e00000,0x00000012c8f00000)]
  0x000001a0ff293860 JavaThread "Unconstrained build operations Thread 11" [_thread_blocked, id=7648, stack(0x00000012c8f00000,0x00000012c9000000)]
  0x000001a0ff293d70 JavaThread "Unconstrained build operations Thread 12" [_thread_blocked, id=23352, stack(0x00000012c9000000,0x00000012c9100000)]
  0x000001a0ff290ad0 JavaThread "Unconstrained build operations Thread 13" [_thread_blocked, id=2928, stack(0x00000012c9100000,0x00000012c9200000)]
  0x000001a0ff297520 JavaThread "Unconstrained build operations Thread 14" [_thread_blocked, id=24256, stack(0x00000012c9200000,0x00000012c9300000)]
  0x000001a0ff294ca0 JavaThread "Unconstrained build operations Thread 15" [_thread_blocked, id=14316, stack(0x00000012c9300000,0x00000012c9400000)]
  0x000001a0ff294790 JavaThread "Unconstrained build operations Thread 16" [_thread_blocked, id=25028, stack(0x00000012c9400000,0x00000012c9500000)]
  0x000001a0ff297f40 JavaThread "Unconstrained build operations Thread 17" [_thread_blocked, id=12184, stack(0x00000012c9500000,0x00000012c9600000)]
  0x000001a0ff297010 JavaThread "Unconstrained build operations Thread 18" [_thread_blocked, id=23984, stack(0x00000012c9600000,0x00000012c9700000)]
  0x000001a0ff2951b0 JavaThread "Unconstrained build operations Thread 19" [_thread_blocked, id=8316, stack(0x00000012c9700000,0x00000012c9800000)]
  0x000001a0ff297a30 JavaThread "Unconstrained build operations Thread 20" [_thread_blocked, id=21696, stack(0x00000012c9800000,0x00000012c9900000)]
  0x000001a0ff2956c0 JavaThread "Unconstrained build operations Thread 21" [_thread_blocked, id=14924, stack(0x00000012c9900000,0x00000012c9a00000)]
  0x000001a0ff295bd0 JavaThread "Unconstrained build operations Thread 22" [_thread_blocked, id=21568, stack(0x00000012c9a00000,0x00000012c9b00000)]
  0x000001a0ff2960e0 JavaThread "Unconstrained build operations Thread 23" [_thread_blocked, id=25108, stack(0x00000012c9b00000,0x00000012c9c00000)]
  0x000001a0ff296b00 JavaThread "Unconstrained build operations Thread 24" [_thread_blocked, id=1744, stack(0x00000012c9c00000,0x00000012c9d00000)]
  0x000001a0ff2965f0 JavaThread "Unconstrained build operations Thread 25" [_thread_blocked, id=18884, stack(0x00000012c9d00000,0x00000012c9e00000)]
  0x000001a09fe34bf0 JavaThread "Unconstrained build operations Thread 26" [_thread_blocked, id=13764, stack(0x00000012c9e00000,0x00000012c9f00000)]
  0x000001a09fe346e0 JavaThread "Unconstrained build operations Thread 27" [_thread_blocked, id=1120, stack(0x00000012c9f00000,0x00000012ca000000)]
  0x000001a09fe35100 JavaThread "build event listener" [_thread_blocked, id=14072, stack(0x00000012ca000000,0x00000012ca100000)]
  0x000001a09fe32d90 JavaThread "Memory manager" [_thread_blocked, id=25156, stack(0x00000012c6500000,0x00000012c6600000)]
  0x000001a09fe341d0 JavaThread "ForkJoinPool.commonPool-worker-1" daemon [_thread_blocked, id=14464, stack(0x00000012ca200000,0x00000012ca300000)]
  0x000001a09fe332a0 JavaThread "ForkJoinPool.commonPool-worker-2" daemon [_thread_blocked, id=19424, stack(0x00000012ca300000,0x00000012ca400000)]
  0x000001a09fe35b20 JavaThread "ForkJoinPool.commonPool-worker-3" daemon [_thread_blocked, id=3652, stack(0x00000012ca400000,0x00000012ca500000)]
  0x000001a09fe36030 JavaThread "ForkJoinPool.commonPool-worker-4" daemon [_thread_blocked, id=21912, stack(0x00000012ca500000,0x00000012ca600000)]
  0x000001a09fe32880 JavaThread "ForkJoinPool.commonPool-worker-5" daemon [_thread_blocked, id=25348, stack(0x00000012ca600000,0x00000012ca700000)]
  0x000001a09fe36540 JavaThread "ForkJoinPool.commonPool-worker-6" daemon [_thread_blocked, id=6364, stack(0x00000012ca700000,0x00000012ca800000)]
  0x000001a09fe36a50 JavaThread "ForkJoinPool.commonPool-worker-7" daemon [_thread_blocked, id=1896, stack(0x00000012ca800000,0x00000012ca900000)]
  0x000001a09fe36f60 JavaThread "Exec process" daemon [_thread_blocked, id=20060, stack(0x00000012ca900000,0x00000012caa00000)]
  0x000001a09fe337b0 JavaThread "Exec process Thread 2" daemon [_thread_blocked, id=8376, stack(0x00000012caa00000,0x00000012cab00000)]
  0x000001a09fe37e90 JavaThread "Exec process Thread 3" daemon [_thread_blocked, id=18252, stack(0x00000012cab00000,0x00000012cac00000)]
  0x000001a09fe37470 JavaThread "included builds" [_thread_blocked, id=19952, stack(0x00000012ca100000,0x00000012ca200000)]
  0x000001a09fe38dc0 JavaThread "Execution worker" [_thread_blocked, id=22048, stack(0x00000012cac00000,0x00000012cad00000)]
  0x000001a09fe397e0 JavaThread "Execution worker Thread 2" [_thread_blocked, id=19960, stack(0x00000012cad00000,0x00000012cae00000)]
  0x000001a09fe37980 JavaThread "Execution worker Thread 3" [_thread_blocked, id=23144, stack(0x00000012cae00000,0x00000012caf00000)]
  0x000001a09fe383a0 JavaThread "Execution worker Thread 4" [_thread_blocked, id=6568, stack(0x00000012caf00000,0x00000012cb000000)]
  0x000001a09fe388b0 JavaThread "Execution worker Thread 5" [_thread_blocked, id=11604, stack(0x00000012cb000000,0x00000012cb100000)]
  0x000001a09fe392d0 JavaThread "Execution worker Thread 6" [_thread_blocked, id=22684, stack(0x00000012cb100000,0x00000012cb200000)]
  0x000001a09f9e34a0 JavaThread "Execution worker Thread 7" [_thread_blocked, id=22256, stack(0x00000012cb200000,0x00000012cb300000)]
  0x000001a09f9e4df0 JavaThread "Cache worker for execution history cache (C:\Users\Himanshu\Desktop\App\newApp\node_modules\@react-native\gradle-plugin\.gradle\8.13\executionHistory)" [_thread_blocked, id=23412, stack(0x00000012cb300000,0x00000012cb400000)]
  0x000001a09f9e5300 JavaThread "Unconstrained build operations Thread 28" [_thread_blocked, id=10976, stack(0x00000012cb400000,0x00000012cb500000)]
  0x000001a09f9e39b0 JavaThread "Unconstrained build operations Thread 29" [_thread_blocked, id=3952, stack(0x00000012cb500000,0x00000012cb600000)]
  0x000001a09f9e2060 JavaThread "Unconstrained build operations Thread 30" [_thread_blocked, id=1984, stack(0x00000012cb600000,0x00000012cb700000)]
  0x000001a09f9e5810 JavaThread "Unconstrained build operations Thread 31" [_thread_blocked, id=15864, stack(0x00000012cb700000,0x00000012cb800000)]
  0x000001a09f9e5d20 JavaThread "Unconstrained build operations Thread 32" [_thread_blocked, id=22584, stack(0x00000012cb800000,0x00000012cb900000)]
  0x000001a09f9e2570 JavaThread "Unconstrained build operations Thread 33" [_thread_blocked, id=24304, stack(0x00000012cb900000,0x00000012cba00000)]
  0x000001a09f9e6230 JavaThread "Unconstrained build operations Thread 34" [_thread_blocked, id=19332, stack(0x00000012cba00000,0x00000012cbb00000)]
  0x000001a09f9e3ec0 JavaThread "Unconstrained build operations Thread 35" [_thread_blocked, id=17924, stack(0x00000012cbb00000,0x00000012cbc00000)]
  0x000001a09f9e2a80 JavaThread "Unconstrained build operations Thread 36" [_thread_blocked, id=20296, stack(0x00000012cbc00000,0x00000012cbd00000)]
  0x000001a09f9e6740 JavaThread "Unconstrained build operations Thread 37" [_thread_blocked, id=17724, stack(0x00000012cbd00000,0x00000012cbe00000)]
  0x000001a09f9e2f90 JavaThread "Unconstrained build operations Thread 38" [_thread_blocked, id=22780, stack(0x00000012cbe00000,0x00000012cbf00000)]
  0x000001a09f9e6c50 JavaThread "Unconstrained build operations Thread 39" [_thread_blocked, id=2676, stack(0x00000012cbf00000,0x00000012cc000000)]
  0x000001a09f9e7160 JavaThread "Unconstrained build operations Thread 40" [_thread_blocked, id=7500, stack(0x00000012cc000000,0x00000012cc100000)]
  0x000001a09f9e7670 JavaThread "Unconstrained build operations Thread 41" [_thread_blocked, id=12136, stack(0x00000012cc100000,0x00000012cc200000)]
  0x000001a09f9e7b80 JavaThread "Unconstrained build operations Thread 42" [_thread_blocked, id=11964, stack(0x00000012cc200000,0x00000012cc300000)]
  0x000001a09f9e43d0 JavaThread "Unconstrained build operations Thread 43" [_thread_blocked, id=2392, stack(0x00000012cc300000,0x00000012cc400000)]
  0x000001a09f9e8090 JavaThread "Unconstrained build operations Thread 44" [_thread_blocked, id=6016, stack(0x00000012cc400000,0x00000012cc500000)]
  0x000001a09f9e48e0 JavaThread "Unconstrained build operations Thread 45" [_thread_blocked, id=22896, stack(0x00000012cc500000,0x00000012cc600000)]
  0x000001a09f9e85a0 JavaThread "Unconstrained build operations Thread 46" [_thread_blocked, id=11240, stack(0x00000012cc600000,0x00000012cc700000)]
  0x000001a09f9e8ab0 JavaThread "Unconstrained build operations Thread 47" [_thread_blocked, id=22828, stack(0x00000012cc700000,0x00000012cc800000)]
  0x000001a09f9e8fc0 JavaThread "Unconstrained build operations Thread 48" [_thread_blocked, id=20372, stack(0x00000012cc800000,0x00000012cc900000)]
  0x000001a09f9e94d0 JavaThread "Unconstrained build operations Thread 49" [_thread_blocked, id=21348, stack(0x00000012cc900000,0x00000012cca00000)]
  0x000001a09f9e99e0 JavaThread "Unconstrained build operations Thread 50" [_thread_blocked, id=7808, stack(0x00000012cca00000,0x00000012ccb00000)]
  0x000001a09d9234b0 JavaThread "Unconstrained build operations Thread 51" [_thread_blocked, id=18720, stack(0x00000012ccb00000,0x00000012ccc00000)]
  0x000001a09d922a90 JavaThread "Unconstrained build operations Thread 52" [_thread_blocked, id=21468, stack(0x00000012ccc00000,0x00000012ccd00000)]
  0x000001a09d923ed0 JavaThread "Unconstrained build operations Thread 53" [_thread_blocked, id=19488, stack(0x00000012ccd00000,0x00000012cce00000)]
  0x000001a09d9243e0 JavaThread "Unconstrained build operations Thread 54" [_thread_blocked, id=25236, stack(0x00000012cce00000,0x00000012ccf00000)]
  0x000001a09d9248f0 JavaThread "Unconstrained build operations Thread 55" [_thread_blocked, id=6880, stack(0x00000012ccf00000,0x00000012cd000000)]
  0x000001a09d924e00 JavaThread "Unconstrained build operations Thread 56" [_thread_blocked, id=23708, stack(0x00000012cd000000,0x00000012cd100000)]
  0x000001a09d921650 JavaThread "Unconstrained build operations Thread 57" [_thread_blocked, id=3552, stack(0x00000012cd100000,0x00000012cd200000)]
  0x000001a09d925310 JavaThread "Unconstrained build operations Thread 58" [_thread_blocked, id=17480, stack(0x00000012cd200000,0x00000012cd300000)]
  0x000001a09d921b60 JavaThread "Unconstrained build operations Thread 59" [_thread_blocked, id=23536, stack(0x00000012cd300000,0x00000012cd400000)]
  0x000001a09d9239c0 JavaThread "Unconstrained build operations Thread 60" [_thread_blocked, id=8448, stack(0x00000012cd400000,0x00000012cd500000)]
  0x000001a09d922070 JavaThread "Unconstrained build operations Thread 61" [_thread_blocked, id=1980, stack(0x00000012cd500000,0x00000012cd600000)]
  0x000001a09d925820 JavaThread "Unconstrained build operations Thread 62" [_thread_blocked, id=23936, stack(0x00000012cd600000,0x00000012cd700000)]
  0x000001a09d922fa0 JavaThread "Unconstrained build operations Thread 63" [_thread_blocked, id=14980, stack(0x00000012cd700000,0x00000012cd800000)]
  0x000001a09d925d30 JavaThread "Unconstrained build operations Thread 64" [_thread_blocked, id=1540, stack(0x00000012cd800000,0x00000012cd900000)]
  0x000001a09d922580 JavaThread "Unconstrained build operations Thread 65" [_thread_blocked, id=22812, stack(0x00000012cd900000,0x00000012cda00000)]
  0x000001a09d927680 JavaThread "Unconstrained build operations Thread 66" [_thread_blocked, id=4816, stack(0x00000012cda00000,0x00000012cdb00000)]
  0x000001a09d927170 JavaThread "Unconstrained build operations Thread 67" [_thread_blocked, id=13204, stack(0x00000012cdb00000,0x00000012cdc00000)]
  0x000001a09d926240 JavaThread "Unconstrained build operations Thread 68" [_thread_blocked, id=24464, stack(0x00000012cdc00000,0x00000012cdd00000)]
  0x000001a09d927b90 JavaThread "Unconstrained build operations Thread 69" [_thread_blocked, id=7580, stack(0x00000012cdd00000,0x00000012cde00000)]
  0x000001a09d9280a0 JavaThread "Unconstrained build operations Thread 70" [_thread_blocked, id=6036, stack(0x00000012cde00000,0x00000012cdf00000)]
  0x000001a09d928ac0 JavaThread "Unconstrained build operations Thread 71" [_thread_blocked, id=23592, stack(0x00000012cdf00000,0x00000012ce000000)]
  0x000001a09d9285b0 JavaThread "Unconstrained build operations Thread 72" [_thread_blocked, id=12268, stack(0x00000012ce000000,0x00000012ce100000)]
  0x000001a09d928fd0 JavaThread "Unconstrained build operations Thread 73" [_thread_blocked, id=23680, stack(0x00000012ce100000,0x00000012ce200000)]
  0x000001a09d926750 JavaThread "Unconstrained build operations Thread 74" [_thread_blocked, id=9008, stack(0x00000012ce200000,0x00000012ce300000)]
  0x000001a09d926c60 JavaThread "Unconstrained build operations Thread 75" [_thread_blocked, id=21128, stack(0x00000012ce300000,0x00000012ce400000)]
  0x000001a0a04b4ec0 JavaThread "Unconstrained build operations Thread 76" [_thread_blocked, id=13572, stack(0x00000012ce400000,0x00000012ce500000)]
  0x000001a0a04b5df0 JavaThread "Unconstrained build operations Thread 77" [_thread_blocked, id=13160, stack(0x00000012ce500000,0x00000012ce600000)]
  0x000001a0a04b6300 JavaThread "jar transforms Thread 2" [_thread_blocked, id=17592, stack(0x00000012ce600000,0x00000012ce700000)]
  0x000001a0a04b6810 JavaThread "Exec process" [_thread_blocked, id=5712, stack(0x00000012ce700000,0x00000012ce800000)]
  0x000001a0a04b53d0 JavaThread "Exec process Thread 2" [_thread_blocked, id=11332, stack(0x00000012ce800000,0x00000012ce900000)]
  0x000001a0a04b7230 JavaThread "Exec process Thread 3" [_thread_blocked, id=13672, stack(0x00000012ce900000,0x00000012cea00000)]
  0x000001a0a04b49b0 JavaThread "jar transforms Thread 3" [_thread_blocked, id=8628, stack(0x00000012cea00000,0x00000012ceb00000)]
  0x000001a0a04b58e0 JavaThread "Unconstrained build operations Thread 78" [_thread_blocked, id=23164, stack(0x00000012ceb00000,0x00000012cec00000)]
  0x000001a0a04b3f90 JavaThread "Unconstrained build operations Thread 79" [_thread_blocked, id=24660, stack(0x00000012cec00000,0x00000012ced00000)]
  0x000001a0a04b7c50 JavaThread "Unconstrained build operations Thread 80" [_thread_blocked, id=18416, stack(0x00000012ced00000,0x00000012cee00000)]
  0x000001a0a04ba9e0 JavaThread "jar transforms Thread 4" [_thread_blocked, id=17452, stack(0x00000012cef00000,0x00000012cf000000)]
  0x000001a0a04b8160 JavaThread "jar transforms Thread 5" [_thread_blocked, id=3444, stack(0x00000012c7e00000,0x00000012c7f00000)]
  0x000001a0a04ba4d0 JavaThread "jar transforms Thread 6" [_thread_blocked, id=19536, stack(0x00000012cee00000,0x00000012cef00000)]
  0x000001a0a1286ed0 JavaThread "Problems report writer" [_thread_blocked, id=14616, stack(0x00000012cf200000,0x00000012cf300000)]
  0x000001a0a1288310 JavaThread "build event listener" [_thread_blocked, id=17112, stack(0x00000012cf300000,0x00000012cf400000)]
  0x000001a0a12869c0 JavaThread "jar transforms Thread 7" [_thread_blocked, id=16484, stack(0x00000012cf100000,0x00000012cf200000)]
  0x000001a0a1285a90 JavaThread "jar transforms Thread 8" [_thread_blocked, id=24368, stack(0x00000012cf400000,0x00000012cf500000)]
  0x000001a0a18ce9b0 JavaThread "Cache worker for execution history cache (C:\Users\Himanshu\Desktop\App\newApp\android\.gradle\8.13\executionHistory)" [_thread_blocked, id=2520, stack(0x00000012cf900000,0x00000012cfa00000)]
  0x000001a0a1287e00 JavaThread "WorkerExecutor Queue Thread 2" [_thread_blocked, id=25316, stack(0x00000012cfa00000,0x00000012cfb00000)]
  0x000001a0a16096c0 JavaThread "WorkerExecutor Queue Thread 3" [_thread_blocked, id=24092, stack(0x00000012cfe00000,0x00000012cff00000)]
  0x000001a0a1606930 JavaThread "WorkerExecutor Queue Thread 4" [_thread_blocked, id=16132, stack(0x00000012cff00000,0x00000012d0000000)]
  0x000001a0a16091b0 JavaThread "WorkerExecutor Queue Thread 6" [_thread_blocked, id=5312, stack(0x00000012d0100000,0x00000012d0200000)]
  0x000001a0a1609bd0 JavaThread "WorkerExecutor Queue Thread 7" [_thread_blocked, id=21560, stack(0x00000012d0200000,0x00000012d0300000)]
  0x000001a0a1605f10 JavaThread "WorkerExecutor Queue Thread 8" [_thread_blocked, id=10428, stack(0x00000012d0300000,0x00000012d0400000)]
  0x000001a0a160b010 JavaThread "WorkerExecutor Queue Thread 9" [_thread_blocked, id=25224, stack(0x00000012d0400000,0x00000012d0500000)]
  0x000001a0a1606420 JavaThread "Cache worker for Java compile cache (C:\Users\Himanshu\.gradle\caches\8.13\javaCompile)" [_thread_blocked, id=24548, stack(0x00000012d0000000,0x00000012d0100000)]
  0x000001a0a160ba30 JavaThread "Build operations" [_thread_blocked, id=8236, stack(0x00000012c4e00000,0x00000012c4f00000)]
  0x000001a0a1607350 JavaThread "Build operations Thread 2" [_thread_blocked, id=6644, stack(0x00000012c4f00000,0x00000012c5000000)]
  0x000001a0a160c960 JavaThread "Build operations Thread 3" [_thread_blocked, id=5428, stack(0x00000012d0500000,0x00000012d0600000)]
  0x000001a0a160bf40 JavaThread "Build operations Thread 4" [_thread_blocked, id=18060, stack(0x00000012d0600000,0x00000012d0700000)]
  0x000001a0a160d890 JavaThread "Build operations Thread 5" [_thread_blocked, id=20536, stack(0x00000012d0700000,0x00000012d0800000)]
  0x000001a0a160ce70 JavaThread "Build operations Thread 6" [_thread_blocked, id=5336, stack(0x00000012d0800000,0x00000012d0900000)]
  0x000001a0a160c450 JavaThread "Build operations Thread 7" [_thread_blocked, id=22324, stack(0x00000012d0900000,0x00000012d0a00000)]
  0x000001a09fe33cc0 JavaThread "WorkerExecutor Queue Thread 10" [_thread_blocked, id=10220, stack(0x00000012d0a00000,0x00000012d0b00000)]
  0x000001a0a160d380 JavaThread "pool-3-thread-1" [_thread_blocked, id=22428, stack(0x00000012d0b00000,0x00000012d0c00000)]
  0x000001a0a1606e40 JavaThread "stderr" [_thread_in_native, id=18284, stack(0x00000012d0c00000,0x00000012d0d00000)]
  0x000001a0a160ab00 JavaThread "stdout" [_thread_in_native, id=19320, stack(0x00000012d0d00000,0x00000012d0e00000)]
  0x000001a0a1205da0 JavaThread "C2 CompilerThread1" daemon [_thread_in_native, id=9964, stack(0x00000012cf000000,0x00000012cf100000)]
  0x000001a0a1390a30 JavaThread "ForkJoinPool-1-worker-1" daemon [_thread_blocked, id=8676, stack(0x00000012cf500000,0x00000012cf600000)]
  0x000001a0a1204db0 JavaThread "C2 CompilerThread2" daemon [_thread_in_native, id=6268, stack(0x00000012cfb00000,0x00000012cfc00000)]
  0x000001a0aba088b0 JavaThread "ForkJoinPool-1-worker-2" daemon [_thread_blocked, id=11476, stack(0x00000012d0f00000,0x00000012d1000000)]
  0x000001a0aba092d0 JavaThread "ForkJoinPool-1-worker-3" daemon [_thread_blocked, id=18064, stack(0x00000012d1000000,0x00000012d1100000)]
  0x000001a0a6967150 JavaThread "ForkJoinPool-1-worker-4" daemon [_thread_blocked, id=17504, stack(0x00000012d1100000,0x00000012d1200000)]
  0x000001a0a138fb00 JavaThread "ForkJoinPool-1-worker-5" daemon [_thread_blocked, id=8720, stack(0x00000012d1200000,0x00000012d1300000)]
  0x000001a0a98573d0 JavaThread "ForkJoinPool-1-worker-6" daemon [_thread_blocked, id=9676, stack(0x00000012d1300000,0x00000012d1400000)]
  0x000001a0a63cc420 JavaThread "ForkJoinPool-1-worker-7" daemon [_thread_blocked, id=17460, stack(0x00000012d1400000,0x00000012d1500000)]
  0x000001a0a98578e0 JavaThread "ForkJoinPool-1-worker-8" daemon [_thread_blocked, id=776, stack(0x00000012d1500000,0x00000012d1600000)]
  0x000001a0a6cbf430 JavaThread "Thread-146" [_thread_blocked, id=21300, stack(0x00000012d1600000,0x00000012d1700000)]

Other Threads:
=>0x000001a0fa774110 VMThread "VM Thread" [stack: 0x00000012c5700000,0x00000012c5800000] [id=23872]
  0x000001a0dc614660 WatcherThread [stack: 0x00000012c6400000,0x00000012c6500000] [id=7496]
  0x000001a0dc66ff70 GCTaskThread "GC Thread#0" [stack: 0x00000012c5200000,0x00000012c5300000] [id=21708]
  0x000001a0ff123f70 GCTaskThread "GC Thread#1" [stack: 0x00000012c6600000,0x00000012c6700000] [id=24340]
  0x000001a0ff124230 GCTaskThread "GC Thread#2" [stack: 0x00000012c6700000,0x00000012c6800000] [id=19880]
  0x000001a0ff273700 GCTaskThread "GC Thread#3" [stack: 0x00000012c6800000,0x00000012c6900000] [id=3068]
  0x000001a0ff2739c0 GCTaskThread "GC Thread#4" [stack: 0x00000012c6900000,0x00000012c6a00000] [id=5460]
  0x000001a0ff431170 GCTaskThread "GC Thread#5" [stack: 0x00000012c6a00000,0x00000012c6b00000] [id=4360]
  0x000001a09cb61e60 GCTaskThread "GC Thread#6" [stack: 0x00000012c7900000,0x00000012c7a00000] [id=15348]
  0x000001a09cb63460 GCTaskThread "GC Thread#7" [stack: 0x00000012c7a00000,0x00000012c7b00000] [id=23760]
  0x000001a0dc6817e0 ConcurrentGCThread "G1 Main Marker" [stack: 0x00000012c5300000,0x00000012c5400000] [id=22744]
  0x000001a0dc681fb0 ConcurrentGCThread "G1 Conc#0" [stack: 0x00000012c5400000,0x00000012c5500000] [id=24068]
  0x000001a09cb63720 ConcurrentGCThread "G1 Conc#1" [stack: 0x00000012c7b00000,0x00000012c7c00000] [id=3588]
  0x000001a0dc6bd040 ConcurrentGCThread "G1 Refine#0" [stack: 0x00000012c5500000,0x00000012c5600000] [id=11156]
  0x000001a0a8df7450 ConcurrentGCThread "G1 Refine#1" [stack: 0x00000012cfc00000,0x00000012cfd00000] [id=11608]
  0x000001a0a8df9a80 ConcurrentGCThread "G1 Refine#2" [stack: 0x00000012cfd00000,0x00000012cfe00000] [id=23440]
  0x000001a0aa87dda0 ConcurrentGCThread "G1 Refine#3" [stack: 0x00000012d0e00000,0x00000012d0f00000] [id=24592]
  0x000001a0dc6bd820 ConcurrentGCThread "G1 Service" [stack: 0x00000012c5600000,0x00000012c5700000] [id=4352]

Threads with active compile tasks:
C2 CompilerThread0    72920 34680       4       com.android.tools.r8.dex.n0$$Lambda$4544/0x000001a0827c8900::apply (15 bytes)
C2 CompilerThread1    72920 34662       4       com.android.tools.r8.dex.t0::a (57 bytes)
C2 CompilerThread2    72920 34674       4       com.android.tools.r8.dex.n0::b (37 bytes)

VM state: at safepoint (normal execution)

VM Mutex/Monitor currently owned by a thread:  ([mutex/lock_event])
[0x000001a0da285430] Threads_lock - owner thread: 0x000001a0fa774110
[0x000001a0dc60f850] Heap_lock - owner thread: 0x000001a09fe37470

Heap address: 0x0000000080000000, size: 2048 MB, Compressed Oops mode: 32-bit

CDS archive(s) mapped at: [0x000001a080000000-0x000001a080bb0000-0x000001a080bb0000), size 12255232, SharedBaseAddress: 0x000001a080000000, ArchiveRelocationMode: 1.
Compressed class space mapped at: 0x000001a081000000-0x000001a09b000000, reserved size: 436207616
Narrow klass base: 0x000001a080000000, Narrow klass shift: 0, Narrow klass range: 0x100000000

GC Precious Log:
 CPUs: 8 total, 8 available
 Memory: 16171M
 Large Page Support: Disabled
 NUMA Support: Disabled
 Compressed Oops: Enabled (32-bit)
 Heap Region Size: 1M
 Heap Min Capacity: 8M
 Heap Initial Capacity: 254M
 Heap Max Capacity: 2G
 Pre-touch: Disabled
 Parallel Workers: 8
 Concurrent Workers: 2
 Concurrent Refinement Workers: 8
 Periodic GC: Disabled

Heap:
 garbage-first heap   total 882688K, used 559407K [0x0000000080000000, 0x0000000100000000)
  region size 1024K, 14 young (14336K), 14 survivors (14336K)
 Metaspace       used 180893K, committed 182848K, reserved 622592K
  class space    used 24298K, committed 25216K, reserved 425984K

Heap Regions: E=young(eden), S=young(survivor), O=old, HS=humongous(starts), HC=humongous(continues), CS=collection set, F=free, OA=open archive, CA=closed archive, TAMS=top-at-mark-start (previous, next)
|   0|0x0000000080000000, 0x0000000080100000, 0x0000000080100000|100%|HS|  |TAMS 0x0000000080100000, 0x0000000080000000| Complete 
|   1|0x0000000080100000, 0x0000000080200000, 0x0000000080200000|100%|HC|  |TAMS 0x0000000080200000, 0x0000000080100000| Complete 
|   2|0x0000000080200000, 0x0000000080300000, 0x0000000080300000|100%|HC|  |TAMS 0x0000000080300000, 0x0000000080200000| Complete 
|   3|0x0000000080300000, 0x0000000080400000, 0x0000000080400000|100%| O|  |TAMS 0x0000000080400000, 0x0000000080300000| Untracked 
|   4|0x0000000080400000, 0x0000000080500000, 0x0000000080500000|100%| O|  |TAMS 0x0000000080500000, 0x0000000080400000| Untracked 
|   5|0x0000000080500000, 0x0000000080600000, 0x0000000080600000|100%| O|  |TAMS 0x0000000080600000, 0x0000000080500000| Untracked 
|   6|0x0000000080600000, 0x0000000080700000, 0x0000000080700000|100%|HS|  |TAMS 0x0000000080700000, 0x0000000080600000| Complete 
|   7|0x0000000080700000, 0x0000000080800000, 0x0000000080800000|100%| O|  |TAMS 0x0000000080800000, 0x0000000080700000| Untracked 
|   8|0x0000000080800000, 0x0000000080900000, 0x0000000080900000|100%| O|  |TAMS 0x0000000080900000, 0x0000000080800000| Untracked 
|   9|0x0000000080900000, 0x0000000080a00000, 0x0000000080a00000|100%| O|  |TAMS 0x0000000080a00000, 0x0000000080900000| Untracked 
|  10|0x0000000080a00000, 0x0000000080b00000, 0x0000000080b00000|100%| O|  |TAMS 0x0000000080b00000, 0x0000000080a00000| Untracked 
|  11|0x0000000080b00000, 0x0000000080c00000, 0x0000000080c00000|100%| O|  |TAMS 0x0000000080c00000, 0x0000000080b00000| Untracked 
|  12|0x0000000080c00000, 0x0000000080cdd800, 0x0000000080d00000| 86%| O|  |TAMS 0x0000000080cdd800, 0x0000000080c00000| Untracked 
|  13|0x0000000080d00000, 0x0000000080e00000, 0x0000000080e00000|100%| O|  |TAMS 0x0000000080e00000, 0x0000000080d00000| Untracked 
|  14|0x0000000080e00000, 0x0000000080f00000, 0x0000000080f00000|100%| O|  |TAMS 0x0000000080f00000, 0x0000000080e00000| Untracked 
|  15|0x0000000080f00000, 0x0000000081000000, 0x0000000081000000|100%| O|  |TAMS 0x0000000081000000, 0x0000000080f00000| Untracked 
|  16|0x0000000081000000, 0x0000000081100000, 0x0000000081100000|100%| O|  |TAMS 0x0000000081100000, 0x0000000081000000| Untracked 
|  17|0x0000000081100000, 0x0000000081200000, 0x0000000081200000|100%| O|  |TAMS 0x0000000081200000, 0x0000000081100000| Untracked 
|  18|0x0000000081200000, 0x0000000081300000, 0x0000000081300000|100%| O|  |TAMS 0x0000000081300000, 0x0000000081200000| Untracked 
|  19|0x0000000081300000, 0x0000000081400000, 0x0000000081400000|100%| O|  |TAMS 0x0000000081400000, 0x0000000081300000| Untracked 
|  20|0x0000000081400000, 0x0000000081500000, 0x0000000081500000|100%| O|  |TAMS 0x0000000081500000, 0x0000000081400000| Untracked 
|  21|0x0000000081500000, 0x0000000081600000, 0x0000000081600000|100%| O|  |TAMS 0x0000000081600000, 0x0000000081500000| Untracked 
|  22|0x0000000081600000, 0x0000000081700000, 0x0000000081700000|100%| O|  |TAMS 0x0000000081700000, 0x0000000081600000| Untracked 
|  23|0x0000000081700000, 0x0000000081800000, 0x0000000081800000|100%| O|  |TAMS 0x0000000081800000, 0x0000000081700000| Untracked 
|  24|0x0000000081800000, 0x0000000081900000, 0x0000000081900000|100%| O|  |TAMS 0x0000000081900000, 0x0000000081800000| Untracked 
|  25|0x0000000081900000, 0x0000000081a00000, 0x0000000081a00000|100%| O|  |TAMS 0x0000000081a00000, 0x0000000081900000| Untracked 
|  26|0x0000000081a00000, 0x0000000081b00000, 0x0000000081b00000|100%| O|  |TAMS 0x0000000081b00000, 0x0000000081a00000| Untracked 
|  27|0x0000000081b00000, 0x0000000081c00000, 0x0000000081c00000|100%| O|  |TAMS 0x0000000081c00000, 0x0000000081b00000| Untracked 
|  28|0x0000000081c00000, 0x0000000081d00000, 0x0000000081d00000|100%| O|  |TAMS 0x0000000081d00000, 0x0000000081c00000| Untracked 
|  29|0x0000000081d00000, 0x0000000081e00000, 0x0000000081e00000|100%| O|  |TAMS 0x0000000081e00000, 0x0000000081d00000| Untracked 
|  30|0x0000000081e00000, 0x0000000081f00000, 0x0000000081f00000|100%| O|  |TAMS 0x0000000081f00000, 0x0000000081e00000| Untracked 
|  31|0x0000000081f00000, 0x0000000082000000, 0x0000000082000000|100%| O|  |TAMS 0x0000000082000000, 0x0000000081f00000| Untracked 
|  32|0x0000000082000000, 0x0000000082100000, 0x0000000082100000|100%| O|  |TAMS 0x0000000082100000, 0x0000000082000000| Untracked 
|  33|0x0000000082100000, 0x0000000082200000, 0x0000000082200000|100%| O|  |TAMS 0x0000000082200000, 0x0000000082100000| Untracked 
|  34|0x0000000082200000, 0x0000000082300000, 0x0000000082300000|100%| O|  |TAMS 0x0000000082300000, 0x0000000082200000| Untracked 
|  35|0x0000000082300000, 0x0000000082400000, 0x0000000082400000|100%| O|  |TAMS 0x0000000082400000, 0x0000000082300000| Untracked 
|  36|0x0000000082400000, 0x0000000082500000, 0x0000000082500000|100%| O|  |TAMS 0x0000000082500000, 0x0000000082400000| Untracked 
|  37|0x0000000082500000, 0x0000000082600000, 0x0000000082600000|100%| O|  |TAMS 0x0000000082600000, 0x0000000082500000| Untracked 
|  38|0x0000000082600000, 0x0000000082700000, 0x0000000082700000|100%| O|  |TAMS 0x0000000082700000, 0x0000000082600000| Untracked 
|  39|0x0000000082700000, 0x0000000082800000, 0x0000000082800000|100%| O|  |TAMS 0x0000000082800000, 0x0000000082700000| Untracked 
|  40|0x0000000082800000, 0x0000000082900000, 0x0000000082900000|100%| O|  |TAMS 0x0000000082900000, 0x0000000082800000| Untracked 
|  41|0x0000000082900000, 0x0000000082a00000, 0x0000000082a00000|100%| O|  |TAMS 0x0000000082a00000, 0x0000000082900000| Untracked 
|  42|0x0000000082a00000, 0x0000000082b00000, 0x0000000082b00000|100%|HS|  |TAMS 0x0000000082b00000, 0x0000000082a00000| Complete 
|  43|0x0000000082b00000, 0x0000000082c00000, 0x0000000082c00000|100%|HC|  |TAMS 0x0000000082c00000, 0x0000000082b00000| Complete 
|  44|0x0000000082c00000, 0x0000000082d00000, 0x0000000082d00000|100%|HS|  |TAMS 0x0000000082d00000, 0x0000000082c00000| Complete 
|  45|0x0000000082d00000, 0x0000000082e00000, 0x0000000082e00000|100%|HC|  |TAMS 0x0000000082e00000, 0x0000000082d00000| Complete 
|  46|0x0000000082e00000, 0x0000000082f00000, 0x0000000082f00000|100%|HC|  |TAMS 0x0000000082f00000, 0x0000000082e00000| Complete 
|  47|0x0000000082f00000, 0x0000000083000000, 0x0000000083000000|100%|HS|  |TAMS 0x0000000083000000, 0x0000000082f00000| Complete 
|  48|0x0000000083000000, 0x0000000083100000, 0x0000000083100000|100%|HC|  |TAMS 0x0000000083100000, 0x0000000083000000| Complete 
|  49|0x0000000083100000, 0x0000000083200000, 0x0000000083200000|100%| O|  |TAMS 0x0000000083200000, 0x0000000083100000| Untracked 
|  50|0x0000000083200000, 0x0000000083300000, 0x0000000083300000|100%| O|  |TAMS 0x0000000083300000, 0x0000000083200000| Untracked 
|  51|0x0000000083300000, 0x0000000083400000, 0x0000000083400000|100%| O|  |TAMS 0x0000000083400000, 0x0000000083300000| Untracked 
|  52|0x0000000083400000, 0x0000000083500000, 0x0000000083500000|100%| O|  |TAMS 0x0000000083500000, 0x0000000083400000| Untracked 
|  53|0x0000000083500000, 0x0000000083600000, 0x0000000083600000|100%| O|  |TAMS 0x0000000083600000, 0x0000000083500000| Untracked 
|  54|0x0000000083600000, 0x0000000083700000, 0x0000000083700000|100%| O|  |TAMS 0x0000000083700000, 0x0000000083600000| Untracked 
|  55|0x0000000083700000, 0x0000000083800000, 0x0000000083800000|100%| O|  |TAMS 0x0000000083800000, 0x0000000083700000| Untracked 
|  56|0x0000000083800000, 0x0000000083900000, 0x0000000083900000|100%| O|  |TAMS 0x0000000083900000, 0x0000000083800000| Untracked 
|  57|0x0000000083900000, 0x0000000083a00000, 0x0000000083a00000|100%|HS|  |TAMS 0x0000000083a00000, 0x0000000083900000| Complete 
|  58|0x0000000083a00000, 0x0000000083b00000, 0x0000000083b00000|100%|HC|  |TAMS 0x0000000083b00000, 0x0000000083a00000| Complete 
|  59|0x0000000083b00000, 0x0000000083c00000, 0x0000000083c00000|100%|HC|  |TAMS 0x0000000083c00000, 0x0000000083b00000| Complete 
|  60|0x0000000083c00000, 0x0000000083d00000, 0x0000000083d00000|100%| O|  |TAMS 0x0000000083d00000, 0x0000000083c00000| Untracked 
|  61|0x0000000083d00000, 0x0000000083e00000, 0x0000000083e00000|100%| O|  |TAMS 0x0000000083e00000, 0x0000000083d00000| Untracked 
|  62|0x0000000083e00000, 0x0000000083f00000, 0x0000000083f00000|100%| O|  |TAMS 0x0000000083f00000, 0x0000000083e00000| Untracked 
|  63|0x0000000083f00000, 0x0000000084000000, 0x0000000084000000|100%| O|  |TAMS 0x0000000084000000, 0x0000000083f00000| Untracked 
|  64|0x0000000084000000, 0x0000000084100000, 0x0000000084100000|100%| O|  |TAMS 0x0000000084100000, 0x0000000084000000| Untracked 
|  65|0x0000000084100000, 0x0000000084200000, 0x0000000084200000|100%| O|  |TAMS 0x0000000084200000, 0x0000000084100000| Untracked 
|  66|0x0000000084200000, 0x0000000084300000, 0x0000000084300000|100%| O|  |TAMS 0x0000000084300000, 0x0000000084200000| Untracked 
|  67|0x0000000084300000, 0x0000000084400000, 0x0000000084400000|100%| O|  |TAMS 0x0000000084400000, 0x0000000084300000| Untracked 
|  68|0x0000000084400000, 0x0000000084500000, 0x0000000084500000|100%| O|  |TAMS 0x0000000084500000, 0x0000000084400000| Untracked 
|  69|0x0000000084500000, 0x0000000084600000, 0x0000000084600000|100%| O|  |TAMS 0x0000000084600000, 0x0000000084500000| Untracked 
|  70|0x0000000084600000, 0x0000000084700000, 0x0000000084700000|100%| O|  |TAMS 0x0000000084700000, 0x0000000084600000| Untracked 
|  71|0x0000000084700000, 0x0000000084800000, 0x0000000084800000|100%| O|  |TAMS 0x0000000084800000, 0x0000000084700000| Untracked 
|  72|0x0000000084800000, 0x0000000084900000, 0x0000000084900000|100%| O|  |TAMS 0x0000000084900000, 0x0000000084800000| Untracked 
|  73|0x0000000084900000, 0x0000000084a00000, 0x0000000084a00000|100%|HS|  |TAMS 0x0000000084a00000, 0x0000000084900000| Complete 
|  74|0x0000000084a00000, 0x0000000084b00000, 0x0000000084b00000|100%|HS|  |TAMS 0x0000000084b00000, 0x0000000084a00000| Complete 
|  75|0x0000000084b00000, 0x0000000084c00000, 0x0000000084c00000|100%|HS|  |TAMS 0x0000000084c00000, 0x0000000084b00000| Complete 
|  76|0x0000000084c00000, 0x0000000084d00000, 0x0000000084d00000|100%|HS|  |TAMS 0x0000000084d00000, 0x0000000084c00000| Complete 
|  77|0x0000000084d00000, 0x0000000084e00000, 0x0000000084e00000|100%|HS|  |TAMS 0x0000000084e00000, 0x0000000084d00000| Complete 
|  78|0x0000000084e00000, 0x0000000084f00000, 0x0000000084f00000|100%|HS|  |TAMS 0x0000000084f00000, 0x0000000084e00000| Complete 
|  79|0x0000000084f00000, 0x0000000085000000, 0x0000000085000000|100%| O|  |TAMS 0x0000000085000000, 0x0000000084f00000| Untracked 
|  80|0x0000000085000000, 0x0000000085100000, 0x0000000085100000|100%| O|  |TAMS 0x0000000085100000, 0x0000000085000000| Untracked 
|  81|0x0000000085100000, 0x0000000085200000, 0x0000000085200000|100%| O|  |TAMS 0x0000000085200000, 0x0000000085100000| Untracked 
|  82|0x0000000085200000, 0x0000000085300000, 0x0000000085300000|100%| O|  |TAMS 0x0000000085300000, 0x0000000085200000| Untracked 
|  83|0x0000000085300000, 0x0000000085400000, 0x0000000085400000|100%| O|  |TAMS 0x0000000085400000, 0x0000000085300000| Untracked 
|  84|0x0000000085400000, 0x0000000085500000, 0x0000000085500000|100%| O|  |TAMS 0x0000000085500000, 0x0000000085400000| Untracked 
|  85|0x0000000085500000, 0x0000000085600000, 0x0000000085600000|100%|HS|  |TAMS 0x0000000085600000, 0x0000000085500000| Complete 
|  86|0x0000000085600000, 0x0000000085700000, 0x0000000085700000|100%|HC|  |TAMS 0x0000000085700000, 0x0000000085600000| Complete 
|  87|0x0000000085700000, 0x0000000085800000, 0x0000000085800000|100%| O|  |TAMS 0x0000000085800000, 0x0000000085700000| Untracked 
|  88|0x0000000085800000, 0x0000000085900000, 0x0000000085900000|100%| O|  |TAMS 0x0000000085900000, 0x0000000085800000| Untracked 
|  89|0x0000000085900000, 0x0000000085a00000, 0x0000000085a00000|100%|HS|  |TAMS 0x0000000085a00000, 0x0000000085900000| Complete 
|  90|0x0000000085a00000, 0x0000000085b00000, 0x0000000085b00000|100%| O|  |TAMS 0x0000000085b00000, 0x0000000085a00000| Untracked 
|  91|0x0000000085b00000, 0x0000000085c00000, 0x0000000085c00000|100%|HS|  |TAMS 0x0000000085b00000, 0x0000000085b00000| Complete 
|  92|0x0000000085c00000, 0x0000000085d00000, 0x0000000085d00000|100%| O|  |TAMS 0x0000000085d00000, 0x0000000085c00000| Untracked 
|  93|0x0000000085d00000, 0x0000000085e00000, 0x0000000085e00000|100%| O|  |TAMS 0x0000000085e00000, 0x0000000085d00000| Untracked 
|  94|0x0000000085e00000, 0x0000000085f00000, 0x0000000085f00000|100%| O|  |TAMS 0x0000000085f00000, 0x0000000085e00000| Untracked 
|  95|0x0000000085f00000, 0x0000000086000000, 0x0000000086000000|100%| O|  |TAMS 0x0000000086000000, 0x0000000085f00000| Untracked 
|  96|0x0000000086000000, 0x0000000086100000, 0x0000000086100000|100%| O|  |TAMS 0x0000000086100000, 0x0000000086000000| Untracked 
|  97|0x0000000086100000, 0x0000000086200000, 0x0000000086200000|100%| O|  |TAMS 0x0000000086200000, 0x0000000086100000| Untracked 
|  98|0x0000000086200000, 0x0000000086300000, 0x0000000086300000|100%| O|  |TAMS 0x0000000086300000, 0x0000000086200000| Untracked 
|  99|0x0000000086300000, 0x0000000086400000, 0x0000000086400000|100%| O|  |TAMS 0x0000000086400000, 0x0000000086300000| Untracked 
| 100|0x0000000086400000, 0x0000000086500000, 0x0000000086500000|100%| O|  |TAMS 0x0000000086500000, 0x0000000086400000| Untracked 
| 101|0x0000000086500000, 0x0000000086600000, 0x0000000086600000|100%| O|  |TAMS 0x0000000086600000, 0x0000000086500000| Untracked 
| 102|0x0000000086600000, 0x0000000086700000, 0x0000000086700000|100%| O|  |TAMS 0x0000000086700000, 0x0000000086600000| Untracked 
| 103|0x0000000086700000, 0x0000000086800000, 0x0000000086800000|100%| O|  |TAMS 0x0000000086800000, 0x0000000086700000| Untracked 
| 104|0x0000000086800000, 0x0000000086900000, 0x0000000086900000|100%| O|  |TAMS 0x0000000086900000, 0x0000000086800000| Untracked 
| 105|0x0000000086900000, 0x0000000086a00000, 0x0000000086a00000|100%| O|  |TAMS 0x0000000086a00000, 0x0000000086900000| Untracked 
| 106|0x0000000086a00000, 0x0000000086b00000, 0x0000000086b00000|100%| O|  |TAMS 0x0000000086b00000, 0x0000000086a00000| Untracked 
| 107|0x0000000086b00000, 0x0000000086c00000, 0x0000000086c00000|100%| O|  |TAMS 0x0000000086c00000, 0x0000000086b00000| Untracked 
| 108|0x0000000086c00000, 0x0000000086d00000, 0x0000000086d00000|100%| O|  |TAMS 0x0000000086d00000, 0x0000000086c00000| Untracked 
| 109|0x0000000086d00000, 0x0000000086e00000, 0x0000000086e00000|100%| O|  |TAMS 0x0000000086e00000, 0x0000000086d00000| Untracked 
| 110|0x0000000086e00000, 0x0000000086f00000, 0x0000000086f00000|100%| O|  |TAMS 0x0000000086f00000, 0x0000000086e00000| Untracked 
| 111|0x0000000086f00000, 0x0000000087000000, 0x0000000087000000|100%| O|  |TAMS 0x0000000087000000, 0x0000000086f00000| Untracked 
| 112|0x0000000087000000, 0x0000000087100000, 0x0000000087100000|100%| O|  |TAMS 0x0000000087100000, 0x0000000087000000| Untracked 
| 113|0x0000000087100000, 0x0000000087200000, 0x0000000087200000|100%| O|  |TAMS 0x0000000087200000, 0x0000000087100000| Untracked 
| 114|0x0000000087200000, 0x0000000087300000, 0x0000000087300000|100%| O|  |TAMS 0x0000000087300000, 0x0000000087200000| Untracked 
| 115|0x0000000087300000, 0x0000000087400000, 0x0000000087400000|100%|HS|  |TAMS 0x0000000087400000, 0x0000000087300000| Complete 
| 116|0x0000000087400000, 0x0000000087500000, 0x0000000087500000|100%|HS|  |TAMS 0x0000000087500000, 0x0000000087400000| Complete 
| 117|0x0000000087500000, 0x0000000087600000, 0x0000000087600000|100%|HC|  |TAMS 0x0000000087600000, 0x0000000087500000| Complete 
| 118|0x0000000087600000, 0x0000000087700000, 0x0000000087700000|100%| O|  |TAMS 0x0000000087700000, 0x0000000087600000| Untracked 
| 119|0x0000000087700000, 0x0000000087800000, 0x0000000087800000|100%| O|  |TAMS 0x0000000087800000, 0x0000000087700000| Untracked 
| 120|0x0000000087800000, 0x0000000087900000, 0x0000000087900000|100%| O|  |TAMS 0x0000000087900000, 0x0000000087800000| Untracked 
| 121|0x0000000087900000, 0x0000000087a00000, 0x0000000087a00000|100%| O|  |TAMS 0x0000000087a00000, 0x0000000087900000| Untracked 
| 122|0x0000000087a00000, 0x0000000087b00000, 0x0000000087b00000|100%| O|  |TAMS 0x0000000087b00000, 0x0000000087a00000| Untracked 
| 123|0x0000000087b00000, 0x0000000087c00000, 0x0000000087c00000|100%| O|  |TAMS 0x0000000087c00000, 0x0000000087b00000| Untracked 
| 124|0x0000000087c00000, 0x0000000087d00000, 0x0000000087d00000|100%| O|  |TAMS 0x0000000087d00000, 0x0000000087c00000| Untracked 
| 125|0x0000000087d00000, 0x0000000087e00000, 0x0000000087e00000|100%| O|  |TAMS 0x0000000087e00000, 0x0000000087d00000| Untracked 
| 126|0x0000000087e00000, 0x0000000087f00000, 0x0000000087f00000|100%| O|  |TAMS 0x0000000087f00000, 0x0000000087e00000| Untracked 
| 127|0x0000000087f00000, 0x0000000088000000, 0x0000000088000000|100%| O|  |TAMS 0x0000000088000000, 0x0000000087f00000| Untracked 
| 128|0x0000000088000000, 0x0000000088100000, 0x0000000088100000|100%| O|  |TAMS 0x0000000088100000, 0x0000000088000000| Untracked 
| 129|0x0000000088100000, 0x0000000088200000, 0x0000000088200000|100%| O|  |TAMS 0x0000000088200000, 0x0000000088100000| Untracked 
| 130|0x0000000088200000, 0x0000000088300000, 0x0000000088300000|100%|HS|  |TAMS 0x0000000088300000, 0x0000000088200000| Complete 
| 131|0x0000000088300000, 0x0000000088400000, 0x0000000088400000|100%|HS|  |TAMS 0x0000000088400000, 0x0000000088300000| Complete 
| 132|0x0000000088400000, 0x0000000088500000, 0x0000000088500000|100%| O|  |TAMS 0x0000000088500000, 0x0000000088400000| Untracked 
| 133|0x0000000088500000, 0x0000000088600000, 0x0000000088600000|100%| O|  |TAMS 0x0000000088600000, 0x0000000088500000| Untracked 
| 134|0x0000000088600000, 0x0000000088700000, 0x0000000088700000|100%| O|  |TAMS 0x0000000088700000, 0x0000000088600000| Untracked 
| 135|0x0000000088700000, 0x0000000088800000, 0x0000000088800000|100%| O|  |TAMS 0x0000000088800000, 0x0000000088700000| Untracked 
| 136|0x0000000088800000, 0x0000000088900000, 0x0000000088900000|100%| O|  |TAMS 0x0000000088900000, 0x0000000088800000| Untracked 
| 137|0x0000000088900000, 0x0000000088a00000, 0x0000000088a00000|100%| O|  |TAMS 0x0000000088a00000, 0x0000000088900000| Untracked 
| 138|0x0000000088a00000, 0x0000000088b00000, 0x0000000088b00000|100%| O|  |TAMS 0x0000000088b00000, 0x0000000088a00000| Untracked 
| 139|0x0000000088b00000, 0x0000000088c00000, 0x0000000088c00000|100%| O|  |TAMS 0x0000000088c00000, 0x0000000088b00000| Untracked 
| 140|0x0000000088c00000, 0x0000000088d00000, 0x0000000088d00000|100%| O|  |TAMS 0x0000000088d00000, 0x0000000088c00000| Untracked 
| 141|0x0000000088d00000, 0x0000000088e00000, 0x0000000088e00000|100%| O|  |TAMS 0x0000000088e00000, 0x0000000088d00000| Untracked 
| 142|0x0000000088e00000, 0x0000000088f00000, 0x0000000088f00000|100%| O|  |TAMS 0x0000000088f00000, 0x0000000088e00000| Untracked 
| 143|0x0000000088f00000, 0x0000000089000000, 0x0000000089000000|100%| O|  |TAMS 0x0000000089000000, 0x0000000088f00000| Untracked 
| 144|0x0000000089000000, 0x0000000089100000, 0x0000000089100000|100%| O|  |TAMS 0x0000000089100000, 0x0000000089000000| Untracked 
| 145|0x0000000089100000, 0x0000000089200000, 0x0000000089200000|100%| O|  |TAMS 0x0000000089200000, 0x0000000089100000| Untracked 
| 146|0x0000000089200000, 0x0000000089300000, 0x0000000089300000|100%|HS|  |TAMS 0x0000000089300000, 0x0000000089200000| Complete 
| 147|0x0000000089300000, 0x0000000089400000, 0x0000000089400000|100%|HS|  |TAMS 0x0000000089400000, 0x0000000089300000| Complete 
| 148|0x0000000089400000, 0x0000000089500000, 0x0000000089500000|100%|HS|  |TAMS 0x0000000089500000, 0x0000000089400000| Complete 
| 149|0x0000000089500000, 0x0000000089600000, 0x0000000089600000|100%|HC|  |TAMS 0x0000000089600000, 0x0000000089500000| Complete 
| 150|0x0000000089600000, 0x0000000089700000, 0x0000000089700000|100%| O|  |TAMS 0x0000000089700000, 0x0000000089600000| Untracked 
| 151|0x0000000089700000, 0x0000000089800000, 0x0000000089800000|100%| O|  |TAMS 0x0000000089800000, 0x0000000089700000| Untracked 
| 152|0x0000000089800000, 0x0000000089900000, 0x0000000089900000|100%| O|  |TAMS 0x0000000089900000, 0x0000000089800000| Untracked 
| 153|0x0000000089900000, 0x0000000089a00000, 0x0000000089a00000|100%| O|  |TAMS 0x0000000089a00000, 0x0000000089900000| Untracked 
| 154|0x0000000089a00000, 0x0000000089b00000, 0x0000000089b00000|100%| O|  |TAMS 0x0000000089b00000, 0x0000000089a00000| Untracked 
| 155|0x0000000089b00000, 0x0000000089c00000, 0x0000000089c00000|100%| O|  |TAMS 0x0000000089c00000, 0x0000000089b00000| Untracked 
| 156|0x0000000089c00000, 0x0000000089d00000, 0x0000000089d00000|100%| O|  |TAMS 0x0000000089d00000, 0x0000000089c00000| Untracked 
| 157|0x0000000089d00000, 0x0000000089e00000, 0x0000000089e00000|100%| O|  |TAMS 0x0000000089e00000, 0x0000000089d00000| Untracked 
| 158|0x0000000089e00000, 0x0000000089f00000, 0x0000000089f00000|100%|HS|  |TAMS 0x0000000089e00000, 0x0000000089e00000| Complete 
| 159|0x0000000089f00000, 0x000000008a000000, 0x000000008a000000|100%| O|  |TAMS 0x000000008a000000, 0x0000000089f00000| Untracked 
| 160|0x000000008a000000, 0x000000008a100000, 0x000000008a100000|100%| O|  |TAMS 0x000000008a100000, 0x000000008a000000| Untracked 
| 161|0x000000008a100000, 0x000000008a200000, 0x000000008a200000|100%| O|  |TAMS 0x000000008a200000, 0x000000008a100000| Untracked 
| 162|0x000000008a200000, 0x000000008a300000, 0x000000008a300000|100%| O|  |TAMS 0x000000008a300000, 0x000000008a200000| Untracked 
| 163|0x000000008a300000, 0x000000008a400000, 0x000000008a400000|100%| O|  |TAMS 0x000000008a400000, 0x000000008a300000| Untracked 
| 164|0x000000008a400000, 0x000000008a500000, 0x000000008a500000|100%| O|  |TAMS 0x000000008a500000, 0x000000008a400000| Untracked 
| 165|0x000000008a500000, 0x000000008a600000, 0x000000008a600000|100%| O|  |TAMS 0x000000008a600000, 0x000000008a500000| Untracked 
| 166|0x000000008a600000, 0x000000008a700000, 0x000000008a700000|100%| O|  |TAMS 0x000000008a700000, 0x000000008a600000| Untracked 
| 167|0x000000008a700000, 0x000000008a800000, 0x000000008a800000|100%| O|  |TAMS 0x000000008a800000, 0x000000008a700000| Untracked 
| 168|0x000000008a800000, 0x000000008a900000, 0x000000008a900000|100%| O|  |TAMS 0x000000008a900000, 0x000000008a800000| Untracked 
| 169|0x000000008a900000, 0x000000008aa00000, 0x000000008aa00000|100%| O|  |TAMS 0x000000008aa00000, 0x000000008a900000| Untracked 
| 170|0x000000008aa00000, 0x000000008ab00000, 0x000000008ab00000|100%| O|  |TAMS 0x000000008ab00000, 0x000000008aa00000| Untracked 
| 171|0x000000008ab00000, 0x000000008ac00000, 0x000000008ac00000|100%| O|  |TAMS 0x000000008ac00000, 0x000000008ab00000| Untracked 
| 172|0x000000008ac00000, 0x000000008ad00000, 0x000000008ad00000|100%| O|  |TAMS 0x000000008ad00000, 0x000000008ac00000| Untracked 
| 173|0x000000008ad00000, 0x000000008ae00000, 0x000000008ae00000|100%| O|  |TAMS 0x000000008ae00000, 0x000000008ad00000| Untracked 
| 174|0x000000008ae00000, 0x000000008af00000, 0x000000008af00000|100%| O|  |TAMS 0x000000008af00000, 0x000000008ae00000| Untracked 
| 175|0x000000008af00000, 0x000000008b000000, 0x000000008b000000|100%| O|  |TAMS 0x000000008b000000, 0x000000008af00000| Untracked 
| 176|0x000000008b000000, 0x000000008b100000, 0x000000008b100000|100%| O|  |TAMS 0x000000008b100000, 0x000000008b000000| Untracked 
| 177|0x000000008b100000, 0x000000008b200000, 0x000000008b200000|100%|HS|  |TAMS 0x000000008b200000, 0x000000008b100000| Complete 
| 178|0x000000008b200000, 0x000000008b300000, 0x000000008b300000|100%| O|  |TAMS 0x000000008b300000, 0x000000008b200000| Untracked 
| 179|0x000000008b300000, 0x000000008b400000, 0x000000008b400000|100%| O|  |TAMS 0x000000008b400000, 0x000000008b300000| Untracked 
| 180|0x000000008b400000, 0x000000008b500000, 0x000000008b500000|100%| O|  |TAMS 0x000000008b500000, 0x000000008b400000| Untracked 
| 181|0x000000008b500000, 0x000000008b600000, 0x000000008b600000|100%| O|  |TAMS 0x000000008b600000, 0x000000008b500000| Untracked 
| 182|0x000000008b600000, 0x000000008b700000, 0x000000008b700000|100%|HS|  |TAMS 0x000000008b700000, 0x000000008b600000| Complete 
| 183|0x000000008b700000, 0x000000008b800000, 0x000000008b800000|100%|HS|  |TAMS 0x000000008b800000, 0x000000008b700000| Complete 
| 184|0x000000008b800000, 0x000000008b900000, 0x000000008b900000|100%| O|  |TAMS 0x000000008b900000, 0x000000008b800000| Untracked 
| 185|0x000000008b900000, 0x000000008ba00000, 0x000000008ba00000|100%| O|  |TAMS 0x000000008ba00000, 0x000000008b900000| Untracked 
| 186|0x000000008ba00000, 0x000000008bb00000, 0x000000008bb00000|100%| O|  |TAMS 0x000000008bb00000, 0x000000008ba00000| Untracked 
| 187|0x000000008bb00000, 0x000000008bc00000, 0x000000008bc00000|100%| O|  |TAMS 0x000000008bc00000, 0x000000008bb00000| Untracked 
| 188|0x000000008bc00000, 0x000000008bd00000, 0x000000008bd00000|100%| O|  |TAMS 0x000000008bd00000, 0x000000008bc00000| Untracked 
| 189|0x000000008bd00000, 0x000000008be00000, 0x000000008be00000|100%| O|  |TAMS 0x000000008be00000, 0x000000008bd00000| Untracked 
| 190|0x000000008be00000, 0x000000008bf00000, 0x000000008bf00000|100%| O|  |TAMS 0x000000008bf00000, 0x000000008be00000| Untracked 
| 191|0x000000008bf00000, 0x000000008c000000, 0x000000008c000000|100%| O|  |TAMS 0x000000008c000000, 0x000000008bf00000| Untracked 
| 192|0x000000008c000000, 0x000000008c100000, 0x000000008c100000|100%| O|  |TAMS 0x000000008c100000, 0x000000008c000000| Untracked 
| 193|0x000000008c100000, 0x000000008c200000, 0x000000008c200000|100%| O|  |TAMS 0x000000008c200000, 0x000000008c100000| Untracked 
| 194|0x000000008c200000, 0x000000008c300000, 0x000000008c300000|100%| O|  |TAMS 0x000000008c300000, 0x000000008c200000| Untracked 
| 195|0x000000008c300000, 0x000000008c400000, 0x000000008c400000|100%| O|  |TAMS 0x000000008c400000, 0x000000008c300000| Untracked 
| 196|0x000000008c400000, 0x000000008c500000, 0x000000008c500000|100%| O|  |TAMS 0x000000008c500000, 0x000000008c400000| Untracked 
| 197|0x000000008c500000, 0x000000008c600000, 0x000000008c600000|100%| O|  |TAMS 0x000000008c600000, 0x000000008c500000| Untracked 
| 198|0x000000008c600000, 0x000000008c700000, 0x000000008c700000|100%| O|  |TAMS 0x000000008c700000, 0x000000008c600000| Untracked 
| 199|0x000000008c700000, 0x000000008c800000, 0x000000008c800000|100%| O|  |TAMS 0x000000008c800000, 0x000000008c700000| Untracked 
| 200|0x000000008c800000, 0x000000008c900000, 0x000000008c900000|100%| O|  |TAMS 0x000000008c900000, 0x000000008c800000| Untracked 
| 201|0x000000008c900000, 0x000000008ca00000, 0x000000008ca00000|100%| O|  |TAMS 0x000000008ca00000, 0x000000008c900000| Untracked 
| 202|0x000000008ca00000, 0x000000008cb00000, 0x000000008cb00000|100%| O|  |TAMS 0x000000008cb00000, 0x000000008ca00000| Untracked 
| 203|0x000000008cb00000, 0x000000008cc00000, 0x000000008cc00000|100%| O|  |TAMS 0x000000008cc00000, 0x000000008cb00000| Untracked 
| 204|0x000000008cc00000, 0x000000008cd00000, 0x000000008cd00000|100%| O|  |TAMS 0x000000008cd00000, 0x000000008cc00000| Untracked 
| 205|0x000000008cd00000, 0x000000008ce00000, 0x000000008ce00000|100%| O|  |TAMS 0x000000008ce00000, 0x000000008cd00000| Untracked 
| 206|0x000000008ce00000, 0x000000008cf00000, 0x000000008cf00000|100%| O|  |TAMS 0x000000008cf00000, 0x000000008ce00000| Untracked 
| 207|0x000000008cf00000, 0x000000008d000000, 0x000000008d000000|100%| O|  |TAMS 0x000000008d000000, 0x000000008cf00000| Untracked 
| 208|0x000000008d000000, 0x000000008d100000, 0x000000008d100000|100%| O|  |TAMS 0x000000008d100000, 0x000000008d000000| Untracked 
| 209|0x000000008d100000, 0x000000008d200000, 0x000000008d200000|100%| O|  |TAMS 0x000000008d200000, 0x000000008d100000| Untracked 
| 210|0x000000008d200000, 0x000000008d300000, 0x000000008d300000|100%| O|  |TAMS 0x000000008d300000, 0x000000008d200000| Untracked 
| 211|0x000000008d300000, 0x000000008d400000, 0x000000008d400000|100%| O|  |TAMS 0x000000008d400000, 0x000000008d300000| Untracked 
| 212|0x000000008d400000, 0x000000008d500000, 0x000000008d500000|100%| O|  |TAMS 0x000000008d500000, 0x000000008d400000| Untracked 
| 213|0x000000008d500000, 0x000000008d600000, 0x000000008d600000|100%| O|  |TAMS 0x000000008d600000, 0x000000008d500000| Untracked 
| 214|0x000000008d600000, 0x000000008d700000, 0x000000008d700000|100%| O|  |TAMS 0x000000008d700000, 0x000000008d600000| Untracked 
| 215|0x000000008d700000, 0x000000008d800000, 0x000000008d800000|100%| O|  |TAMS 0x000000008d800000, 0x000000008d700000| Untracked 
| 216|0x000000008d800000, 0x000000008d900000, 0x000000008d900000|100%| O|  |TAMS 0x000000008d900000, 0x000000008d800000| Untracked 
| 217|0x000000008d900000, 0x000000008da00000, 0x000000008da00000|100%| O|  |TAMS 0x000000008da00000, 0x000000008d900000| Untracked 
| 218|0x000000008da00000, 0x000000008db00000, 0x000000008db00000|100%| O|  |TAMS 0x000000008db00000, 0x000000008da00000| Untracked 
| 219|0x000000008db00000, 0x000000008dc00000, 0x000000008dc00000|100%| O|  |TAMS 0x000000008dc00000, 0x000000008db00000| Untracked 
| 220|0x000000008dc00000, 0x000000008dd00000, 0x000000008dd00000|100%| O|  |TAMS 0x000000008dd00000, 0x000000008dc00000| Untracked 
| 221|0x000000008dd00000, 0x000000008de00000, 0x000000008de00000|100%| O|  |TAMS 0x000000008de00000, 0x000000008dd00000| Untracked 
| 222|0x000000008de00000, 0x000000008df00000, 0x000000008df00000|100%| O|  |TAMS 0x000000008df00000, 0x000000008de00000| Untracked 
| 223|0x000000008df00000, 0x000000008e000000, 0x000000008e000000|100%| O|  |TAMS 0x000000008e000000, 0x000000008df00000| Untracked 
| 224|0x000000008e000000, 0x000000008e100000, 0x000000008e100000|100%| O|  |TAMS 0x000000008e100000, 0x000000008e000000| Untracked 
| 225|0x000000008e100000, 0x000000008e200000, 0x000000008e200000|100%| O|  |TAMS 0x000000008e200000, 0x000000008e100000| Untracked 
| 226|0x000000008e200000, 0x000000008e300000, 0x000000008e300000|100%| O|  |TAMS 0x000000008e300000, 0x000000008e200000| Untracked 
| 227|0x000000008e300000, 0x000000008e400000, 0x000000008e400000|100%| O|  |TAMS 0x000000008e400000, 0x000000008e300000| Untracked 
| 228|0x000000008e400000, 0x000000008e500000, 0x000000008e500000|100%| O|  |TAMS 0x000000008e500000, 0x000000008e400000| Untracked 
| 229|0x000000008e500000, 0x000000008e600000, 0x000000008e600000|100%| O|  |TAMS 0x000000008e600000, 0x000000008e500000| Untracked 
| 230|0x000000008e600000, 0x000000008e700000, 0x000000008e700000|100%| O|  |TAMS 0x000000008e700000, 0x000000008e600000| Untracked 
| 231|0x000000008e700000, 0x000000008e800000, 0x000000008e800000|100%|HS|  |TAMS 0x000000008e800000, 0x000000008e700000| Complete 
| 232|0x000000008e800000, 0x000000008e900000, 0x000000008e900000|100%| O|  |TAMS 0x000000008e900000, 0x000000008e800000| Untracked 
| 233|0x000000008e900000, 0x000000008ea00000, 0x000000008ea00000|100%|HS|  |TAMS 0x000000008ea00000, 0x000000008e900000| Complete 
| 234|0x000000008ea00000, 0x000000008eb00000, 0x000000008eb00000|100%| O|  |TAMS 0x000000008eb00000, 0x000000008ea00000| Untracked 
| 235|0x000000008eb00000, 0x000000008ec00000, 0x000000008ec00000|100%| O|  |TAMS 0x000000008ec00000, 0x000000008eb00000| Untracked 
| 236|0x000000008ec00000, 0x000000008ed00000, 0x000000008ed00000|100%| O|  |TAMS 0x000000008ed00000, 0x000000008ec00000| Untracked 
| 237|0x000000008ed00000, 0x000000008ee00000, 0x000000008ee00000|100%| O|  |TAMS 0x000000008ee00000, 0x000000008ed00000| Untracked 
| 238|0x000000008ee00000, 0x000000008ef00000, 0x000000008ef00000|100%| O|  |TAMS 0x000000008ef00000, 0x000000008ee00000| Untracked 
| 239|0x000000008ef00000, 0x000000008f000000, 0x000000008f000000|100%| O|  |TAMS 0x000000008f000000, 0x000000008ef00000| Untracked 
| 240|0x000000008f000000, 0x000000008f100000, 0x000000008f100000|100%| O|  |TAMS 0x000000008f100000, 0x000000008f000000| Untracked 
| 241|0x000000008f100000, 0x000000008f200000, 0x000000008f200000|100%| O|  |TAMS 0x000000008f200000, 0x000000008f100000| Untracked 
| 242|0x000000008f200000, 0x000000008f300000, 0x000000008f300000|100%| O|  |TAMS 0x000000008f300000, 0x000000008f200000| Untracked 
| 243|0x000000008f300000, 0x000000008f400000, 0x000000008f400000|100%| O|  |TAMS 0x000000008f400000, 0x000000008f300000| Untracked 
| 244|0x000000008f400000, 0x000000008f500000, 0x000000008f500000|100%| O|  |TAMS 0x000000008f500000, 0x000000008f400000| Untracked 
| 245|0x000000008f500000, 0x000000008f600000, 0x000000008f600000|100%| O|  |TAMS 0x000000008f600000, 0x000000008f500000| Untracked 
| 246|0x000000008f600000, 0x000000008f700000, 0x000000008f700000|100%| O|  |TAMS 0x000000008f700000, 0x000000008f600000| Untracked 
| 247|0x000000008f700000, 0x000000008f800000, 0x000000008f800000|100%| O|  |TAMS 0x000000008f800000, 0x000000008f700000| Untracked 
| 248|0x000000008f800000, 0x000000008f900000, 0x000000008f900000|100%| O|  |TAMS 0x000000008f900000, 0x000000008f800000| Untracked 
| 249|0x000000008f900000, 0x000000008fa00000, 0x000000008fa00000|100%| O|  |TAMS 0x000000008fa00000, 0x000000008f900000| Untracked 
| 250|0x000000008fa00000, 0x000000008fb00000, 0x000000008fb00000|100%| O|  |TAMS 0x000000008fb00000, 0x000000008fa00000| Untracked 
| 251|0x000000008fb00000, 0x000000008fc00000, 0x000000008fc00000|100%|HS|  |TAMS 0x000000008fc00000, 0x000000008fb00000| Complete 
| 252|0x000000008fc00000, 0x000000008fd00000, 0x000000008fd00000|100%|HS|  |TAMS 0x000000008fd00000, 0x000000008fc00000| Complete 
| 253|0x000000008fd00000, 0x000000008fe00000, 0x000000008fe00000|100%| O|  |TAMS 0x000000008fe00000, 0x000000008fd00000| Untracked 
| 254|0x000000008fe00000, 0x000000008ff00000, 0x000000008ff00000|100%| O|  |TAMS 0x000000008ff00000, 0x000000008fe00000| Untracked 
| 255|0x000000008ff00000, 0x0000000090000000, 0x0000000090000000|100%| O|  |TAMS 0x0000000090000000, 0x000000008ff00000| Untracked 
| 256|0x0000000090000000, 0x0000000090100000, 0x0000000090100000|100%| O|  |TAMS 0x0000000090100000, 0x0000000090000000| Untracked 
| 257|0x0000000090100000, 0x0000000090200000, 0x0000000090200000|100%| O|  |TAMS 0x0000000090200000, 0x0000000090100000| Untracked 
| 258|0x0000000090200000, 0x0000000090300000, 0x0000000090300000|100%| O|  |TAMS 0x0000000090300000, 0x0000000090200000| Untracked 
| 259|0x0000000090300000, 0x0000000090400000, 0x0000000090400000|100%| O|  |TAMS 0x0000000090400000, 0x0000000090300000| Untracked 
| 260|0x0000000090400000, 0x0000000090500000, 0x0000000090500000|100%| O|  |TAMS 0x0000000090500000, 0x0000000090400000| Untracked 
| 261|0x0000000090500000, 0x0000000090600000, 0x0000000090600000|100%| O|  |TAMS 0x0000000090600000, 0x0000000090500000| Untracked 
| 262|0x0000000090600000, 0x0000000090700000, 0x0000000090700000|100%| O|  |TAMS 0x0000000090700000, 0x0000000090600000| Untracked 
| 263|0x0000000090700000, 0x0000000090800000, 0x0000000090800000|100%| O|  |TAMS 0x0000000090800000, 0x0000000090700000| Untracked 
| 264|0x0000000090800000, 0x0000000090900000, 0x0000000090900000|100%| O|  |TAMS 0x0000000090900000, 0x0000000090800000| Untracked 
| 265|0x0000000090900000, 0x0000000090a00000, 0x0000000090a00000|100%| O|  |TAMS 0x0000000090a00000, 0x0000000090900000| Untracked 
| 266|0x0000000090a00000, 0x0000000090b00000, 0x0000000090b00000|100%| O|  |TAMS 0x0000000090b00000, 0x0000000090a00000| Untracked 
| 267|0x0000000090b00000, 0x0000000090c00000, 0x0000000090c00000|100%| O|  |TAMS 0x0000000090c00000, 0x0000000090b00000| Untracked 
| 268|0x0000000090c00000, 0x0000000090d00000, 0x0000000090d00000|100%| O|  |TAMS 0x0000000090d00000, 0x0000000090c00000| Untracked 
| 269|0x0000000090d00000, 0x0000000090e00000, 0x0000000090e00000|100%| O|  |TAMS 0x0000000090e00000, 0x0000000090d00000| Untracked 
| 270|0x0000000090e00000, 0x0000000090f00000, 0x0000000090f00000|100%| O|  |TAMS 0x0000000090f00000, 0x0000000090e00000| Untracked 
| 271|0x0000000090f00000, 0x0000000091000000, 0x0000000091000000|100%| O|  |TAMS 0x0000000091000000, 0x0000000090f00000| Untracked 
| 272|0x0000000091000000, 0x0000000091100000, 0x0000000091100000|100%| O|  |TAMS 0x0000000091100000, 0x0000000091000000| Untracked 
| 273|0x0000000091100000, 0x0000000091200000, 0x0000000091200000|100%| O|  |TAMS 0x0000000091200000, 0x0000000091100000| Untracked 
| 274|0x0000000091200000, 0x0000000091300000, 0x0000000091300000|100%| O|  |TAMS 0x0000000091300000, 0x0000000091200000| Untracked 
| 275|0x0000000091300000, 0x0000000091400000, 0x0000000091400000|100%| O|  |TAMS 0x0000000091400000, 0x0000000091300000| Untracked 
| 276|0x0000000091400000, 0x0000000091500000, 0x0000000091500000|100%| O|  |TAMS 0x0000000091500000, 0x0000000091400000| Untracked 
| 277|0x0000000091500000, 0x0000000091600000, 0x0000000091600000|100%| O|  |TAMS 0x0000000091600000, 0x0000000091500000| Untracked 
| 278|0x0000000091600000, 0x0000000091700000, 0x0000000091700000|100%| O|  |TAMS 0x0000000091700000, 0x0000000091600000| Untracked 
| 279|0x0000000091700000, 0x0000000091800000, 0x0000000091800000|100%| O|  |TAMS 0x0000000091800000, 0x0000000091700000| Untracked 
| 280|0x0000000091800000, 0x0000000091900000, 0x0000000091900000|100%| O|  |TAMS 0x0000000091900000, 0x0000000091800000| Untracked 
| 281|0x0000000091900000, 0x0000000091a00000, 0x0000000091a00000|100%| O|  |TAMS 0x0000000091a00000, 0x0000000091900000| Untracked 
| 282|0x0000000091a00000, 0x0000000091b00000, 0x0000000091b00000|100%| O|  |TAMS 0x0000000091b00000, 0x0000000091a00000| Untracked 
| 283|0x0000000091b00000, 0x0000000091c00000, 0x0000000091c00000|100%| O|  |TAMS 0x0000000091c00000, 0x0000000091b00000| Untracked 
| 284|0x0000000091c00000, 0x0000000091d00000, 0x0000000091d00000|100%| O|  |TAMS 0x0000000091d00000, 0x0000000091c00000| Untracked 
| 285|0x0000000091d00000, 0x0000000091e00000, 0x0000000091e00000|100%| O|  |TAMS 0x0000000091e00000, 0x0000000091d00000| Untracked 
| 286|0x0000000091e00000, 0x0000000091f00000, 0x0000000091f00000|100%| O|  |TAMS 0x0000000091f00000, 0x0000000091e00000| Untracked 
| 287|0x0000000091f00000, 0x0000000092000000, 0x0000000092000000|100%| O|  |TAMS 0x0000000092000000, 0x0000000091f00000| Untracked 
| 288|0x0000000092000000, 0x0000000092100000, 0x0000000092100000|100%| O|  |TAMS 0x0000000092100000, 0x0000000092000000| Untracked 
| 289|0x0000000092100000, 0x0000000092200000, 0x0000000092200000|100%| O|  |TAMS 0x0000000092200000, 0x0000000092100000| Untracked 
| 290|0x0000000092200000, 0x0000000092300000, 0x0000000092300000|100%| O|  |TAMS 0x0000000092300000, 0x0000000092200000| Untracked 
| 291|0x0000000092300000, 0x0000000092400000, 0x0000000092400000|100%| O|  |TAMS 0x0000000092400000, 0x0000000092300000| Untracked 
| 292|0x0000000092400000, 0x0000000092500000, 0x0000000092500000|100%| O|  |TAMS 0x0000000092500000, 0x0000000092400000| Untracked 
| 293|0x0000000092500000, 0x0000000092600000, 0x0000000092600000|100%| O|  |TAMS 0x0000000092600000, 0x0000000092500000| Untracked 
| 294|0x0000000092600000, 0x0000000092700000, 0x0000000092700000|100%| O|  |TAMS 0x0000000092700000, 0x0000000092600000| Untracked 
| 295|0x0000000092700000, 0x0000000092800000, 0x0000000092800000|100%| O|  |TAMS 0x0000000092800000, 0x0000000092700000| Untracked 
| 296|0x0000000092800000, 0x0000000092900000, 0x0000000092900000|100%| O|  |TAMS 0x0000000092900000, 0x0000000092800000| Untracked 
| 297|0x0000000092900000, 0x0000000092a00000, 0x0000000092a00000|100%| O|  |TAMS 0x0000000092a00000, 0x0000000092900000| Untracked 
| 298|0x0000000092a00000, 0x0000000092b00000, 0x0000000092b00000|100%| O|  |TAMS 0x0000000092b00000, 0x0000000092a00000| Untracked 
| 299|0x0000000092b00000, 0x0000000092c00000, 0x0000000092c00000|100%| O|  |TAMS 0x0000000092c00000, 0x0000000092b00000| Untracked 
| 300|0x0000000092c00000, 0x0000000092d00000, 0x0000000092d00000|100%| O|  |TAMS 0x0000000092d00000, 0x0000000092c00000| Untracked 
| 301|0x0000000092d00000, 0x0000000092e00000, 0x0000000092e00000|100%| O|  |TAMS 0x0000000092e00000, 0x0000000092d00000| Untracked 
| 302|0x0000000092e00000, 0x0000000092f00000, 0x0000000092f00000|100%| O|  |TAMS 0x0000000092f00000, 0x0000000092e00000| Untracked 
| 303|0x0000000092f00000, 0x0000000093000000, 0x0000000093000000|100%| O|  |TAMS 0x0000000093000000, 0x0000000092f00000| Untracked 
| 304|0x0000000093000000, 0x0000000093100000, 0x0000000093100000|100%| O|  |TAMS 0x0000000093000000, 0x0000000093000000| Untracked 
| 305|0x0000000093100000, 0x0000000093200000, 0x0000000093200000|100%|HS|  |TAMS 0x0000000093100000, 0x0000000093100000| Complete 
| 306|0x0000000093200000, 0x0000000093300000, 0x0000000093300000|100%|HC|  |TAMS 0x0000000093200000, 0x0000000093200000| Complete 
| 307|0x0000000093300000, 0x0000000093400000, 0x0000000093400000|100%|HS|  |TAMS 0x0000000093300000, 0x0000000093300000| Complete 
| 308|0x0000000093400000, 0x0000000093500000, 0x0000000093500000|100%|HC|  |TAMS 0x0000000093400000, 0x0000000093400000| Complete 
| 309|0x0000000093500000, 0x0000000093600000, 0x0000000093600000|100%| O|  |TAMS 0x0000000093500000, 0x0000000093500000| Untracked 
| 310|0x0000000093600000, 0x0000000093700000, 0x0000000093700000|100%| O|  |TAMS 0x0000000093600000, 0x0000000093600000| Untracked 
| 311|0x0000000093700000, 0x0000000093800000, 0x0000000093800000|100%| O|  |TAMS 0x0000000093700000, 0x0000000093700000| Untracked 
| 312|0x0000000093800000, 0x0000000093900000, 0x0000000093900000|100%| O|  |TAMS 0x0000000093900000, 0x0000000093800000| Untracked 
| 313|0x0000000093900000, 0x0000000093a00000, 0x0000000093a00000|100%| O|  |TAMS 0x0000000093a00000, 0x0000000093900000| Untracked 
| 314|0x0000000093a00000, 0x0000000093b00000, 0x0000000093b00000|100%| O|  |TAMS 0x0000000093b00000, 0x0000000093a00000| Untracked 
| 315|0x0000000093b00000, 0x0000000093b00000, 0x0000000093c00000|  0%| F|  |TAMS 0x0000000093b00000, 0x0000000093b00000| Untracked 
| 316|0x0000000093c00000, 0x0000000093d00000, 0x0000000093d00000|100%| O|  |TAMS 0x0000000093c00000, 0x0000000093c00000| Untracked 
| 317|0x0000000093d00000, 0x0000000093e00000, 0x0000000093e00000|100%| O|  |TAMS 0x0000000093d00000, 0x0000000093d00000| Untracked 
| 318|0x0000000093e00000, 0x0000000093f00000, 0x0000000093f00000|100%| O|  |TAMS 0x0000000093e00000, 0x0000000093e00000| Untracked 
| 319|0x0000000093f00000, 0x0000000094000000, 0x0000000094000000|100%| O|  |TAMS 0x0000000093f00000, 0x0000000093f00000| Untracked 
| 320|0x0000000094000000, 0x0000000094100000, 0x0000000094100000|100%| O|  |TAMS 0x0000000094000000, 0x0000000094000000| Untracked 
| 321|0x0000000094100000, 0x0000000094100000, 0x0000000094200000|  0%| F|  |TAMS 0x0000000094100000, 0x0000000094100000| Untracked 
| 322|0x0000000094200000, 0x0000000094200000, 0x0000000094300000|  0%| F|  |TAMS 0x0000000094200000, 0x0000000094200000| Untracked 
| 323|0x0000000094300000, 0x0000000094300000, 0x0000000094400000|  0%| F|  |TAMS 0x0000000094300000, 0x0000000094300000| Untracked 
| 324|0x0000000094400000, 0x0000000094500000, 0x0000000094500000|100%| O|  |TAMS 0x0000000094500000, 0x0000000094400000| Untracked 
| 325|0x0000000094500000, 0x0000000094500000, 0x0000000094600000|  0%| F|  |TAMS 0x0000000094500000, 0x0000000094500000| Untracked 
| 326|0x0000000094600000, 0x0000000094600000, 0x0000000094700000|  0%| F|  |TAMS 0x0000000094600000, 0x0000000094600000| Untracked 
| 327|0x0000000094700000, 0x0000000094700000, 0x0000000094800000|  0%| F|  |TAMS 0x0000000094700000, 0x0000000094700000| Untracked 
| 328|0x0000000094800000, 0x0000000094900000, 0x0000000094900000|100%| O|  |TAMS 0x0000000094800000, 0x0000000094800000| Untracked 
| 329|0x0000000094900000, 0x0000000094a00000, 0x0000000094a00000|100%| O|  |TAMS 0x0000000094a00000, 0x0000000094900000| Untracked 
| 330|0x0000000094a00000, 0x0000000094a00000, 0x0000000094b00000|  0%| F|  |TAMS 0x0000000094a00000, 0x0000000094a00000| Untracked 
| 331|0x0000000094b00000, 0x0000000094c00000, 0x0000000094c00000|100%| O|  |TAMS 0x0000000094b00000, 0x0000000094b00000| Untracked 
| 332|0x0000000094c00000, 0x0000000094d00000, 0x0000000094d00000|100%| O|  |TAMS 0x0000000094c00000, 0x0000000094c00000| Untracked 
| 333|0x0000000094d00000, 0x0000000094e00000, 0x0000000094e00000|100%| O|  |TAMS 0x0000000094d00000, 0x0000000094d00000| Untracked 
| 334|0x0000000094e00000, 0x0000000094f00000, 0x0000000094f00000|100%| O|  |TAMS 0x0000000094e00000, 0x0000000094e00000| Untracked 
| 335|0x0000000094f00000, 0x0000000095000000, 0x0000000095000000|100%| O|  |TAMS 0x0000000094f00000, 0x0000000094f00000| Untracked 
| 336|0x0000000095000000, 0x0000000095000000, 0x0000000095100000|  0%| F|  |TAMS 0x0000000095000000, 0x0000000095000000| Untracked 
| 337|0x0000000095100000, 0x0000000095200000, 0x0000000095200000|100%| O|  |TAMS 0x0000000095100000, 0x0000000095100000| Untracked 
| 338|0x0000000095200000, 0x0000000095300000, 0x0000000095300000|100%| O|  |TAMS 0x0000000095200000, 0x0000000095200000| Untracked 
| 339|0x0000000095300000, 0x0000000095400000, 0x0000000095400000|100%| O|  |TAMS 0x0000000095300000, 0x0000000095300000| Untracked 
| 340|0x0000000095400000, 0x0000000095500000, 0x0000000095500000|100%| O|  |TAMS 0x0000000095400000, 0x0000000095400000| Untracked 
| 341|0x0000000095500000, 0x0000000095500000, 0x0000000095600000|  0%| F|  |TAMS 0x0000000095500000, 0x0000000095500000| Untracked 
| 342|0x0000000095600000, 0x0000000095600000, 0x0000000095700000|  0%| F|  |TAMS 0x0000000095600000, 0x0000000095600000| Untracked 
| 343|0x0000000095700000, 0x0000000095800000, 0x0000000095800000|100%| O|  |TAMS 0x0000000095700000, 0x0000000095700000| Untracked 
| 344|0x0000000095800000, 0x0000000095900000, 0x0000000095900000|100%| O|  |TAMS 0x0000000095800000, 0x0000000095800000| Untracked 
| 345|0x0000000095900000, 0x0000000095a00000, 0x0000000095a00000|100%| O|  |TAMS 0x0000000095900000, 0x0000000095900000| Untracked 
| 346|0x0000000095a00000, 0x0000000095b00000, 0x0000000095b00000|100%| O|  |TAMS 0x0000000095a00000, 0x0000000095a00000| Untracked 
| 347|0x0000000095b00000, 0x0000000095c00000, 0x0000000095c00000|100%| O|  |TAMS 0x0000000095b00000, 0x0000000095b00000| Untracked 
| 348|0x0000000095c00000, 0x0000000095d00000, 0x0000000095d00000|100%| O|  |TAMS 0x0000000095c00000, 0x0000000095c00000| Untracked 
| 349|0x0000000095d00000, 0x0000000095e00000, 0x0000000095e00000|100%| O|  |TAMS 0x0000000095d00000, 0x0000000095d00000| Untracked 
| 350|0x0000000095e00000, 0x0000000095f00000, 0x0000000095f00000|100%| O|  |TAMS 0x0000000095e00000, 0x0000000095e00000| Untracked 
| 351|0x0000000095f00000, 0x0000000096000000, 0x0000000096000000|100%| O|  |TAMS 0x0000000095f00000, 0x0000000095f00000| Untracked 
| 352|0x0000000096000000, 0x0000000096000000, 0x0000000096100000|  0%| F|  |TAMS 0x0000000096000000, 0x0000000096000000| Untracked 
| 353|0x0000000096100000, 0x0000000096100000, 0x0000000096200000|  0%| F|  |TAMS 0x0000000096100000, 0x0000000096100000| Untracked 
| 354|0x0000000096200000, 0x0000000096300000, 0x0000000096300000|100%| O|  |TAMS 0x0000000096200000, 0x0000000096200000| Untracked 
| 355|0x0000000096300000, 0x0000000096400000, 0x0000000096400000|100%| O|  |TAMS 0x0000000096400000, 0x0000000096300000| Untracked 
| 356|0x0000000096400000, 0x0000000096500000, 0x0000000096500000|100%| O|  |TAMS 0x0000000096500000, 0x0000000096400000| Untracked 
| 357|0x0000000096500000, 0x0000000096600000, 0x0000000096600000|100%| O|  |TAMS 0x0000000096600000, 0x0000000096500000| Untracked 
| 358|0x0000000096600000, 0x0000000096700000, 0x0000000096700000|100%| O|  |TAMS 0x0000000096600000, 0x0000000096600000| Untracked 
| 359|0x0000000096700000, 0x0000000096800000, 0x0000000096800000|100%| O|  |TAMS 0x0000000096700000, 0x0000000096700000| Untracked 
| 360|0x0000000096800000, 0x0000000096800000, 0x0000000096900000|  0%| F|  |TAMS 0x0000000096800000, 0x0000000096800000| Untracked 
| 361|0x0000000096900000, 0x0000000096a00000, 0x0000000096a00000|100%| O|  |TAMS 0x0000000096a00000, 0x0000000096900000| Untracked 
| 362|0x0000000096a00000, 0x0000000096b00000, 0x0000000096b00000|100%| O|  |TAMS 0x0000000096b00000, 0x0000000096a00000| Untracked 
| 363|0x0000000096b00000, 0x0000000096c00000, 0x0000000096c00000|100%| O|  |TAMS 0x0000000096c00000, 0x0000000096b00000| Untracked 
| 364|0x0000000096c00000, 0x0000000096d00000, 0x0000000096d00000|100%| O|  |TAMS 0x0000000096d00000, 0x0000000096c00000| Untracked 
| 365|0x0000000096d00000, 0x0000000096e00000, 0x0000000096e00000|100%| O|  |TAMS 0x0000000096e00000, 0x0000000096d00000| Untracked 
| 366|0x0000000096e00000, 0x0000000096f00000, 0x0000000096f00000|100%| O|  |TAMS 0x0000000096f00000, 0x0000000096e00000| Untracked 
| 367|0x0000000096f00000, 0x0000000097000000, 0x0000000097000000|100%| O|  |TAMS 0x0000000097000000, 0x0000000096f00000| Untracked 
| 368|0x0000000097000000, 0x0000000097100000, 0x0000000097100000|100%| O|  |TAMS 0x0000000097100000, 0x0000000097000000| Untracked 
| 369|0x0000000097100000, 0x0000000097200000, 0x0000000097200000|100%| O|  |TAMS 0x0000000097200000, 0x0000000097100000| Untracked 
| 370|0x0000000097200000, 0x0000000097200000, 0x0000000097300000|  0%| F|  |TAMS 0x0000000097200000, 0x0000000097200000| Untracked 
| 371|0x0000000097300000, 0x0000000097400000, 0x0000000097400000|100%| O|  |TAMS 0x0000000097400000, 0x0000000097300000| Untracked 
| 372|0x0000000097400000, 0x0000000097500000, 0x0000000097500000|100%| O|  |TAMS 0x0000000097500000, 0x0000000097400000| Untracked 
| 373|0x0000000097500000, 0x0000000097600000, 0x0000000097600000|100%| O|  |TAMS 0x0000000097600000, 0x0000000097500000| Untracked 
| 374|0x0000000097600000, 0x0000000097700000, 0x0000000097700000|100%| O|  |TAMS 0x0000000097700000, 0x0000000097600000| Untracked 
| 375|0x0000000097700000, 0x0000000097800000, 0x0000000097800000|100%| O|  |TAMS 0x0000000097800000, 0x0000000097700000| Untracked 
| 376|0x0000000097800000, 0x0000000097900000, 0x0000000097900000|100%| O|  |TAMS 0x0000000097900000, 0x0000000097800000| Untracked 
| 377|0x0000000097900000, 0x0000000097a00000, 0x0000000097a00000|100%| O|  |TAMS 0x0000000097a00000, 0x0000000097900000| Untracked 
| 378|0x0000000097a00000, 0x0000000097b00000, 0x0000000097b00000|100%| O|  |TAMS 0x0000000097b00000, 0x0000000097a00000| Untracked 
| 379|0x0000000097b00000, 0x0000000097c00000, 0x0000000097c00000|100%| O|  |TAMS 0x0000000097c00000, 0x0000000097b00000| Untracked 
| 380|0x0000000097c00000, 0x0000000097d00000, 0x0000000097d00000|100%|HS|  |TAMS 0x0000000097d00000, 0x0000000097c00000| Complete 
| 381|0x0000000097d00000, 0x0000000097e00000, 0x0000000097e00000|100%|HC|  |TAMS 0x0000000097e00000, 0x0000000097d00000| Complete 
| 382|0x0000000097e00000, 0x0000000097f00000, 0x0000000097f00000|100%|HC|  |TAMS 0x0000000097f00000, 0x0000000097e00000| Complete 
| 383|0x0000000097f00000, 0x0000000098000000, 0x0000000098000000|100%|HS|  |TAMS 0x0000000098000000, 0x0000000097f00000| Complete 
| 384|0x0000000098000000, 0x0000000098100000, 0x0000000098100000|100%|HS|  |TAMS 0x0000000098100000, 0x0000000098000000| Complete 
| 385|0x0000000098100000, 0x0000000098200000, 0x0000000098200000|100%|HC|  |TAMS 0x0000000098200000, 0x0000000098100000| Complete 
| 386|0x0000000098200000, 0x0000000098300000, 0x0000000098300000|100%|HS|  |TAMS 0x0000000098300000, 0x0000000098200000| Complete 
| 387|0x0000000098300000, 0x0000000098400000, 0x0000000098400000|100%|HS|  |TAMS 0x0000000098400000, 0x0000000098300000| Complete 
| 388|0x0000000098400000, 0x0000000098500000, 0x0000000098500000|100%|HS|  |TAMS 0x0000000098500000, 0x0000000098400000| Complete 
| 389|0x0000000098500000, 0x0000000098600000, 0x0000000098600000|100%|HS|  |TAMS 0x0000000098600000, 0x0000000098500000| Complete 
| 390|0x0000000098600000, 0x0000000098700000, 0x0000000098700000|100%|HC|  |TAMS 0x0000000098700000, 0x0000000098600000| Complete 
| 391|0x0000000098700000, 0x0000000098800000, 0x0000000098800000|100%|HS|  |TAMS 0x0000000098800000, 0x0000000098700000| Complete 
| 392|0x0000000098800000, 0x0000000098900000, 0x0000000098900000|100%|HC|  |TAMS 0x0000000098900000, 0x0000000098800000| Complete 
| 393|0x0000000098900000, 0x0000000098a00000, 0x0000000098a00000|100%|HS|  |TAMS 0x0000000098a00000, 0x0000000098900000| Complete 
| 394|0x0000000098a00000, 0x0000000098b00000, 0x0000000098b00000|100%|HC|  |TAMS 0x0000000098b00000, 0x0000000098a00000| Complete 
| 395|0x0000000098b00000, 0x0000000098c00000, 0x0000000098c00000|100%|HS|  |TAMS 0x0000000098c00000, 0x0000000098b00000| Complete 
| 396|0x0000000098c00000, 0x0000000098d00000, 0x0000000098d00000|100%|HC|  |TAMS 0x0000000098d00000, 0x0000000098c00000| Complete 
| 397|0x0000000098d00000, 0x0000000098e00000, 0x0000000098e00000|100%|HC|  |TAMS 0x0000000098e00000, 0x0000000098d00000| Complete 
| 398|0x0000000098e00000, 0x0000000098f00000, 0x0000000098f00000|100%| O|  |TAMS 0x0000000098e00000, 0x0000000098e00000| Untracked 
| 399|0x0000000098f00000, 0x0000000099000000, 0x0000000099000000|100%| O|  |TAMS 0x0000000098f00000, 0x0000000098f00000| Untracked 
| 400|0x0000000099000000, 0x0000000099100000, 0x0000000099100000|100%| O|  |TAMS 0x0000000099000000, 0x0000000099000000| Untracked 
| 401|0x0000000099100000, 0x0000000099200000, 0x0000000099200000|100%|HS|  |TAMS 0x0000000099200000, 0x0000000099100000| Complete 
| 402|0x0000000099200000, 0x0000000099300000, 0x0000000099300000|100%|HC|  |TAMS 0x0000000099300000, 0x0000000099200000| Complete 
| 403|0x0000000099300000, 0x0000000099400000, 0x0000000099400000|100%| O|  |TAMS 0x0000000099300000, 0x0000000099300000| Untracked 
| 404|0x0000000099400000, 0x0000000099500000, 0x0000000099500000|100%|HS|  |TAMS 0x0000000099500000, 0x0000000099400000| Complete 
| 405|0x0000000099500000, 0x0000000099600000, 0x0000000099600000|100%|HC|  |TAMS 0x0000000099600000, 0x0000000099500000| Complete 
| 406|0x0000000099600000, 0x0000000099700000, 0x0000000099700000|100%|HC|  |TAMS 0x0000000099700000, 0x0000000099600000| Complete 
| 407|0x0000000099700000, 0x0000000099800000, 0x0000000099800000|100%| O|  |TAMS 0x0000000099700000, 0x0000000099700000| Untracked 
| 408|0x0000000099800000, 0x0000000099900000, 0x0000000099900000|100%|HS|  |TAMS 0x0000000099900000, 0x0000000099800000| Complete 
| 409|0x0000000099900000, 0x0000000099a00000, 0x0000000099a00000|100%| O|  |TAMS 0x0000000099900000, 0x0000000099900000| Untracked 
| 410|0x0000000099a00000, 0x0000000099b00000, 0x0000000099b00000|100%| O|  |TAMS 0x0000000099a00000, 0x0000000099a00000| Untracked 
| 411|0x0000000099b00000, 0x0000000099c00000, 0x0000000099c00000|100%| O|  |TAMS 0x0000000099b00000, 0x0000000099b00000| Untracked 
| 412|0x0000000099c00000, 0x0000000099d00000, 0x0000000099d00000|100%|HS|  |TAMS 0x0000000099d00000, 0x0000000099c00000| Complete 
| 413|0x0000000099d00000, 0x0000000099e00000, 0x0000000099e00000|100%|HC|  |TAMS 0x0000000099e00000, 0x0000000099d00000| Complete 
| 414|0x0000000099e00000, 0x0000000099f00000, 0x0000000099f00000|100%| O|  |TAMS 0x0000000099e00000, 0x0000000099e00000| Untracked 
| 415|0x0000000099f00000, 0x000000009a000000, 0x000000009a000000|100%|HS|  |TAMS 0x000000009a000000, 0x0000000099f00000| Complete 
| 416|0x000000009a000000, 0x000000009a100000, 0x000000009a100000|100%| O|  |TAMS 0x000000009a000000, 0x000000009a000000| Untracked 
| 417|0x000000009a100000, 0x000000009a200000, 0x000000009a200000|100%|HS|  |TAMS 0x000000009a200000, 0x000000009a100000| Complete 
| 418|0x000000009a200000, 0x000000009a300000, 0x000000009a300000|100%| O|  |TAMS 0x000000009a300000, 0x000000009a200000| Untracked 
| 419|0x000000009a300000, 0x000000009a400000, 0x000000009a400000|100%|HS|  |TAMS 0x000000009a400000, 0x000000009a300000| Complete 
| 420|0x000000009a400000, 0x000000009a500000, 0x000000009a500000|100%|HS|  |TAMS 0x000000009a500000, 0x000000009a400000| Complete 
| 421|0x000000009a500000, 0x000000009a600000, 0x000000009a600000|100%|HC|  |TAMS 0x000000009a600000, 0x000000009a500000| Complete 
| 422|0x000000009a600000, 0x000000009a700000, 0x000000009a700000|100%| O|  |TAMS 0x000000009a600000, 0x000000009a600000| Untracked 
| 423|0x000000009a700000, 0x000000009a800000, 0x000000009a800000|100%| O|  |TAMS 0x000000009a700000, 0x000000009a700000| Untracked 
| 424|0x000000009a800000, 0x000000009a900000, 0x000000009a900000|100%|HS|  |TAMS 0x000000009a900000, 0x000000009a800000| Complete 
| 425|0x000000009a900000, 0x000000009aa00000, 0x000000009aa00000|100%|HC|  |TAMS 0x000000009aa00000, 0x000000009a900000| Complete 
| 426|0x000000009aa00000, 0x000000009ab00000, 0x000000009ab00000|100%| O|  |TAMS 0x000000009aa00000, 0x000000009aa00000| Untracked 
| 427|0x000000009ab00000, 0x000000009ac00000, 0x000000009ac00000|100%| O|  |TAMS 0x000000009ab00000, 0x000000009ab00000| Untracked 
| 428|0x000000009ac00000, 0x000000009ad00000, 0x000000009ad00000|100%| O|  |TAMS 0x000000009ac00000, 0x000000009ac00000| Untracked 
| 429|0x000000009ad00000, 0x000000009ae00000, 0x000000009ae00000|100%| O|  |TAMS 0x000000009ad00000, 0x000000009ad00000| Untracked 
| 430|0x000000009ae00000, 0x000000009af00000, 0x000000009af00000|100%| O|  |TAMS 0x000000009ae00000, 0x000000009ae00000| Untracked 
| 431|0x000000009af00000, 0x000000009b000000, 0x000000009b000000|100%|HS|  |TAMS 0x000000009b000000, 0x000000009af00000| Complete 
| 432|0x000000009b000000, 0x000000009b100000, 0x000000009b100000|100%|HC|  |TAMS 0x000000009b100000, 0x000000009b000000| Complete 
| 433|0x000000009b100000, 0x000000009b200000, 0x000000009b200000|100%|HC|  |TAMS 0x000000009b200000, 0x000000009b100000| Complete 
| 434|0x000000009b200000, 0x000000009b300000, 0x000000009b300000|100%|HS|  |TAMS 0x000000009b300000, 0x000000009b200000| Complete 
| 435|0x000000009b300000, 0x000000009b400000, 0x000000009b400000|100%|HC|  |TAMS 0x000000009b400000, 0x000000009b300000| Complete 
| 436|0x000000009b400000, 0x000000009b500000, 0x000000009b500000|100%|HS|  |TAMS 0x000000009b500000, 0x000000009b400000| Complete 
| 437|0x000000009b500000, 0x000000009b600000, 0x000000009b600000|100%|HC|  |TAMS 0x000000009b600000, 0x000000009b500000| Complete 
| 438|0x000000009b600000, 0x000000009b700000, 0x000000009b700000|100%| O|  |TAMS 0x000000009b700000, 0x000000009b600000| Untracked 
| 439|0x000000009b700000, 0x000000009b800000, 0x000000009b800000|100%| O|  |TAMS 0x000000009b800000, 0x000000009b700000| Untracked 
| 440|0x000000009b800000, 0x000000009b900000, 0x000000009b900000|100%| O|  |TAMS 0x000000009b900000, 0x000000009b800000| Untracked 
| 441|0x000000009b900000, 0x000000009ba00000, 0x000000009ba00000|100%| O|  |TAMS 0x000000009ba00000, 0x000000009b900000| Untracked 
| 442|0x000000009ba00000, 0x000000009bb00000, 0x000000009bb00000|100%| O|  |TAMS 0x000000009bb00000, 0x000000009ba00000| Untracked 
| 443|0x000000009bb00000, 0x000000009bc00000, 0x000000009bc00000|100%| O|  |TAMS 0x000000009bc00000, 0x000000009bb00000| Untracked 
| 444|0x000000009bc00000, 0x000000009bd00000, 0x000000009bd00000|100%| O|  |TAMS 0x000000009bd00000, 0x000000009bc00000| Untracked 
| 445|0x000000009bd00000, 0x000000009be00000, 0x000000009be00000|100%| O|  |TAMS 0x000000009be00000, 0x000000009bd00000| Untracked 
| 446|0x000000009be00000, 0x000000009bf00000, 0x000000009bf00000|100%| O|  |TAMS 0x000000009bf00000, 0x000000009be00000| Untracked 
| 447|0x000000009bf00000, 0x000000009c000000, 0x000000009c000000|100%| O|  |TAMS 0x000000009c000000, 0x000000009bf00000| Untracked 
| 448|0x000000009c000000, 0x000000009c100000, 0x000000009c100000|100%| O|  |TAMS 0x000000009c100000, 0x000000009c000000| Untracked 
| 449|0x000000009c100000, 0x000000009c200000, 0x000000009c200000|100%| O|  |TAMS 0x000000009c200000, 0x000000009c100000| Untracked 
| 450|0x000000009c200000, 0x000000009c300000, 0x000000009c300000|100%| O|  |TAMS 0x000000009c300000, 0x000000009c200000| Untracked 
| 451|0x000000009c300000, 0x000000009c400000, 0x000000009c400000|100%| O|  |TAMS 0x000000009c400000, 0x000000009c300000| Untracked 
| 452|0x000000009c400000, 0x000000009c500000, 0x000000009c500000|100%| O|  |TAMS 0x000000009c500000, 0x000000009c400000| Untracked 
| 453|0x000000009c500000, 0x000000009c600000, 0x000000009c600000|100%| O|  |TAMS 0x000000009c600000, 0x000000009c500000| Untracked 
| 454|0x000000009c600000, 0x000000009c700000, 0x000000009c700000|100%| O|  |TAMS 0x000000009c700000, 0x000000009c600000| Untracked 
| 455|0x000000009c700000, 0x000000009c800000, 0x000000009c800000|100%| O|  |TAMS 0x000000009c800000, 0x000000009c700000| Untracked 
| 456|0x000000009c800000, 0x000000009c900000, 0x000000009c900000|100%| O|  |TAMS 0x000000009c900000, 0x000000009c800000| Untracked 
| 457|0x000000009c900000, 0x000000009ca00000, 0x000000009ca00000|100%| O|  |TAMS 0x000000009ca00000, 0x000000009c900000| Untracked 
| 458|0x000000009ca00000, 0x000000009cb00000, 0x000000009cb00000|100%| O|  |TAMS 0x000000009cb00000, 0x000000009ca00000| Untracked 
| 459|0x000000009cb00000, 0x000000009cc00000, 0x000000009cc00000|100%| O|  |TAMS 0x000000009cc00000, 0x000000009cb00000| Untracked 
| 460|0x000000009cc00000, 0x000000009cd00000, 0x000000009cd00000|100%| O|  |TAMS 0x000000009cd00000, 0x000000009cc00000| Untracked 
| 461|0x000000009cd00000, 0x000000009ce00000, 0x000000009ce00000|100%| O|  |TAMS 0x000000009ce00000, 0x000000009cd00000| Untracked 
| 462|0x000000009ce00000, 0x000000009cf00000, 0x000000009cf00000|100%| O|  |TAMS 0x000000009cf00000, 0x000000009ce00000| Untracked 
| 463|0x000000009cf00000, 0x000000009d000000, 0x000000009d000000|100%| O|  |TAMS 0x000000009d000000, 0x000000009cf00000| Untracked 
| 464|0x000000009d000000, 0x000000009d100000, 0x000000009d100000|100%| O|  |TAMS 0x000000009d100000, 0x000000009d000000| Untracked 
| 465|0x000000009d100000, 0x000000009d200000, 0x000000009d200000|100%| O|  |TAMS 0x000000009d200000, 0x000000009d100000| Untracked 
| 466|0x000000009d200000, 0x000000009d300000, 0x000000009d300000|100%| O|  |TAMS 0x000000009d300000, 0x000000009d200000| Untracked 
| 467|0x000000009d300000, 0x000000009d400000, 0x000000009d400000|100%| O|  |TAMS 0x000000009d400000, 0x000000009d300000| Untracked 
| 468|0x000000009d400000, 0x000000009d500000, 0x000000009d500000|100%| O|  |TAMS 0x000000009d500000, 0x000000009d400000| Untracked 
| 469|0x000000009d500000, 0x000000009d600000, 0x000000009d600000|100%| O|  |TAMS 0x000000009d600000, 0x000000009d500000| Untracked 
| 470|0x000000009d600000, 0x000000009d700000, 0x000000009d700000|100%| O|  |TAMS 0x000000009d700000, 0x000000009d600000| Untracked 
| 471|0x000000009d700000, 0x000000009d800000, 0x000000009d800000|100%| O|  |TAMS 0x000000009d800000, 0x000000009d700000| Untracked 
| 472|0x000000009d800000, 0x000000009d900000, 0x000000009d900000|100%| O|  |TAMS 0x000000009d900000, 0x000000009d800000| Untracked 
| 473|0x000000009d900000, 0x000000009da00000, 0x000000009da00000|100%| O|  |TAMS 0x000000009d98f000, 0x000000009d900000| Untracked 
| 474|0x000000009da00000, 0x000000009db00000, 0x000000009db00000|100%| O|  |TAMS 0x000000009da00000, 0x000000009da00000| Untracked 
| 475|0x000000009db00000, 0x000000009dc00000, 0x000000009dc00000|100%| O|  |TAMS 0x000000009db00000, 0x000000009db00000| Untracked 
| 476|0x000000009dc00000, 0x000000009dd00000, 0x000000009dd00000|100%| O|  |TAMS 0x000000009dc00000, 0x000000009dc00000| Untracked 
| 477|0x000000009dd00000, 0x000000009de00000, 0x000000009de00000|100%| O|  |TAMS 0x000000009dd00000, 0x000000009dd00000| Untracked 
| 478|0x000000009de00000, 0x000000009df00000, 0x000000009df00000|100%| O|  |TAMS 0x000000009de00000, 0x000000009de00000| Untracked 
| 479|0x000000009df00000, 0x000000009e000000, 0x000000009e000000|100%| O|  |TAMS 0x000000009df00000, 0x000000009df00000| Untracked 
| 480|0x000000009e000000, 0x000000009e100000, 0x000000009e100000|100%| O|  |TAMS 0x000000009e000000, 0x000000009e000000| Untracked 
| 481|0x000000009e100000, 0x000000009e200000, 0x000000009e200000|100%| O|  |TAMS 0x000000009e100000, 0x000000009e100000| Untracked 
| 482|0x000000009e200000, 0x000000009e300000, 0x000000009e300000|100%| O|  |TAMS 0x000000009e200000, 0x000000009e200000| Untracked 
| 483|0x000000009e300000, 0x000000009e400000, 0x000000009e400000|100%| O|  |TAMS 0x000000009e300000, 0x000000009e300000| Untracked 
| 484|0x000000009e400000, 0x000000009e500000, 0x000000009e500000|100%| O|  |TAMS 0x000000009e400000, 0x000000009e400000| Untracked 
| 485|0x000000009e500000, 0x000000009e600000, 0x000000009e600000|100%| O|  |TAMS 0x000000009e500000, 0x000000009e500000| Untracked 
| 486|0x000000009e600000, 0x000000009e700000, 0x000000009e700000|100%| O|  |TAMS 0x000000009e600000, 0x000000009e600000| Untracked 
| 487|0x000000009e700000, 0x000000009e800000, 0x000000009e800000|100%| O|  |TAMS 0x000000009e700000, 0x000000009e700000| Untracked 
| 488|0x000000009e800000, 0x000000009e900000, 0x000000009e900000|100%| O|  |TAMS 0x000000009e800000, 0x000000009e800000| Untracked 
| 489|0x000000009e900000, 0x000000009ea00000, 0x000000009ea00000|100%| O|  |TAMS 0x000000009e900000, 0x000000009e900000| Untracked 
| 490|0x000000009ea00000, 0x000000009eb00000, 0x000000009eb00000|100%| O|  |TAMS 0x000000009ea00000, 0x000000009ea00000| Untracked 
| 491|0x000000009eb00000, 0x000000009ec00000, 0x000000009ec00000|100%| O|  |TAMS 0x000000009eb00000, 0x000000009eb00000| Untracked 
| 492|0x000000009ec00000, 0x000000009ed00000, 0x000000009ed00000|100%| O|  |TAMS 0x000000009ec00000, 0x000000009ec00000| Untracked 
| 493|0x000000009ed00000, 0x000000009ee00000, 0x000000009ee00000|100%| O|  |TAMS 0x000000009ed00000, 0x000000009ed00000| Untracked 
| 494|0x000000009ee00000, 0x000000009ef00000, 0x000000009ef00000|100%| O|  |TAMS 0x000000009ee00000, 0x000000009ee00000| Untracked 
| 495|0x000000009ef00000, 0x000000009f000000, 0x000000009f000000|100%| O|  |TAMS 0x000000009ef00000, 0x000000009ef00000| Untracked 
| 496|0x000000009f000000, 0x000000009f100000, 0x000000009f100000|100%| O|  |TAMS 0x000000009f000000, 0x000000009f000000| Untracked 
| 497|0x000000009f100000, 0x000000009f200000, 0x000000009f200000|100%| O|  |TAMS 0x000000009f100000, 0x000000009f100000| Untracked 
| 498|0x000000009f200000, 0x000000009f300000, 0x000000009f300000|100%| O|  |TAMS 0x000000009f200000, 0x000000009f200000| Untracked 
| 499|0x000000009f300000, 0x000000009f400000, 0x000000009f400000|100%| O|  |TAMS 0x000000009f300000, 0x000000009f300000| Untracked 
| 500|0x000000009f400000, 0x000000009f500000, 0x000000009f500000|100%| O|  |TAMS 0x000000009f400000, 0x000000009f400000| Untracked 
| 501|0x000000009f500000, 0x000000009f600000, 0x000000009f600000|100%| O|  |TAMS 0x000000009f500000, 0x000000009f500000| Untracked 
| 502|0x000000009f600000, 0x000000009f700000, 0x000000009f700000|100%| O|  |TAMS 0x000000009f600000, 0x000000009f600000| Untracked 
| 503|0x000000009f700000, 0x000000009f800000, 0x000000009f800000|100%| O|  |TAMS 0x000000009f700000, 0x000000009f700000| Untracked 
| 504|0x000000009f800000, 0x000000009f900000, 0x000000009f900000|100%| O|  |TAMS 0x000000009f800000, 0x000000009f800000| Untracked 
| 505|0x000000009f900000, 0x000000009fa00000, 0x000000009fa00000|100%| O|  |TAMS 0x000000009f900000, 0x000000009f900000| Untracked 
| 506|0x000000009fa00000, 0x000000009fb00000, 0x000000009fb00000|100%| O|  |TAMS 0x000000009fa00000, 0x000000009fa00000| Untracked 
| 507|0x000000009fb00000, 0x000000009fc00000, 0x000000009fc00000|100%| O|  |TAMS 0x000000009fb00000, 0x000000009fb00000| Untracked 
| 508|0x000000009fc00000, 0x000000009fd00000, 0x000000009fd00000|100%| O|  |TAMS 0x000000009fc00000, 0x000000009fc00000| Untracked 
| 509|0x000000009fd00000, 0x000000009fe00000, 0x000000009fe00000|100%| O|  |TAMS 0x000000009fd00000, 0x000000009fd00000| Untracked 
| 510|0x000000009fe00000, 0x000000009ff00000, 0x000000009ff00000|100%| O|  |TAMS 0x000000009fe00000, 0x000000009fe00000| Untracked 
| 511|0x000000009ff00000, 0x00000000a0000000, 0x00000000a0000000|100%| O|  |TAMS 0x000000009ff00000, 0x000000009ff00000| Untracked 
| 512|0x00000000a0000000, 0x00000000a0100000, 0x00000000a0100000|100%| O|  |TAMS 0x00000000a0000000, 0x00000000a0000000| Untracked 
| 513|0x00000000a0100000, 0x00000000a0200000, 0x00000000a0200000|100%| O|  |TAMS 0x00000000a0100000, 0x00000000a0100000| Untracked 
| 514|0x00000000a0200000, 0x00000000a0300000, 0x00000000a0300000|100%| O|  |TAMS 0x00000000a0200000, 0x00000000a0200000| Untracked 
| 515|0x00000000a0300000, 0x00000000a0400000, 0x00000000a0400000|100%| O|  |TAMS 0x00000000a0300000, 0x00000000a0300000| Untracked 
| 516|0x00000000a0400000, 0x00000000a0500000, 0x00000000a0500000|100%| O|  |TAMS 0x00000000a0400000, 0x00000000a0400000| Untracked 
| 517|0x00000000a0500000, 0x00000000a0600000, 0x00000000a0600000|100%| O|  |TAMS 0x00000000a0500000, 0x00000000a0500000| Untracked 
| 518|0x00000000a0600000, 0x00000000a0700000, 0x00000000a0700000|100%| O|  |TAMS 0x00000000a0600000, 0x00000000a0600000| Untracked 
| 519|0x00000000a0700000, 0x00000000a0800000, 0x00000000a0800000|100%| O|  |TAMS 0x00000000a0700000, 0x00000000a0700000| Untracked 
| 520|0x00000000a0800000, 0x00000000a0900000, 0x00000000a0900000|100%| O|  |TAMS 0x00000000a0800000, 0x00000000a0800000| Untracked 
| 521|0x00000000a0900000, 0x00000000a0a00000, 0x00000000a0a00000|100%| O|  |TAMS 0x00000000a0900000, 0x00000000a0900000| Untracked 
| 522|0x00000000a0a00000, 0x00000000a0b00000, 0x00000000a0b00000|100%| O|  |TAMS 0x00000000a0a00000, 0x00000000a0a00000| Untracked 
| 523|0x00000000a0b00000, 0x00000000a0c00000, 0x00000000a0c00000|100%| O|  |TAMS 0x00000000a0b00000, 0x00000000a0b00000| Untracked 
| 524|0x00000000a0c00000, 0x00000000a0d00000, 0x00000000a0d00000|100%| O|  |TAMS 0x00000000a0c00000, 0x00000000a0c00000| Untracked 
| 525|0x00000000a0d00000, 0x00000000a0e00000, 0x00000000a0e00000|100%| O|  |TAMS 0x00000000a0d00000, 0x00000000a0d00000| Untracked 
| 526|0x00000000a0e00000, 0x00000000a0f00000, 0x00000000a0f00000|100%| O|  |TAMS 0x00000000a0e00000, 0x00000000a0e00000| Untracked 
| 527|0x00000000a0f00000, 0x00000000a1000000, 0x00000000a1000000|100%| O|  |TAMS 0x00000000a0f00000, 0x00000000a0f00000| Untracked 
| 528|0x00000000a1000000, 0x00000000a1100000, 0x00000000a1100000|100%| O|  |TAMS 0x00000000a1000000, 0x00000000a1000000| Untracked 
| 529|0x00000000a1100000, 0x00000000a1200000, 0x00000000a1200000|100%| O|  |TAMS 0x00000000a1100000, 0x00000000a1100000| Untracked 
| 530|0x00000000a1200000, 0x00000000a1300000, 0x00000000a1300000|100%| O|  |TAMS 0x00000000a1200000, 0x00000000a1200000| Untracked 
| 531|0x00000000a1300000, 0x00000000a1400000, 0x00000000a1400000|100%| O|  |TAMS 0x00000000a1300000, 0x00000000a1300000| Untracked 
| 532|0x00000000a1400000, 0x00000000a1500000, 0x00000000a1500000|100%| O|  |TAMS 0x00000000a1400000, 0x00000000a1400000| Untracked 
| 533|0x00000000a1500000, 0x00000000a1600000, 0x00000000a1600000|100%| O|  |TAMS 0x00000000a1500000, 0x00000000a1500000| Untracked 
| 534|0x00000000a1600000, 0x00000000a1700000, 0x00000000a1700000|100%| O|  |TAMS 0x00000000a1600000, 0x00000000a1600000| Untracked 
| 535|0x00000000a1700000, 0x00000000a1800000, 0x00000000a1800000|100%| O|  |TAMS 0x00000000a1700000, 0x00000000a1700000| Untracked 
| 536|0x00000000a1800000, 0x00000000a1900000, 0x00000000a1900000|100%| O|  |TAMS 0x00000000a1800000, 0x00000000a1800000| Untracked 
| 537|0x00000000a1900000, 0x00000000a1a00000, 0x00000000a1a00000|100%| O|  |TAMS 0x00000000a1900000, 0x00000000a1900000| Untracked 
| 538|0x00000000a1a00000, 0x00000000a1b00000, 0x00000000a1b00000|100%| O|  |TAMS 0x00000000a1a00000, 0x00000000a1a00000| Untracked 
| 539|0x00000000a1b00000, 0x00000000a1c00000, 0x00000000a1c00000|100%| O|  |TAMS 0x00000000a1b00000, 0x00000000a1b00000| Untracked 
| 540|0x00000000a1c00000, 0x00000000a1d00000, 0x00000000a1d00000|100%| O|  |TAMS 0x00000000a1c00000, 0x00000000a1c00000| Untracked 
| 541|0x00000000a1d00000, 0x00000000a1e00000, 0x00000000a1e00000|100%| O|  |TAMS 0x00000000a1d00000, 0x00000000a1d00000| Untracked 
| 542|0x00000000a1e00000, 0x00000000a1f00000, 0x00000000a1f00000|100%| O|  |TAMS 0x00000000a1e00000, 0x00000000a1e00000| Untracked 
| 543|0x00000000a1f00000, 0x00000000a2000000, 0x00000000a2000000|100%| O|  |TAMS 0x00000000a1f00000, 0x00000000a1f00000| Untracked 
| 544|0x00000000a2000000, 0x00000000a2100000, 0x00000000a2100000|100%| O|  |TAMS 0x00000000a2000000, 0x00000000a2000000| Untracked 
| 545|0x00000000a2100000, 0x00000000a2200000, 0x00000000a2200000|100%| O|  |TAMS 0x00000000a2100000, 0x00000000a2100000| Untracked 
| 546|0x00000000a2200000, 0x00000000a2300000, 0x00000000a2300000|100%| O|  |TAMS 0x00000000a2200000, 0x00000000a2200000| Untracked 
| 547|0x00000000a2300000, 0x00000000a23de600, 0x00000000a2400000| 86%| O|  |TAMS 0x00000000a2300000, 0x00000000a2300000| Untracked 
| 548|0x00000000a2400000, 0x00000000a2400000, 0x00000000a2500000|  0%| F|  |TAMS 0x00000000a2400000, 0x00000000a2400000| Untracked 
| 549|0x00000000a2500000, 0x00000000a2500000, 0x00000000a2600000|  0%| F|  |TAMS 0x00000000a2500000, 0x00000000a2500000| Untracked 
| 550|0x00000000a2600000, 0x00000000a2600000, 0x00000000a2700000|  0%| F|  |TAMS 0x00000000a2600000, 0x00000000a2600000| Untracked 
| 551|0x00000000a2700000, 0x00000000a2700000, 0x00000000a2800000|  0%| F|  |TAMS 0x00000000a2700000, 0x00000000a2700000| Untracked 
| 552|0x00000000a2800000, 0x00000000a2800000, 0x00000000a2900000|  0%| F|  |TAMS 0x00000000a2800000, 0x00000000a2800000| Untracked 
| 553|0x00000000a2900000, 0x00000000a2900000, 0x00000000a2a00000|  0%| F|  |TAMS 0x00000000a2900000, 0x00000000a2900000| Untracked 
| 554|0x00000000a2a00000, 0x00000000a2a00000, 0x00000000a2b00000|  0%| F|  |TAMS 0x00000000a2a00000, 0x00000000a2a00000| Untracked 
| 555|0x00000000a2b00000, 0x00000000a2b00000, 0x00000000a2c00000|  0%| F|  |TAMS 0x00000000a2b00000, 0x00000000a2b00000| Untracked 
| 556|0x00000000a2c00000, 0x00000000a2c00000, 0x00000000a2d00000|  0%| F|  |TAMS 0x00000000a2c00000, 0x00000000a2c00000| Untracked 
| 557|0x00000000a2d00000, 0x00000000a2d00000, 0x00000000a2e00000|  0%| F|  |TAMS 0x00000000a2d00000, 0x00000000a2d00000| Untracked 
| 558|0x00000000a2e00000, 0x00000000a2e00000, 0x00000000a2f00000|  0%| F|  |TAMS 0x00000000a2e00000, 0x00000000a2e00000| Untracked 
| 559|0x00000000a2f00000, 0x00000000a2f00000, 0x00000000a3000000|  0%| F|  |TAMS 0x00000000a2f00000, 0x00000000a2f00000| Untracked 
| 560|0x00000000a3000000, 0x00000000a3000000, 0x00000000a3100000|  0%| F|  |TAMS 0x00000000a3000000, 0x00000000a3000000| Untracked 
| 561|0x00000000a3100000, 0x00000000a3100000, 0x00000000a3200000|  0%| F|  |TAMS 0x00000000a3100000, 0x00000000a3100000| Untracked 
| 562|0x00000000a3200000, 0x00000000a3200000, 0x00000000a3300000|  0%| F|  |TAMS 0x00000000a3200000, 0x00000000a3200000| Untracked 
| 563|0x00000000a3300000, 0x00000000a3300000, 0x00000000a3400000|  0%| F|  |TAMS 0x00000000a3300000, 0x00000000a3300000| Untracked 
| 564|0x00000000a3400000, 0x00000000a3400000, 0x00000000a3500000|  0%| F|  |TAMS 0x00000000a3400000, 0x00000000a3400000| Untracked 
| 565|0x00000000a3500000, 0x00000000a3500000, 0x00000000a3600000|  0%| F|  |TAMS 0x00000000a3500000, 0x00000000a3500000| Untracked 
| 566|0x00000000a3600000, 0x00000000a3600000, 0x00000000a3700000|  0%| F|  |TAMS 0x00000000a3600000, 0x00000000a3600000| Untracked 
| 567|0x00000000a3700000, 0x00000000a3700000, 0x00000000a3800000|  0%| F|  |TAMS 0x00000000a3700000, 0x00000000a3700000| Untracked 
| 568|0x00000000a3800000, 0x00000000a3800000, 0x00000000a3900000|  0%| F|  |TAMS 0x00000000a3800000, 0x00000000a3800000| Untracked 
| 569|0x00000000a3900000, 0x00000000a3900000, 0x00000000a3a00000|  0%| F|  |TAMS 0x00000000a3900000, 0x00000000a3900000| Untracked 
| 570|0x00000000a3a00000, 0x00000000a3a00000, 0x00000000a3b00000|  0%| F|  |TAMS 0x00000000a3a00000, 0x00000000a3a00000| Untracked 
| 571|0x00000000a3b00000, 0x00000000a3b00000, 0x00000000a3c00000|  0%| F|  |TAMS 0x00000000a3b00000, 0x00000000a3b00000| Untracked 
| 572|0x00000000a3c00000, 0x00000000a3c00000, 0x00000000a3d00000|  0%| F|  |TAMS 0x00000000a3c00000, 0x00000000a3c00000| Untracked 
| 573|0x00000000a3d00000, 0x00000000a3d00000, 0x00000000a3e00000|  0%| F|  |TAMS 0x00000000a3d00000, 0x00000000a3d00000| Untracked 
| 574|0x00000000a3e00000, 0x00000000a3e00000, 0x00000000a3f00000|  0%| F|  |TAMS 0x00000000a3e00000, 0x00000000a3e00000| Untracked 
| 575|0x00000000a3f00000, 0x00000000a3f00000, 0x00000000a4000000|  0%| F|  |TAMS 0x00000000a3f00000, 0x00000000a3f00000| Untracked 
| 576|0x00000000a4000000, 0x00000000a4000000, 0x00000000a4100000|  0%| F|  |TAMS 0x00000000a4000000, 0x00000000a4000000| Untracked 
| 577|0x00000000a4100000, 0x00000000a4100000, 0x00000000a4200000|  0%| F|  |TAMS 0x00000000a4100000, 0x00000000a4100000| Untracked 
| 578|0x00000000a4200000, 0x00000000a4200000, 0x00000000a4300000|  0%| F|  |TAMS 0x00000000a4200000, 0x00000000a4200000| Untracked 
| 579|0x00000000a4300000, 0x00000000a4300000, 0x00000000a4400000|  0%| F|  |TAMS 0x00000000a4300000, 0x00000000a4300000| Untracked 
| 580|0x00000000a4400000, 0x00000000a4400000, 0x00000000a4500000|  0%| F|  |TAMS 0x00000000a4400000, 0x00000000a4400000| Untracked 
| 581|0x00000000a4500000, 0x00000000a4500000, 0x00000000a4600000|  0%| F|  |TAMS 0x00000000a4500000, 0x00000000a4500000| Untracked 
| 582|0x00000000a4600000, 0x00000000a4600000, 0x00000000a4700000|  0%| F|  |TAMS 0x00000000a4600000, 0x00000000a4600000| Untracked 
| 583|0x00000000a4700000, 0x00000000a4700000, 0x00000000a4800000|  0%| F|  |TAMS 0x00000000a4700000, 0x00000000a4700000| Untracked 
| 584|0x00000000a4800000, 0x00000000a4800000, 0x00000000a4900000|  0%| F|  |TAMS 0x00000000a4800000, 0x00000000a4800000| Untracked 
| 585|0x00000000a4900000, 0x00000000a4900000, 0x00000000a4a00000|  0%| F|  |TAMS 0x00000000a4900000, 0x00000000a4900000| Untracked 
| 586|0x00000000a4a00000, 0x00000000a4a00000, 0x00000000a4b00000|  0%| F|  |TAMS 0x00000000a4a00000, 0x00000000a4a00000| Untracked 
| 587|0x00000000a4b00000, 0x00000000a4b00000, 0x00000000a4c00000|  0%| F|  |TAMS 0x00000000a4b00000, 0x00000000a4b00000| Untracked 
| 588|0x00000000a4c00000, 0x00000000a4c00000, 0x00000000a4d00000|  0%| F|  |TAMS 0x00000000a4c00000, 0x00000000a4c00000| Untracked 
| 589|0x00000000a4d00000, 0x00000000a4d00000, 0x00000000a4e00000|  0%| F|  |TAMS 0x00000000a4d00000, 0x00000000a4d00000| Untracked 
| 590|0x00000000a4e00000, 0x00000000a4e00000, 0x00000000a4f00000|  0%| F|  |TAMS 0x00000000a4e00000, 0x00000000a4e00000| Untracked 
| 591|0x00000000a4f00000, 0x00000000a4f00000, 0x00000000a5000000|  0%| F|  |TAMS 0x00000000a4f00000, 0x00000000a4f00000| Untracked 
| 592|0x00000000a5000000, 0x00000000a5000000, 0x00000000a5100000|  0%| F|  |TAMS 0x00000000a5000000, 0x00000000a5000000| Untracked 
| 593|0x00000000a5100000, 0x00000000a5100000, 0x00000000a5200000|  0%| F|  |TAMS 0x00000000a5100000, 0x00000000a5100000| Untracked 
| 594|0x00000000a5200000, 0x00000000a5200000, 0x00000000a5300000|  0%| F|  |TAMS 0x00000000a5200000, 0x00000000a5200000| Untracked 
| 595|0x00000000a5300000, 0x00000000a5300000, 0x00000000a5400000|  0%| F|  |TAMS 0x00000000a5300000, 0x00000000a5300000| Untracked 
| 596|0x00000000a5400000, 0x00000000a5400000, 0x00000000a5500000|  0%| F|  |TAMS 0x00000000a5400000, 0x00000000a5400000| Untracked 
| 597|0x00000000a5500000, 0x00000000a5500000, 0x00000000a5600000|  0%| F|  |TAMS 0x00000000a5500000, 0x00000000a5500000| Untracked 
| 598|0x00000000a5600000, 0x00000000a5600000, 0x00000000a5700000|  0%| F|  |TAMS 0x00000000a5600000, 0x00000000a5600000| Untracked 
| 599|0x00000000a5700000, 0x00000000a5700000, 0x00000000a5800000|  0%| F|  |TAMS 0x00000000a5700000, 0x00000000a5700000| Untracked 
| 600|0x00000000a5800000, 0x00000000a5800000, 0x00000000a5900000|  0%| F|  |TAMS 0x00000000a5800000, 0x00000000a5800000| Untracked 
| 601|0x00000000a5900000, 0x00000000a5900000, 0x00000000a5a00000|  0%| F|  |TAMS 0x00000000a5900000, 0x00000000a5900000| Untracked 
| 602|0x00000000a5a00000, 0x00000000a5a00000, 0x00000000a5b00000|  0%| F|  |TAMS 0x00000000a5a00000, 0x00000000a5a00000| Untracked 
| 603|0x00000000a5b00000, 0x00000000a5b00000, 0x00000000a5c00000|  0%| F|  |TAMS 0x00000000a5b00000, 0x00000000a5b00000| Untracked 
| 604|0x00000000a5c00000, 0x00000000a5c00000, 0x00000000a5d00000|  0%| F|  |TAMS 0x00000000a5c00000, 0x00000000a5c00000| Untracked 
| 605|0x00000000a5d00000, 0x00000000a5d00000, 0x00000000a5e00000|  0%| F|  |TAMS 0x00000000a5d00000, 0x00000000a5d00000| Untracked 
| 606|0x00000000a5e00000, 0x00000000a5e00000, 0x00000000a5f00000|  0%| F|  |TAMS 0x00000000a5e00000, 0x00000000a5e00000| Untracked 
| 607|0x00000000a5f00000, 0x00000000a5f00000, 0x00000000a6000000|  0%| F|  |TAMS 0x00000000a5f00000, 0x00000000a5f00000| Untracked 
| 608|0x00000000a6000000, 0x00000000a6000000, 0x00000000a6100000|  0%| F|  |TAMS 0x00000000a6000000, 0x00000000a6000000| Untracked 
| 609|0x00000000a6100000, 0x00000000a6100000, 0x00000000a6200000|  0%| F|  |TAMS 0x00000000a6100000, 0x00000000a6100000| Untracked 
| 610|0x00000000a6200000, 0x00000000a6200000, 0x00000000a6300000|  0%| F|  |TAMS 0x00000000a6200000, 0x00000000a6200000| Untracked 
| 611|0x00000000a6300000, 0x00000000a6300000, 0x00000000a6400000|  0%| F|  |TAMS 0x00000000a6300000, 0x00000000a6300000| Untracked 
| 612|0x00000000a6400000, 0x00000000a6400000, 0x00000000a6500000|  0%| F|  |TAMS 0x00000000a6400000, 0x00000000a6400000| Untracked 
| 613|0x00000000a6500000, 0x00000000a6500000, 0x00000000a6600000|  0%| F|  |TAMS 0x00000000a6500000, 0x00000000a6500000| Untracked 
| 614|0x00000000a6600000, 0x00000000a6600000, 0x00000000a6700000|  0%| F|  |TAMS 0x00000000a6600000, 0x00000000a6600000| Untracked 
| 615|0x00000000a6700000, 0x00000000a6700000, 0x00000000a6800000|  0%| F|  |TAMS 0x00000000a6700000, 0x00000000a6700000| Untracked 
| 616|0x00000000a6800000, 0x00000000a6800000, 0x00000000a6900000|  0%| F|  |TAMS 0x00000000a6800000, 0x00000000a6800000| Untracked 
| 617|0x00000000a6900000, 0x00000000a6900000, 0x00000000a6a00000|  0%| F|  |TAMS 0x00000000a6900000, 0x00000000a6900000| Untracked 
| 618|0x00000000a6a00000, 0x00000000a6a00000, 0x00000000a6b00000|  0%| F|  |TAMS 0x00000000a6a00000, 0x00000000a6a00000| Untracked 
| 619|0x00000000a6b00000, 0x00000000a6b00000, 0x00000000a6c00000|  0%| F|  |TAMS 0x00000000a6b00000, 0x00000000a6b00000| Untracked 
| 620|0x00000000a6c00000, 0x00000000a6c00000, 0x00000000a6d00000|  0%| F|  |TAMS 0x00000000a6c00000, 0x00000000a6c00000| Untracked 
| 621|0x00000000a6d00000, 0x00000000a6d00000, 0x00000000a6e00000|  0%| F|  |TAMS 0x00000000a6d00000, 0x00000000a6d00000| Untracked 
| 622|0x00000000a6e00000, 0x00000000a6e00000, 0x00000000a6f00000|  0%| F|  |TAMS 0x00000000a6e00000, 0x00000000a6e00000| Untracked 
| 623|0x00000000a6f00000, 0x00000000a6f00000, 0x00000000a7000000|  0%| F|  |TAMS 0x00000000a6f00000, 0x00000000a6f00000| Untracked 
| 624|0x00000000a7000000, 0x00000000a7000000, 0x00000000a7100000|  0%| F|  |TAMS 0x00000000a7000000, 0x00000000a7000000| Untracked 
| 625|0x00000000a7100000, 0x00000000a7100000, 0x00000000a7200000|  0%| F|  |TAMS 0x00000000a7100000, 0x00000000a7100000| Untracked 
| 626|0x00000000a7200000, 0x00000000a7200000, 0x00000000a7300000|  0%| F|  |TAMS 0x00000000a7200000, 0x00000000a7200000| Untracked 
| 627|0x00000000a7300000, 0x00000000a7300000, 0x00000000a7400000|  0%| F|  |TAMS 0x00000000a7300000, 0x00000000a7300000| Untracked 
| 628|0x00000000a7400000, 0x00000000a7400000, 0x00000000a7500000|  0%| F|  |TAMS 0x00000000a7400000, 0x00000000a7400000| Untracked 
| 629|0x00000000a7500000, 0x00000000a7500000, 0x00000000a7600000|  0%| F|  |TAMS 0x00000000a7500000, 0x00000000a7500000| Untracked 
| 630|0x00000000a7600000, 0x00000000a7600000, 0x00000000a7700000|  0%| F|  |TAMS 0x00000000a7600000, 0x00000000a7600000| Untracked 
| 631|0x00000000a7700000, 0x00000000a7700000, 0x00000000a7800000|  0%| F|  |TAMS 0x00000000a7700000, 0x00000000a7700000| Untracked 
| 632|0x00000000a7800000, 0x00000000a7800000, 0x00000000a7900000|  0%| F|  |TAMS 0x00000000a7800000, 0x00000000a7800000| Untracked 
| 633|0x00000000a7900000, 0x00000000a7900000, 0x00000000a7a00000|  0%| F|  |TAMS 0x00000000a7900000, 0x00000000a7900000| Untracked 
| 634|0x00000000a7a00000, 0x00000000a7a00000, 0x00000000a7b00000|  0%| F|  |TAMS 0x00000000a7a00000, 0x00000000a7a00000| Untracked 
| 635|0x00000000a7b00000, 0x00000000a7b00000, 0x00000000a7c00000|  0%| F|  |TAMS 0x00000000a7b00000, 0x00000000a7b00000| Untracked 
| 636|0x00000000a7c00000, 0x00000000a7c00000, 0x00000000a7d00000|  0%| F|  |TAMS 0x00000000a7c00000, 0x00000000a7c00000| Untracked 
| 637|0x00000000a7d00000, 0x00000000a7d00000, 0x00000000a7e00000|  0%| F|  |TAMS 0x00000000a7d00000, 0x00000000a7d00000| Untracked 
| 638|0x00000000a7e00000, 0x00000000a7e00000, 0x00000000a7f00000|  0%| F|  |TAMS 0x00000000a7e00000, 0x00000000a7e00000| Untracked 
| 639|0x00000000a7f00000, 0x00000000a7f00000, 0x00000000a8000000|  0%| F|  |TAMS 0x00000000a7f00000, 0x00000000a7f00000| Untracked 
| 640|0x00000000a8000000, 0x00000000a8000000, 0x00000000a8100000|  0%| F|  |TAMS 0x00000000a8000000, 0x00000000a8000000| Untracked 
| 641|0x00000000a8100000, 0x00000000a8100000, 0x00000000a8200000|  0%| F|  |TAMS 0x00000000a8100000, 0x00000000a8100000| Untracked 
| 642|0x00000000a8200000, 0x00000000a8200000, 0x00000000a8300000|  0%| F|  |TAMS 0x00000000a8200000, 0x00000000a8200000| Untracked 
| 643|0x00000000a8300000, 0x00000000a8300000, 0x00000000a8400000|  0%| F|  |TAMS 0x00000000a8300000, 0x00000000a8300000| Untracked 
| 644|0x00000000a8400000, 0x00000000a8400000, 0x00000000a8500000|  0%| F|  |TAMS 0x00000000a8400000, 0x00000000a8400000| Untracked 
| 645|0x00000000a8500000, 0x00000000a8500000, 0x00000000a8600000|  0%| F|  |TAMS 0x00000000a8500000, 0x00000000a8500000| Untracked 
| 646|0x00000000a8600000, 0x00000000a8600000, 0x00000000a8700000|  0%| F|  |TAMS 0x00000000a8600000, 0x00000000a8600000| Untracked 
| 647|0x00000000a8700000, 0x00000000a8700000, 0x00000000a8800000|  0%| F|  |TAMS 0x00000000a8700000, 0x00000000a8700000| Untracked 
| 648|0x00000000a8800000, 0x00000000a8800000, 0x00000000a8900000|  0%| F|  |TAMS 0x00000000a8800000, 0x00000000a8800000| Untracked 
| 649|0x00000000a8900000, 0x00000000a8900000, 0x00000000a8a00000|  0%| F|  |TAMS 0x00000000a8900000, 0x00000000a8900000| Untracked 
| 650|0x00000000a8a00000, 0x00000000a8a00000, 0x00000000a8b00000|  0%| F|  |TAMS 0x00000000a8a00000, 0x00000000a8a00000| Untracked 
| 651|0x00000000a8b00000, 0x00000000a8b00000, 0x00000000a8c00000|  0%| F|  |TAMS 0x00000000a8b00000, 0x00000000a8b00000| Untracked 
| 652|0x00000000a8c00000, 0x00000000a8c00000, 0x00000000a8d00000|  0%| F|  |TAMS 0x00000000a8c00000, 0x00000000a8c00000| Untracked 
| 653|0x00000000a8d00000, 0x00000000a8d00000, 0x00000000a8e00000|  0%| F|  |TAMS 0x00000000a8d00000, 0x00000000a8d00000| Untracked 
| 654|0x00000000a8e00000, 0x00000000a8e00000, 0x00000000a8f00000|  0%| F|  |TAMS 0x00000000a8e00000, 0x00000000a8e00000| Untracked 
| 655|0x00000000a8f00000, 0x00000000a8f00000, 0x00000000a9000000|  0%| F|  |TAMS 0x00000000a8f00000, 0x00000000a8f00000| Untracked 
| 656|0x00000000a9000000, 0x00000000a9000000, 0x00000000a9100000|  0%| F|  |TAMS 0x00000000a9000000, 0x00000000a9000000| Untracked 
| 657|0x00000000a9100000, 0x00000000a9100000, 0x00000000a9200000|  0%| F|  |TAMS 0x00000000a9100000, 0x00000000a9100000| Untracked 
| 658|0x00000000a9200000, 0x00000000a9200000, 0x00000000a9300000|  0%| F|  |TAMS 0x00000000a9200000, 0x00000000a9200000| Untracked 
| 659|0x00000000a9300000, 0x00000000a9300000, 0x00000000a9400000|  0%| F|  |TAMS 0x00000000a9300000, 0x00000000a9300000| Untracked 
| 660|0x00000000a9400000, 0x00000000a9400000, 0x00000000a9500000|  0%| F|  |TAMS 0x00000000a9400000, 0x00000000a9400000| Untracked 
| 661|0x00000000a9500000, 0x00000000a9500000, 0x00000000a9600000|  0%| F|  |TAMS 0x00000000a9500000, 0x00000000a9500000| Untracked 
| 662|0x00000000a9600000, 0x00000000a9600000, 0x00000000a9700000|  0%| F|  |TAMS 0x00000000a9600000, 0x00000000a9600000| Untracked 
| 663|0x00000000a9700000, 0x00000000a9700000, 0x00000000a9800000|  0%| F|  |TAMS 0x00000000a9700000, 0x00000000a9700000| Untracked 
| 664|0x00000000a9800000, 0x00000000a9800000, 0x00000000a9900000|  0%| F|  |TAMS 0x00000000a9800000, 0x00000000a9800000| Untracked 
| 665|0x00000000a9900000, 0x00000000a9900000, 0x00000000a9a00000|  0%| F|  |TAMS 0x00000000a9900000, 0x00000000a9900000| Untracked 
| 666|0x00000000a9a00000, 0x00000000a9a00000, 0x00000000a9b00000|  0%| F|  |TAMS 0x00000000a9a00000, 0x00000000a9a00000| Untracked 
| 667|0x00000000a9b00000, 0x00000000a9b00000, 0x00000000a9c00000|  0%| F|  |TAMS 0x00000000a9b00000, 0x00000000a9b00000| Untracked 
| 668|0x00000000a9c00000, 0x00000000a9c00000, 0x00000000a9d00000|  0%| F|  |TAMS 0x00000000a9c00000, 0x00000000a9c00000| Untracked 
| 669|0x00000000a9d00000, 0x00000000a9d00000, 0x00000000a9e00000|  0%| F|  |TAMS 0x00000000a9d00000, 0x00000000a9d00000| Untracked 
| 670|0x00000000a9e00000, 0x00000000a9e00000, 0x00000000a9f00000|  0%| F|  |TAMS 0x00000000a9e00000, 0x00000000a9e00000| Untracked 
| 671|0x00000000a9f00000, 0x00000000a9f00000, 0x00000000aa000000|  0%| F|  |TAMS 0x00000000a9f00000, 0x00000000a9f00000| Untracked 
| 672|0x00000000aa000000, 0x00000000aa000000, 0x00000000aa100000|  0%| F|  |TAMS 0x00000000aa000000, 0x00000000aa000000| Untracked 
| 673|0x00000000aa100000, 0x00000000aa100000, 0x00000000aa200000|  0%| F|  |TAMS 0x00000000aa100000, 0x00000000aa100000| Untracked 
| 674|0x00000000aa200000, 0x00000000aa200000, 0x00000000aa300000|  0%| F|  |TAMS 0x00000000aa200000, 0x00000000aa200000| Untracked 
| 675|0x00000000aa300000, 0x00000000aa300000, 0x00000000aa400000|  0%| F|  |TAMS 0x00000000aa300000, 0x00000000aa300000| Untracked 
| 676|0x00000000aa400000, 0x00000000aa400000, 0x00000000aa500000|  0%| F|  |TAMS 0x00000000aa400000, 0x00000000aa400000| Untracked 
| 677|0x00000000aa500000, 0x00000000aa500000, 0x00000000aa600000|  0%| F|  |TAMS 0x00000000aa500000, 0x00000000aa500000| Untracked 
| 678|0x00000000aa600000, 0x00000000aa600000, 0x00000000aa700000|  0%| F|  |TAMS 0x00000000aa600000, 0x00000000aa600000| Untracked 
| 679|0x00000000aa700000, 0x00000000aa700000, 0x00000000aa800000|  0%| F|  |TAMS 0x00000000aa700000, 0x00000000aa700000| Untracked 
| 680|0x00000000aa800000, 0x00000000aa800000, 0x00000000aa900000|  0%| F|  |TAMS 0x00000000aa800000, 0x00000000aa800000| Untracked 
| 681|0x00000000aa900000, 0x00000000aa900000, 0x00000000aaa00000|  0%| F|  |TAMS 0x00000000aa900000, 0x00000000aa900000| Untracked 
| 682|0x00000000aaa00000, 0x00000000aaa00000, 0x00000000aab00000|  0%| F|  |TAMS 0x00000000aaa00000, 0x00000000aaa00000| Untracked 
| 683|0x00000000aab00000, 0x00000000aab00000, 0x00000000aac00000|  0%| F|  |TAMS 0x00000000aab00000, 0x00000000aab00000| Untracked 
| 684|0x00000000aac00000, 0x00000000aac00000, 0x00000000aad00000|  0%| F|  |TAMS 0x00000000aac00000, 0x00000000aac00000| Untracked 
| 685|0x00000000aad00000, 0x00000000aad00000, 0x00000000aae00000|  0%| F|  |TAMS 0x00000000aad00000, 0x00000000aad00000| Untracked 
| 686|0x00000000aae00000, 0x00000000aae00000, 0x00000000aaf00000|  0%| F|  |TAMS 0x00000000aae00000, 0x00000000aae00000| Untracked 
| 687|0x00000000aaf00000, 0x00000000aaf00000, 0x00000000ab000000|  0%| F|  |TAMS 0x00000000aaf00000, 0x00000000aaf00000| Untracked 
| 688|0x00000000ab000000, 0x00000000ab000000, 0x00000000ab100000|  0%| F|  |TAMS 0x00000000ab000000, 0x00000000ab000000| Untracked 
| 689|0x00000000ab100000, 0x00000000ab100000, 0x00000000ab200000|  0%| F|  |TAMS 0x00000000ab100000, 0x00000000ab100000| Untracked 
| 690|0x00000000ab200000, 0x00000000ab200000, 0x00000000ab300000|  0%| F|  |TAMS 0x00000000ab200000, 0x00000000ab200000| Untracked 
| 691|0x00000000ab300000, 0x00000000ab300000, 0x00000000ab400000|  0%| F|  |TAMS 0x00000000ab300000, 0x00000000ab300000| Untracked 
| 692|0x00000000ab400000, 0x00000000ab400000, 0x00000000ab500000|  0%| F|  |TAMS 0x00000000ab400000, 0x00000000ab400000| Untracked 
| 693|0x00000000ab500000, 0x00000000ab500000, 0x00000000ab600000|  0%| F|  |TAMS 0x00000000ab500000, 0x00000000ab500000| Untracked 
| 694|0x00000000ab600000, 0x00000000ab600000, 0x00000000ab700000|  0%| F|  |TAMS 0x00000000ab600000, 0x00000000ab600000| Untracked 
| 695|0x00000000ab700000, 0x00000000ab700000, 0x00000000ab800000|  0%| F|  |TAMS 0x00000000ab700000, 0x00000000ab700000| Untracked 
| 696|0x00000000ab800000, 0x00000000ab890040, 0x00000000ab900000| 56%| S|CS|TAMS 0x00000000ab800000, 0x00000000ab800000| Complete 
| 697|0x00000000ab900000, 0x00000000aba00000, 0x00000000aba00000|100%| S|CS|TAMS 0x00000000ab900000, 0x00000000ab900000| Complete 
| 698|0x00000000aba00000, 0x00000000abb00000, 0x00000000abb00000|100%| S|CS|TAMS 0x00000000aba00000, 0x00000000aba00000| Complete 
| 699|0x00000000abb00000, 0x00000000abc00000, 0x00000000abc00000|100%| S|CS|TAMS 0x00000000abb00000, 0x00000000abb00000| Complete 
| 700|0x00000000abc00000, 0x00000000abd00000, 0x00000000abd00000|100%| S|CS|TAMS 0x00000000abc00000, 0x00000000abc00000| Complete 
| 701|0x00000000abd00000, 0x00000000abe00000, 0x00000000abe00000|100%| S|CS|TAMS 0x00000000abd00000, 0x00000000abd00000| Complete 
| 702|0x00000000abe00000, 0x00000000abf00000, 0x00000000abf00000|100%| S|CS|TAMS 0x00000000abe00000, 0x00000000abe00000| Complete 
| 703|0x00000000abf00000, 0x00000000ac000000, 0x00000000ac000000|100%| S|CS|TAMS 0x00000000abf00000, 0x00000000abf00000| Complete 
| 704|0x00000000ac000000, 0x00000000ac100000, 0x00000000ac100000|100%| S|CS|TAMS 0x00000000ac000000, 0x00000000ac000000| Complete 
| 705|0x00000000ac100000, 0x00000000ac200000, 0x00000000ac200000|100%| S|CS|TAMS 0x00000000ac100000, 0x00000000ac100000| Complete 
| 706|0x00000000ac200000, 0x00000000ac300000, 0x00000000ac300000|100%| S|CS|TAMS 0x00000000ac200000, 0x00000000ac200000| Complete 
| 707|0x00000000ac300000, 0x00000000ac400000, 0x00000000ac400000|100%| S|CS|TAMS 0x00000000ac300000, 0x00000000ac300000| Complete 
| 708|0x00000000ac400000, 0x00000000ac500000, 0x00000000ac500000|100%| S|CS|TAMS 0x00000000ac400000, 0x00000000ac400000| Complete 
| 709|0x00000000ac500000, 0x00000000ac600000, 0x00000000ac600000|100%| S|CS|TAMS 0x00000000ac500000, 0x00000000ac500000| Complete 
| 710|0x00000000ac600000, 0x00000000ac600000, 0x00000000ac700000|  0%| F|  |TAMS 0x00000000ac600000, 0x00000000ac600000| Untracked 
| 711|0x00000000ac700000, 0x00000000ac700000, 0x00000000ac800000|  0%| F|  |TAMS 0x00000000ac700000, 0x00000000ac700000| Untracked 
| 712|0x00000000ac800000, 0x00000000ac800000, 0x00000000ac900000|  0%| F|  |TAMS 0x00000000ac800000, 0x00000000ac800000| Untracked 
| 713|0x00000000ac900000, 0x00000000ac900000, 0x00000000aca00000|  0%| F|  |TAMS 0x00000000ac900000, 0x00000000ac900000| Untracked 
| 714|0x00000000aca00000, 0x00000000aca00000, 0x00000000acb00000|  0%| F|  |TAMS 0x00000000aca00000, 0x00000000aca00000| Untracked 
| 715|0x00000000acb00000, 0x00000000acb00000, 0x00000000acc00000|  0%| F|  |TAMS 0x00000000acb00000, 0x00000000acb00000| Untracked 
| 716|0x00000000acc00000, 0x00000000acc00000, 0x00000000acd00000|  0%| F|  |TAMS 0x00000000acc00000, 0x00000000acc00000| Untracked 
| 717|0x00000000acd00000, 0x00000000acd00000, 0x00000000ace00000|  0%| F|  |TAMS 0x00000000acd00000, 0x00000000acd00000| Untracked 
| 718|0x00000000ace00000, 0x00000000ace00000, 0x00000000acf00000|  0%| F|  |TAMS 0x00000000ace00000, 0x00000000ace00000| Untracked 
| 719|0x00000000acf00000, 0x00000000acf00000, 0x00000000ad000000|  0%| F|  |TAMS 0x00000000acf00000, 0x00000000acf00000| Untracked 
| 720|0x00000000ad000000, 0x00000000ad000000, 0x00000000ad100000|  0%| F|  |TAMS 0x00000000ad000000, 0x00000000ad000000| Untracked 
| 721|0x00000000ad100000, 0x00000000ad100000, 0x00000000ad200000|  0%| F|  |TAMS 0x00000000ad100000, 0x00000000ad100000| Untracked 
| 722|0x00000000ad200000, 0x00000000ad200000, 0x00000000ad300000|  0%| F|  |TAMS 0x00000000ad200000, 0x00000000ad200000| Untracked 
| 723|0x00000000ad300000, 0x00000000ad300000, 0x00000000ad400000|  0%| F|  |TAMS 0x00000000ad300000, 0x00000000ad300000| Untracked 
| 724|0x00000000ad400000, 0x00000000ad400000, 0x00000000ad500000|  0%| F|  |TAMS 0x00000000ad400000, 0x00000000ad400000| Untracked 
| 725|0x00000000ad500000, 0x00000000ad500000, 0x00000000ad600000|  0%| F|  |TAMS 0x00000000ad500000, 0x00000000ad500000| Untracked 
| 726|0x00000000ad600000, 0x00000000ad600000, 0x00000000ad700000|  0%| F|  |TAMS 0x00000000ad600000, 0x00000000ad600000| Untracked 
| 727|0x00000000ad700000, 0x00000000ad700000, 0x00000000ad800000|  0%| F|  |TAMS 0x00000000ad700000, 0x00000000ad700000| Untracked 
| 728|0x00000000ad800000, 0x00000000ad800000, 0x00000000ad900000|  0%| F|  |TAMS 0x00000000ad800000, 0x00000000ad800000| Untracked 
| 729|0x00000000ad900000, 0x00000000ad900000, 0x00000000ada00000|  0%| F|  |TAMS 0x00000000ad900000, 0x00000000ad900000| Untracked 
| 730|0x00000000ada00000, 0x00000000ada00000, 0x00000000adb00000|  0%| F|  |TAMS 0x00000000ada00000, 0x00000000ada00000| Untracked 
| 731|0x00000000adb00000, 0x00000000adb00000, 0x00000000adc00000|  0%| F|  |TAMS 0x00000000adb00000, 0x00000000adb00000| Untracked 
| 732|0x00000000adc00000, 0x00000000adc00000, 0x00000000add00000|  0%| F|  |TAMS 0x00000000adc00000, 0x00000000adc00000| Untracked 
| 733|0x00000000add00000, 0x00000000add00000, 0x00000000ade00000|  0%| F|  |TAMS 0x00000000add00000, 0x00000000add00000| Untracked 
| 734|0x00000000ade00000, 0x00000000ade00000, 0x00000000adf00000|  0%| F|  |TAMS 0x00000000ade00000, 0x00000000ade00000| Untracked 
| 735|0x00000000adf00000, 0x00000000adf00000, 0x00000000ae000000|  0%| F|  |TAMS 0x00000000adf00000, 0x00000000adf00000| Untracked 
| 736|0x00000000ae000000, 0x00000000ae000000, 0x00000000ae100000|  0%| F|  |TAMS 0x00000000ae000000, 0x00000000ae000000| Untracked 
| 737|0x00000000ae100000, 0x00000000ae100000, 0x00000000ae200000|  0%| F|  |TAMS 0x00000000ae100000, 0x00000000ae100000| Untracked 
| 738|0x00000000ae200000, 0x00000000ae200000, 0x00000000ae300000|  0%| F|  |TAMS 0x00000000ae200000, 0x00000000ae200000| Untracked 
| 739|0x00000000ae300000, 0x00000000ae300000, 0x00000000ae400000|  0%| F|  |TAMS 0x00000000ae300000, 0x00000000ae300000| Untracked 
| 740|0x00000000ae400000, 0x00000000ae400000, 0x00000000ae500000|  0%| F|  |TAMS 0x00000000ae400000, 0x00000000ae400000| Untracked 
| 741|0x00000000ae500000, 0x00000000ae500000, 0x00000000ae600000|  0%| F|  |TAMS 0x00000000ae500000, 0x00000000ae500000| Untracked 
| 742|0x00000000ae600000, 0x00000000ae600000, 0x00000000ae700000|  0%| F|  |TAMS 0x00000000ae600000, 0x00000000ae600000| Untracked 
| 743|0x00000000ae700000, 0x00000000ae700000, 0x00000000ae800000|  0%| F|  |TAMS 0x00000000ae700000, 0x00000000ae700000| Untracked 
| 744|0x00000000ae800000, 0x00000000ae800000, 0x00000000ae900000|  0%| F|  |TAMS 0x00000000ae800000, 0x00000000ae800000| Untracked 
| 745|0x00000000ae900000, 0x00000000ae900000, 0x00000000aea00000|  0%| F|  |TAMS 0x00000000ae900000, 0x00000000ae900000| Untracked 
| 746|0x00000000aea00000, 0x00000000aea00000, 0x00000000aeb00000|  0%| F|  |TAMS 0x00000000aea00000, 0x00000000aea00000| Untracked 
| 747|0x00000000aeb00000, 0x00000000aeb00000, 0x00000000aec00000|  0%| F|  |TAMS 0x00000000aeb00000, 0x00000000aeb00000| Untracked 
| 748|0x00000000aec00000, 0x00000000aec00000, 0x00000000aed00000|  0%| F|  |TAMS 0x00000000aec00000, 0x00000000aec00000| Untracked 
| 749|0x00000000aed00000, 0x00000000aed00000, 0x00000000aee00000|  0%| F|  |TAMS 0x00000000aed00000, 0x00000000aed00000| Untracked 
| 750|0x00000000aee00000, 0x00000000aee00000, 0x00000000aef00000|  0%| F|  |TAMS 0x00000000aee00000, 0x00000000aee00000| Untracked 
| 751|0x00000000aef00000, 0x00000000aef00000, 0x00000000af000000|  0%| F|  |TAMS 0x00000000aef00000, 0x00000000aef00000| Untracked 
| 752|0x00000000af000000, 0x00000000af000000, 0x00000000af100000|  0%| F|  |TAMS 0x00000000af000000, 0x00000000af000000| Untracked 
| 753|0x00000000af100000, 0x00000000af100000, 0x00000000af200000|  0%| F|  |TAMS 0x00000000af100000, 0x00000000af100000| Untracked 
| 754|0x00000000af200000, 0x00000000af200000, 0x00000000af300000|  0%| F|  |TAMS 0x00000000af200000, 0x00000000af200000| Untracked 
| 755|0x00000000af300000, 0x00000000af300000, 0x00000000af400000|  0%| F|  |TAMS 0x00000000af300000, 0x00000000af300000| Untracked 
| 756|0x00000000af400000, 0x00000000af400000, 0x00000000af500000|  0%| F|  |TAMS 0x00000000af400000, 0x00000000af400000| Untracked 
| 757|0x00000000af500000, 0x00000000af500000, 0x00000000af600000|  0%| F|  |TAMS 0x00000000af500000, 0x00000000af500000| Untracked 
| 758|0x00000000af600000, 0x00000000af600000, 0x00000000af700000|  0%| F|  |TAMS 0x00000000af600000, 0x00000000af600000| Untracked 
| 759|0x00000000af700000, 0x00000000af700000, 0x00000000af800000|  0%| F|  |TAMS 0x00000000af700000, 0x00000000af700000| Untracked 
| 760|0x00000000af800000, 0x00000000af800000, 0x00000000af900000|  0%| F|  |TAMS 0x00000000af800000, 0x00000000af800000| Untracked 
| 761|0x00000000af900000, 0x00000000af900000, 0x00000000afa00000|  0%| F|  |TAMS 0x00000000af900000, 0x00000000af900000| Untracked 
| 762|0x00000000afa00000, 0x00000000afa00000, 0x00000000afb00000|  0%| F|  |TAMS 0x00000000afa00000, 0x00000000afa00000| Untracked 
| 763|0x00000000afb00000, 0x00000000afb00000, 0x00000000afc00000|  0%| F|  |TAMS 0x00000000afb00000, 0x00000000afb00000| Untracked 
| 764|0x00000000afc00000, 0x00000000afc00000, 0x00000000afd00000|  0%| F|  |TAMS 0x00000000afc00000, 0x00000000afc00000| Untracked 
| 765|0x00000000afd00000, 0x00000000afd00000, 0x00000000afe00000|  0%| F|  |TAMS 0x00000000afd00000, 0x00000000afd00000| Untracked 
| 766|0x00000000afe00000, 0x00000000afe00000, 0x00000000aff00000|  0%| F|  |TAMS 0x00000000afe00000, 0x00000000afe00000| Untracked 
| 767|0x00000000aff00000, 0x00000000aff00000, 0x00000000b0000000|  0%| F|  |TAMS 0x00000000aff00000, 0x00000000aff00000| Untracked 
| 768|0x00000000b0000000, 0x00000000b0000000, 0x00000000b0100000|  0%| F|  |TAMS 0x00000000b0000000, 0x00000000b0000000| Untracked 
| 769|0x00000000b0100000, 0x00000000b0100000, 0x00000000b0200000|  0%| F|  |TAMS 0x00000000b0100000, 0x00000000b0100000| Untracked 
| 770|0x00000000b0200000, 0x00000000b0200000, 0x00000000b0300000|  0%| F|  |TAMS 0x00000000b0200000, 0x00000000b0200000| Untracked 
| 771|0x00000000b0300000, 0x00000000b0300000, 0x00000000b0400000|  0%| F|  |TAMS 0x00000000b0300000, 0x00000000b0300000| Untracked 
| 772|0x00000000b0400000, 0x00000000b0400000, 0x00000000b0500000|  0%| F|  |TAMS 0x00000000b0400000, 0x00000000b0400000| Untracked 
| 773|0x00000000b0500000, 0x00000000b0500000, 0x00000000b0600000|  0%| F|  |TAMS 0x00000000b0500000, 0x00000000b0500000| Untracked 
| 774|0x00000000b0600000, 0x00000000b0600000, 0x00000000b0700000|  0%| F|  |TAMS 0x00000000b0600000, 0x00000000b0600000| Untracked 
| 775|0x00000000b0700000, 0x00000000b0700000, 0x00000000b0800000|  0%| F|  |TAMS 0x00000000b0700000, 0x00000000b0700000| Untracked 
| 776|0x00000000b0800000, 0x00000000b0800000, 0x00000000b0900000|  0%| F|  |TAMS 0x00000000b0800000, 0x00000000b0800000| Untracked 
| 777|0x00000000b0900000, 0x00000000b0900000, 0x00000000b0a00000|  0%| F|  |TAMS 0x00000000b0900000, 0x00000000b0900000| Untracked 
| 778|0x00000000b0a00000, 0x00000000b0a00000, 0x00000000b0b00000|  0%| F|  |TAMS 0x00000000b0a00000, 0x00000000b0a00000| Untracked 
| 779|0x00000000b0b00000, 0x00000000b0b00000, 0x00000000b0c00000|  0%| F|  |TAMS 0x00000000b0b00000, 0x00000000b0b00000| Untracked 
| 780|0x00000000b0c00000, 0x00000000b0c00000, 0x00000000b0d00000|  0%| F|  |TAMS 0x00000000b0c00000, 0x00000000b0c00000| Untracked 
| 781|0x00000000b0d00000, 0x00000000b0d00000, 0x00000000b0e00000|  0%| F|  |TAMS 0x00000000b0d00000, 0x00000000b0d00000| Untracked 
| 782|0x00000000b0e00000, 0x00000000b0e00000, 0x00000000b0f00000|  0%| F|  |TAMS 0x00000000b0e00000, 0x00000000b0e00000| Untracked 
| 783|0x00000000b0f00000, 0x00000000b0f00000, 0x00000000b1000000|  0%| F|  |TAMS 0x00000000b0f00000, 0x00000000b0f00000| Untracked 
| 784|0x00000000b1000000, 0x00000000b1000000, 0x00000000b1100000|  0%| F|  |TAMS 0x00000000b1000000, 0x00000000b1000000| Untracked 
| 785|0x00000000b1100000, 0x00000000b1100000, 0x00000000b1200000|  0%| F|  |TAMS 0x00000000b1100000, 0x00000000b1100000| Untracked 
| 786|0x00000000b1200000, 0x00000000b1200000, 0x00000000b1300000|  0%| F|  |TAMS 0x00000000b1200000, 0x00000000b1200000| Untracked 
| 787|0x00000000b1300000, 0x00000000b1300000, 0x00000000b1400000|  0%| F|  |TAMS 0x00000000b1300000, 0x00000000b1300000| Untracked 
| 788|0x00000000b1400000, 0x00000000b1400000, 0x00000000b1500000|  0%| F|  |TAMS 0x00000000b1400000, 0x00000000b1400000| Untracked 
| 789|0x00000000b1500000, 0x00000000b1500000, 0x00000000b1600000|  0%| F|  |TAMS 0x00000000b1500000, 0x00000000b1500000| Untracked 
| 790|0x00000000b1600000, 0x00000000b1600000, 0x00000000b1700000|  0%| F|  |TAMS 0x00000000b1600000, 0x00000000b1600000| Untracked 
| 791|0x00000000b1700000, 0x00000000b1700000, 0x00000000b1800000|  0%| F|  |TAMS 0x00000000b1700000, 0x00000000b1700000| Untracked 
| 792|0x00000000b1800000, 0x00000000b1800000, 0x00000000b1900000|  0%| F|  |TAMS 0x00000000b1800000, 0x00000000b1800000| Untracked 
| 793|0x00000000b1900000, 0x00000000b1900000, 0x00000000b1a00000|  0%| F|  |TAMS 0x00000000b1900000, 0x00000000b1900000| Untracked 
| 794|0x00000000b1a00000, 0x00000000b1a00000, 0x00000000b1b00000|  0%| F|  |TAMS 0x00000000b1a00000, 0x00000000b1a00000| Untracked 
| 795|0x00000000b1b00000, 0x00000000b1b00000, 0x00000000b1c00000|  0%| F|  |TAMS 0x00000000b1b00000, 0x00000000b1b00000| Untracked 
| 796|0x00000000b1c00000, 0x00000000b1c00000, 0x00000000b1d00000|  0%| F|  |TAMS 0x00000000b1c00000, 0x00000000b1c00000| Untracked 
| 797|0x00000000b1d00000, 0x00000000b1d00000, 0x00000000b1e00000|  0%| F|  |TAMS 0x00000000b1d00000, 0x00000000b1d00000| Untracked 
| 798|0x00000000b1e00000, 0x00000000b1e00000, 0x00000000b1f00000|  0%| F|  |TAMS 0x00000000b1e00000, 0x00000000b1e00000| Untracked 
| 799|0x00000000b1f00000, 0x00000000b1f00000, 0x00000000b2000000|  0%| F|  |TAMS 0x00000000b1f00000, 0x00000000b1f00000| Untracked 
| 800|0x00000000b2000000, 0x00000000b2000000, 0x00000000b2100000|  0%| F|  |TAMS 0x00000000b2000000, 0x00000000b2000000| Untracked 
| 801|0x00000000b2100000, 0x00000000b2100000, 0x00000000b2200000|  0%| F|  |TAMS 0x00000000b2100000, 0x00000000b2100000| Untracked 
| 802|0x00000000b2200000, 0x00000000b2200000, 0x00000000b2300000|  0%| F|  |TAMS 0x00000000b2200000, 0x00000000b2200000| Untracked 
| 803|0x00000000b2300000, 0x00000000b2300000, 0x00000000b2400000|  0%| F|  |TAMS 0x00000000b2300000, 0x00000000b2300000| Untracked 
| 804|0x00000000b2400000, 0x00000000b2400000, 0x00000000b2500000|  0%| F|  |TAMS 0x00000000b2400000, 0x00000000b2400000| Untracked 
| 805|0x00000000b2500000, 0x00000000b2500000, 0x00000000b2600000|  0%| F|  |TAMS 0x00000000b2500000, 0x00000000b2500000| Untracked 
| 806|0x00000000b2600000, 0x00000000b2600000, 0x00000000b2700000|  0%| F|  |TAMS 0x00000000b2600000, 0x00000000b2600000| Untracked 
| 807|0x00000000b2700000, 0x00000000b2700000, 0x00000000b2800000|  0%| F|  |TAMS 0x00000000b2700000, 0x00000000b2700000| Untracked 
| 808|0x00000000b2800000, 0x00000000b2800000, 0x00000000b2900000|  0%| F|  |TAMS 0x00000000b2800000, 0x00000000b2800000| Untracked 
| 809|0x00000000b2900000, 0x00000000b2900000, 0x00000000b2a00000|  0%| F|  |TAMS 0x00000000b2900000, 0x00000000b2900000| Untracked 
| 810|0x00000000b2a00000, 0x00000000b2a00000, 0x00000000b2b00000|  0%| F|  |TAMS 0x00000000b2a00000, 0x00000000b2a00000| Untracked 
| 811|0x00000000b2b00000, 0x00000000b2b00000, 0x00000000b2c00000|  0%| F|  |TAMS 0x00000000b2b00000, 0x00000000b2b00000| Untracked 
| 812|0x00000000b2c00000, 0x00000000b2c00000, 0x00000000b2d00000|  0%| F|  |TAMS 0x00000000b2c00000, 0x00000000b2c00000| Untracked 
| 813|0x00000000b2d00000, 0x00000000b2d00000, 0x00000000b2e00000|  0%| F|  |TAMS 0x00000000b2d00000, 0x00000000b2d00000| Untracked 
| 814|0x00000000b2e00000, 0x00000000b2e00000, 0x00000000b2f00000|  0%| F|  |TAMS 0x00000000b2e00000, 0x00000000b2e00000| Untracked 
| 815|0x00000000b2f00000, 0x00000000b2f00000, 0x00000000b3000000|  0%| F|  |TAMS 0x00000000b2f00000, 0x00000000b2f00000| Untracked 
| 816|0x00000000b3000000, 0x00000000b3000000, 0x00000000b3100000|  0%| F|  |TAMS 0x00000000b3000000, 0x00000000b3000000| Untracked 
| 817|0x00000000b3100000, 0x00000000b3100000, 0x00000000b3200000|  0%| F|  |TAMS 0x00000000b3100000, 0x00000000b3100000| Untracked 
| 818|0x00000000b3200000, 0x00000000b3200000, 0x00000000b3300000|  0%| F|  |TAMS 0x00000000b3200000, 0x00000000b3200000| Untracked 
| 819|0x00000000b3300000, 0x00000000b3300000, 0x00000000b3400000|  0%| F|  |TAMS 0x00000000b3300000, 0x00000000b3300000| Untracked 
| 820|0x00000000b3400000, 0x00000000b3400000, 0x00000000b3500000|  0%| F|  |TAMS 0x00000000b3400000, 0x00000000b3400000| Untracked 
| 821|0x00000000b3500000, 0x00000000b3500000, 0x00000000b3600000|  0%| F|  |TAMS 0x00000000b3500000, 0x00000000b3500000| Untracked 
| 822|0x00000000b3600000, 0x00000000b3600000, 0x00000000b3700000|  0%| F|  |TAMS 0x00000000b3600000, 0x00000000b3600000| Untracked 
| 823|0x00000000b3700000, 0x00000000b3700000, 0x00000000b3800000|  0%| F|  |TAMS 0x00000000b3700000, 0x00000000b3700000| Untracked 
| 824|0x00000000b3800000, 0x00000000b3800000, 0x00000000b3900000|  0%| F|  |TAMS 0x00000000b3800000, 0x00000000b3800000| Untracked 
| 825|0x00000000b3900000, 0x00000000b3900000, 0x00000000b3a00000|  0%| F|  |TAMS 0x00000000b3900000, 0x00000000b3900000| Untracked 
| 826|0x00000000b3a00000, 0x00000000b3a00000, 0x00000000b3b00000|  0%| F|  |TAMS 0x00000000b3a00000, 0x00000000b3a00000| Untracked 
| 827|0x00000000b3b00000, 0x00000000b3b00000, 0x00000000b3c00000|  0%| F|  |TAMS 0x00000000b3b00000, 0x00000000b3b00000| Untracked 
| 828|0x00000000b3c00000, 0x00000000b3c00000, 0x00000000b3d00000|  0%| F|  |TAMS 0x00000000b3c00000, 0x00000000b3c00000| Untracked 
| 829|0x00000000b3d00000, 0x00000000b3d00000, 0x00000000b3e00000|  0%| F|  |TAMS 0x00000000b3d00000, 0x00000000b3d00000| Untracked 
| 830|0x00000000b3e00000, 0x00000000b3e00000, 0x00000000b3f00000|  0%| F|  |TAMS 0x00000000b3e00000, 0x00000000b3e00000| Untracked 
| 831|0x00000000b3f00000, 0x00000000b3f00000, 0x00000000b4000000|  0%| F|  |TAMS 0x00000000b3f00000, 0x00000000b3f00000| Untracked 
| 832|0x00000000b4000000, 0x00000000b4000000, 0x00000000b4100000|  0%| F|  |TAMS 0x00000000b4000000, 0x00000000b4000000| Untracked 
| 833|0x00000000b4100000, 0x00000000b4100000, 0x00000000b4200000|  0%| F|  |TAMS 0x00000000b4100000, 0x00000000b4100000| Untracked 
| 834|0x00000000b4200000, 0x00000000b4200000, 0x00000000b4300000|  0%| F|  |TAMS 0x00000000b4200000, 0x00000000b4200000| Untracked 
| 835|0x00000000b4300000, 0x00000000b4300000, 0x00000000b4400000|  0%| F|  |TAMS 0x00000000b4300000, 0x00000000b4300000| Untracked 
| 836|0x00000000b4400000, 0x00000000b4400000, 0x00000000b4500000|  0%| F|  |TAMS 0x00000000b4400000, 0x00000000b4400000| Untracked 
| 837|0x00000000b4500000, 0x00000000b4500000, 0x00000000b4600000|  0%| F|  |TAMS 0x00000000b4500000, 0x00000000b4500000| Untracked 
| 838|0x00000000b4600000, 0x00000000b4600000, 0x00000000b4700000|  0%| F|  |TAMS 0x00000000b4600000, 0x00000000b4600000| Untracked 
| 839|0x00000000b4700000, 0x00000000b4700000, 0x00000000b4800000|  0%| F|  |TAMS 0x00000000b4700000, 0x00000000b4700000| Untracked 
| 840|0x00000000b4800000, 0x00000000b4800000, 0x00000000b4900000|  0%| F|  |TAMS 0x00000000b4800000, 0x00000000b4800000| Untracked 
| 841|0x00000000b4900000, 0x00000000b4900000, 0x00000000b4a00000|  0%| F|  |TAMS 0x00000000b4900000, 0x00000000b4900000| Untracked 
| 842|0x00000000b4a00000, 0x00000000b4a00000, 0x00000000b4b00000|  0%| F|  |TAMS 0x00000000b4a00000, 0x00000000b4a00000| Untracked 
| 843|0x00000000b4b00000, 0x00000000b4b00000, 0x00000000b4c00000|  0%| F|  |TAMS 0x00000000b4b00000, 0x00000000b4b00000| Untracked 
| 844|0x00000000b4c00000, 0x00000000b4c00000, 0x00000000b4d00000|  0%| F|  |TAMS 0x00000000b4c00000, 0x00000000b4c00000| Untracked 
| 845|0x00000000b4d00000, 0x00000000b4d00000, 0x00000000b4e00000|  0%| F|  |TAMS 0x00000000b4d00000, 0x00000000b4d00000| Untracked 
| 846|0x00000000b4e00000, 0x00000000b4e00000, 0x00000000b4f00000|  0%| F|  |TAMS 0x00000000b4e00000, 0x00000000b4e00000| Untracked 
| 847|0x00000000b4f00000, 0x00000000b4f00000, 0x00000000b5000000|  0%| F|  |TAMS 0x00000000b4f00000, 0x00000000b4f00000| Untracked 
| 848|0x00000000b5000000, 0x00000000b5000000, 0x00000000b5100000|  0%| F|  |TAMS 0x00000000b5000000, 0x00000000b5000000| Untracked 
| 849|0x00000000b5100000, 0x00000000b5100000, 0x00000000b5200000|  0%| F|  |TAMS 0x00000000b5100000, 0x00000000b5100000| Untracked 
| 850|0x00000000b5200000, 0x00000000b5200000, 0x00000000b5300000|  0%| F|  |TAMS 0x00000000b5200000, 0x00000000b5200000| Untracked 
| 851|0x00000000b5300000, 0x00000000b5300000, 0x00000000b5400000|  0%| F|  |TAMS 0x00000000b5300000, 0x00000000b5300000| Untracked 
| 852|0x00000000b5400000, 0x00000000b5400000, 0x00000000b5500000|  0%| F|  |TAMS 0x00000000b5400000, 0x00000000b5400000| Untracked 
| 853|0x00000000b5500000, 0x00000000b5500000, 0x00000000b5600000|  0%| F|  |TAMS 0x00000000b5500000, 0x00000000b5500000| Untracked 
| 854|0x00000000b5600000, 0x00000000b5600000, 0x00000000b5700000|  0%| F|  |TAMS 0x00000000b5600000, 0x00000000b5600000| Untracked 
| 855|0x00000000b5700000, 0x00000000b5700000, 0x00000000b5800000|  0%| F|  |TAMS 0x00000000b5700000, 0x00000000b5700000| Untracked 
| 856|0x00000000b5800000, 0x00000000b5800000, 0x00000000b5900000|  0%| F|  |TAMS 0x00000000b5800000, 0x00000000b5800000| Untracked 
| 857|0x00000000b5900000, 0x00000000b5900000, 0x00000000b5a00000|  0%| F|  |TAMS 0x00000000b5900000, 0x00000000b5900000| Untracked 
| 858|0x00000000b5a00000, 0x00000000b5a00000, 0x00000000b5b00000|  0%| F|  |TAMS 0x00000000b5a00000, 0x00000000b5a00000| Untracked 
| 859|0x00000000b5b00000, 0x00000000b5b00000, 0x00000000b5c00000|  0%| F|  |TAMS 0x00000000b5b00000, 0x00000000b5b00000| Untracked 
| 860|0x00000000b5c00000, 0x00000000b5c00000, 0x00000000b5d00000|  0%| F|  |TAMS 0x00000000b5c00000, 0x00000000b5c00000| Untracked 
| 861|0x00000000b5d00000, 0x00000000b5d00000, 0x00000000b5e00000|  0%| F|  |TAMS 0x00000000b5d00000, 0x00000000b5d00000| Untracked 

Card table byte_map: [0x000001a0f3870000,0x000001a0f3c70000] _byte_map_base: 0x000001a0f3470000

Marking Bits (Prev, Next): (CMBitMap*) 0x000001a0dc670380, (CMBitMap*) 0x000001a0dc670340
 Prev Bits: [0x000001a0f6070000, 0x000001a0f8070000)
 Next Bits: [0x000001a0f4070000, 0x000001a0f6070000)

Polling page: 0x000001a0da430000

Metaspace:

Usage:
  Non-class:    152.92 MB used.
      Class:     23.73 MB used.
       Both:    176.65 MB used.

Virtual space:
  Non-class space:      192.00 MB reserved,     153.94 MB ( 80%) committed,  3 nodes.
      Class space:      416.00 MB reserved,      24.62 MB (  6%) committed,  1 nodes.
             Both:      608.00 MB reserved,     178.56 MB ( 29%) committed. 

Chunk freelists:
   Non-Class:  5.92 MB
       Class:  7.38 MB
        Both:  13.30 MB

MaxMetaspaceSize: 512.00 MB
CompressedClassSpaceSize: 416.00 MB
Initial GC threshold: 21.00 MB
Current GC threshold: 288.56 MB
CDS: on
MetaspaceReclaimPolicy: balanced
 - commit_granule_bytes: 65536.
 - commit_granule_words: 8192.
 - virtual_space_node_default_size: 8388608.
 - enlarge_chunks_in_place: 1.
 - new_chunks_are_fully_committed: 0.
 - uncommit_free_chunks: 1.
 - use_allocation_guard: 0.
 - handle_deallocations: 1.


Internal statistics:

num_allocs_failed_limit: 9.
num_arena_births: 2850.
num_arena_deaths: 38.
num_vsnodes_births: 4.
num_vsnodes_deaths: 0.
num_space_committed: 2857.
num_space_uncommitted: 2.
num_chunks_returned_to_freelist: 87.
num_chunks_taken_from_freelist: 11191.
num_chunk_merges: 19.
num_chunk_splits: 7072.
num_chunks_enlarged: 4324.
num_inconsistent_stats: 0.

CodeHeap 'non-profiled nmethods': size=120000Kb used=21622Kb max_used=21671Kb free=98377Kb
 bounds [0x000001a0ebc10000, 0x000001a0ed140000, 0x000001a0f3140000]
CodeHeap 'profiled nmethods': size=120000Kb used=53579Kb max_used=53899Kb free=66420Kb
 bounds [0x000001a0e4140000, 0x000001a0e75f0000, 0x000001a0eb670000]
CodeHeap 'non-nmethods': size=5760Kb used=2612Kb max_used=2722Kb free=3147Kb
 bounds [0x000001a0eb670000, 0x000001a0eb930000, 0x000001a0ebc10000]
 total_blobs=28032 nmethods=26874 adapters=1065
 compilation: enabled
              stopped_count=0, restarted_count=0
 full_count=0

Compilation events (20 events):
Event: 72.729 Thread 0x000001a0fa796df0 nmethod 34672 0x000001a0ecff6310 code [0x000001a0ecff64c0, 0x000001a0ecff6678]
Event: 72.729 Thread 0x000001a0fa796df0 34667       4       com.android.tools.r8.internal.En::a (19 bytes)
Event: 72.752 Thread 0x000001a0fa796df0 nmethod 34667 0x000001a0ed136e90 code [0x000001a0ed1370a0, 0x000001a0ed137b70]
Event: 72.752 Thread 0x000001a0fa796df0 34675       4       com.android.tools.r8.graph.O0::q0 (5 bytes)
Event: 72.753 Thread 0x000001a0fa796df0 nmethod 34675 0x000001a0ecf7a390 code [0x000001a0ecf7a500, 0x000001a0ecf7a598]
Event: 72.753 Thread 0x000001a0fa796df0 34670       4       com.android.tools.r8.internal.qr::a (18 bytes)
Event: 72.759 Thread 0x000001a0fa79c450 34678       3       java.io.WinNTFileSystem::canonicalize (372 bytes)
Event: 72.763 Thread 0x000001a0fa79c450 nmethod 34678 0x000001a0e75e2c90 code [0x000001a0e75e32c0, 0x000001a0e75e65d8]
Event: 72.770 Thread 0x000001a0fa796df0 nmethod 34670 0x000001a0ed138690 code [0x000001a0ed138880, 0x000001a0ed138e48]
Event: 72.770 Thread 0x000001a0fa796df0 34676       4       com.android.tools.r8.internal.Bq::a (18 bytes)
Event: 72.770 Thread 0x000001a0fa79c450 34679       3       com.android.tools.r8.internal.xo::a (1 bytes)
Event: 72.770 Thread 0x000001a0fa79c450 nmethod 34679 0x000001a0e5aa6b10 code [0x000001a0e5aa6ca0, 0x000001a0e5aa6db8]
Event: 72.772 Thread 0x000001a0fa796df0 nmethod 34676 0x000001a0ecff5b10 code [0x000001a0ecff5cc0, 0x000001a0ecff5e58]
Event: 72.772 Thread 0x000001a0fa796df0 34677       4       com.android.tools.r8.internal.gn::a (18 bytes)
Event: 72.773 Thread 0x000001a0fa796df0 nmethod 34677 0x000001a0ed139810 code [0x000001a0ed1399c0, 0x000001a0ed139b38]
Event: 72.774 Thread 0x000001a0fa796df0 34665       4       java.lang.ProcessEnvironment$EntryComparator::compare (13 bytes)
Event: 72.808 Thread 0x000001a0fa796df0 nmethod 34665 0x000001a0ecd81b90 code [0x000001a0ecd81d80, 0x000001a0ecd82698]
Event: 72.808 Thread 0x000001a0fa796df0 34682       4       com.android.tools.r8.dex.n0$$Lambda$4560/0x000001a0827cad30::accept (12 bytes)
Event: 72.836 Thread 0x000001a0fa796df0 nmethod 34682 0x000001a0ecbaba90 code [0x000001a0ecbabc80, 0x000001a0ecbac7d0]
Event: 72.836 Thread 0x000001a0fa796df0 34680       4       com.android.tools.r8.dex.n0$$Lambda$4544/0x000001a0827c8900::apply (15 bytes)

GC Heap History (20 events):
Event: 66.216 GC heap after
{Heap after GC invocations=101 (full 0):
 garbage-first heap   total 623616K, used 397527K [0x0000000080000000, 0x0000000100000000)
  region size 1024K, 9 young (9216K), 9 survivors (9216K)
 Metaspace       used 170824K, committed 172736K, reserved 622592K
  class space    used 23137K, committed 24064K, reserved 425984K
}
Event: 67.294 GC heap before
{Heap before GC invocations=101 (full 0):
 garbage-first heap   total 623616K, used 533719K [0x0000000080000000, 0x0000000100000000)
  region size 1024K, 143 young (146432K), 9 survivors (9216K)
 Metaspace       used 173755K, committed 175744K, reserved 622592K
  class space    used 23606K, committed 24576K, reserved 425984K
}
Event: 67.303 GC heap after
{Heap after GC invocations=102 (full 0):
 garbage-first heap   total 623616K, used 396766K [0x0000000080000000, 0x0000000100000000)
  region size 1024K, 9 young (9216K), 9 survivors (9216K)
 Metaspace       used 173755K, committed 175744K, reserved 622592K
  class space    used 23606K, committed 24576K, reserved 425984K
}
Event: 68.071 GC heap before
{Heap before GC invocations=102 (full 0):
 garbage-first heap   total 623616K, used 523742K [0x0000000080000000, 0x0000000100000000)
  region size 1024K, 95 young (97280K), 9 survivors (9216K)
 Metaspace       used 175017K, committed 176960K, reserved 622592K
  class space    used 23767K, committed 24704K, reserved 425984K
}
Event: 68.083 GC heap after
{Heap after GC invocations=103 (full 0):
 garbage-first heap   total 623616K, used 435682K [0x0000000080000000, 0x0000000100000000)
  region size 1024K, 19 young (19456K), 19 survivors (19456K)
 Metaspace       used 175017K, committed 176960K, reserved 622592K
  class space    used 23767K, committed 24704K, reserved 425984K
}
Event: 69.044 GC heap before
{Heap before GC invocations=103 (full 0):
 garbage-first heap   total 623616K, used 565730K [0x0000000080000000, 0x0000000100000000)
  region size 1024K, 117 young (119808K), 19 survivors (19456K)
 Metaspace       used 175225K, committed 177152K, reserved 622592K
  class space    used 23788K, committed 24704K, reserved 425984K
}
Event: 69.079 GC heap after
{Heap after GC invocations=104 (full 0):
 garbage-first heap   total 623616K, used 484786K [0x0000000080000000, 0x0000000100000000)
  region size 1024K, 15 young (15360K), 15 survivors (15360K)
 Metaspace       used 175225K, committed 177152K, reserved 622592K
  class space    used 23788K, committed 24704K, reserved 425984K
}
Event: 69.331 GC heap before
{Heap before GC invocations=104 (full 0):
 garbage-first heap   total 623616K, used 531890K [0x0000000080000000, 0x0000000100000000)
  region size 1024K, 61 young (62464K), 15 survivors (15360K)
 Metaspace       used 175411K, committed 177344K, reserved 622592K
  class space    used 23792K, committed 24704K, reserved 425984K
}
Event: 69.363 GC heap after
{Heap after GC invocations=105 (full 0):
 garbage-first heap   total 623616K, used 508509K [0x0000000080000000, 0x0000000100000000)
  region size 1024K, 8 young (8192K), 8 survivors (8192K)
 Metaspace       used 175411K, committed 177344K, reserved 622592K
  class space    used 23792K, committed 24704K, reserved 425984K
}
Event: 69.452 GC heap before
{Heap before GC invocations=105 (full 0):
 garbage-first heap   total 623616K, used 535133K [0x0000000080000000, 0x0000000100000000)
  region size 1024K, 34 young (34816K), 8 survivors (8192K)
 Metaspace       used 175419K, committed 177344K, reserved 622592K
  class space    used 23792K, committed 24704K, reserved 425984K
}
Event: 69.481 GC heap after
{Heap after GC invocations=106 (full 0):
 garbage-first heap   total 623616K, used 523126K [0x0000000080000000, 0x0000000100000000)
  region size 1024K, 5 young (5120K), 5 survivors (5120K)
 Metaspace       used 175419K, committed 177344K, reserved 622592K
  class space    used 23792K, committed 24704K, reserved 425984K
}
Event: 69.605 GC heap before
{Heap before GC invocations=106 (full 0):
 garbage-first heap   total 623616K, used 547702K [0x0000000080000000, 0x0000000100000000)
  region size 1024K, 30 young (30720K), 5 survivors (5120K)
 Metaspace       used 175432K, committed 177344K, reserved 622592K
  class space    used 23792K, committed 24704K, reserved 425984K
}
Event: 69.627 GC heap after
{Heap after GC invocations=107 (full 0):
 garbage-first heap   total 623616K, used 538360K [0x0000000080000000, 0x0000000100000000)
  region size 1024K, 4 young (4096K), 4 survivors (4096K)
 Metaspace       used 175432K, committed 177344K, reserved 622592K
  class space    used 23792K, committed 24704K, reserved 425984K
}
Event: 69.954 GC heap before
{Heap before GC invocations=107 (full 0):
 garbage-first heap   total 882688K, used 530168K [0x0000000080000000, 0x0000000100000000)
  region size 1024K, 30 young (30720K), 4 survivors (4096K)
 Metaspace       used 175145K, committed 177280K, reserved 622592K
  class space    used 23763K, committed 24704K, reserved 425984K
}
Event: 69.971 GC heap after
{Heap after GC invocations=108 (full 0):
 garbage-first heap   total 882688K, used 520054K [0x0000000080000000, 0x0000000100000000)
  region size 1024K, 4 young (4096K), 4 survivors (4096K)
 Metaspace       used 175145K, committed 177280K, reserved 622592K
  class space    used 23763K, committed 24704K, reserved 425984K
}
Event: 71.367 GC heap before
{Heap before GC invocations=109 (full 0):
 garbage-first heap   total 882688K, used 700278K [0x0000000080000000, 0x0000000100000000)
  region size 1024K, 179 young (183296K), 4 survivors (4096K)
 Metaspace       used 178041K, committed 179968K, reserved 622592K
  class space    used 23960K, committed 24896K, reserved 425984K
}
Event: 71.402 GC heap after
{Heap after GC invocations=110 (full 0):
 garbage-first heap   total 882688K, used 559990K [0x0000000080000000, 0x0000000100000000)
  region size 1024K, 23 young (23552K), 23 survivors (23552K)
 Metaspace       used 178041K, committed 179968K, reserved 622592K
  class space    used 23960K, committed 24896K, reserved 425984K
}
Event: 71.452 GC heap before
{Heap before GC invocations=110 (full 0):
 garbage-first heap   total 882688K, used 579446K [0x0000000080000000, 0x0000000100000000)
  region size 1024K, 43 young (44032K), 23 survivors (23552K)
 Metaspace       used 178091K, committed 180032K, reserved 622592K
  class space    used 23960K, committed 24896K, reserved 425984K
}
Event: 71.485 GC heap after
{Heap after GC invocations=111 (full 0):
 garbage-first heap   total 882688K, used 542864K [0x0000000080000000, 0x0000000100000000)
  region size 1024K, 4 young (4096K), 4 survivors (4096K)
 Metaspace       used 178091K, committed 180032K, reserved 622592K
  class space    used 23960K, committed 24896K, reserved 425984K
}
Event: 72.847 GC heap before
{Heap before GC invocations=111 (full 0):
 garbage-first heap   total 882688K, used 699536K [0x0000000080000000, 0x0000000100000000)
  region size 1024K, 152 young (155648K), 4 survivors (4096K)
 Metaspace       used 180893K, committed 182848K, reserved 622592K
  class space    used 24298K, committed 25216K, reserved 425984K
}

Dll operation events (15 events):
Event: 0.015 Loaded shared library C:\Program Files\Microsoft\jdk-17.0.14.7-hotspot\bin\java.dll
Event: 0.035 Loaded shared library C:\Program Files\Microsoft\jdk-17.0.14.7-hotspot\bin\jsvml.dll
Event: 0.089 Loaded shared library C:\Program Files\Microsoft\jdk-17.0.14.7-hotspot\bin\zip.dll
Event: 0.094 Loaded shared library C:\Program Files\Microsoft\jdk-17.0.14.7-hotspot\bin\instrument.dll
Event: 0.098 Loaded shared library C:\Program Files\Microsoft\jdk-17.0.14.7-hotspot\bin\net.dll
Event: 0.100 Loaded shared library C:\Program Files\Microsoft\jdk-17.0.14.7-hotspot\bin\nio.dll
Event: 0.103 Loaded shared library C:\Program Files\Microsoft\jdk-17.0.14.7-hotspot\bin\zip.dll
Event: 0.390 Loaded shared library C:\Program Files\Microsoft\jdk-17.0.14.7-hotspot\bin\jimage.dll
Event: 0.556 Loaded shared library C:\Program Files\Microsoft\jdk-17.0.14.7-hotspot\bin\verify.dll
Event: 0.664 Loaded shared library C:\Users\Himanshu\.gradle\native\1def1411415f61bf3af743bc5b6707747c0891f09f0c88961ee8f79bc544acac\windows-amd64\native-platform.dll
Event: 0.688 Loaded shared library C:\Users\Himanshu\.gradle\native\0.2.7\x86_64-windows-gnu\gradle-fileevents.dll
Event: 1.738 Loaded shared library C:\Program Files\Microsoft\jdk-17.0.14.7-hotspot\bin\management.dll
Event: 1.744 Loaded shared library C:\Program Files\Microsoft\jdk-17.0.14.7-hotspot\bin\management_ext.dll
Event: 2.042 Loaded shared library C:\Program Files\Microsoft\jdk-17.0.14.7-hotspot\bin\extnet.dll
Event: 2.406 Loaded shared library C:\Program Files\Microsoft\jdk-17.0.14.7-hotspot\bin\sunmscapi.dll

Deoptimization events (20 events):
Event: 72.561 Thread 0x000001a09fe37980 DEOPT PACKING pc=0x000001a0e75c6564 sp=0x00000012caef9090
Event: 72.561 Thread 0x000001a09fe37980 DEOPT UNPACKING pc=0x000001a0eb6cace3 sp=0x00000012caef8558 mode 0
Event: 72.586 Thread 0x000001a0a1287e00 Uncommon trap: trap_request=0xffffff45 fr.pc=0x000001a0ec12fbcc relative=0x0000000000000a8c
Event: 72.586 Thread 0x000001a0a1287e00 Uncommon trap: reason=unstable_if action=reinterpret pc=0x000001a0ec12fbcc method=java.io.ObjectInputStream$BlockDataInputStream.readUTFSpan(Ljava/lang/StringBuilder;J)J @ 35 c2
Event: 72.586 Thread 0x000001a0a1287e00 DEOPT PACKING pc=0x000001a0ec12fbcc sp=0x00000012cfafe0c0
Event: 72.586 Thread 0x000001a0a1287e00 DEOPT UNPACKING pc=0x000001a0eb6ca1a3 sp=0x00000012cfafe060 mode 2
Event: 72.587 Thread 0x000001a0a1287e00 Uncommon trap: trap_request=0xffffff45 fr.pc=0x000001a0eca12984 relative=0x0000000000003704
Event: 72.587 Thread 0x000001a0a1287e00 Uncommon trap: reason=unstable_if action=reinterpret pc=0x000001a0eca12984 method=java.io.ObjectInputStream$BlockDataInputStream.readUTFBody(J)Ljava/lang/String; @ 126 c2
Event: 72.587 Thread 0x000001a0a1287e00 DEOPT PACKING pc=0x000001a0eca12984 sp=0x00000012cfafe160
Event: 72.587 Thread 0x000001a0a1287e00 DEOPT UNPACKING pc=0x000001a0eb6ca1a3 sp=0x00000012cfafe000 mode 2
Event: 72.602 Thread 0x000001a09fe33cc0 Uncommon trap: trap_request=0xffffff45 fr.pc=0x000001a0ed119cac relative=0x000000000000162c
Event: 72.602 Thread 0x000001a09fe33cc0 Uncommon trap: reason=unstable_if action=reinterpret pc=0x000001a0ed119cac method=com.android.tools.r8.graph.E2.a(Lcom/android/tools/r8/graph/y;Lcom/android/tools/r8/dex/M;Lcom/android/tools/r8/internal/HQ;Lcom/android/tools/r8/graph/D5;)V @ 107 c2
Event: 72.602 Thread 0x000001a09fe33cc0 DEOPT PACKING pc=0x000001a0ed119cac sp=0x00000012d0afd8d0
Event: 72.602 Thread 0x000001a09fe33cc0 DEOPT UNPACKING pc=0x000001a0eb6ca1a3 sp=0x00000012d0afd8e8 mode 2
Event: 72.728 Thread 0x000001a09fe37470 DEOPT PACKING pc=0x000001a0e75de35c sp=0x00000012ca1f9d70
Event: 72.728 Thread 0x000001a09fe37470 DEOPT UNPACKING pc=0x000001a0eb6cace3 sp=0x00000012ca1f92f0 mode 0
Event: 72.753 Thread 0x000001a0a1287e00 Uncommon trap: trap_request=0xffffffde fr.pc=0x000001a0ec3c48c8 relative=0x0000000000001e68
Event: 72.753 Thread 0x000001a0a1287e00 Uncommon trap: reason=class_check action=maybe_recompile pc=0x000001a0ec3c48c8 method=java.util.concurrent.locks.AbstractQueuedSynchronizer.acquire(Ljava/util/concurrent/locks/AbstractQueuedSynchronizer$Node;IZZZJ)I @ 108 c2
Event: 72.753 Thread 0x000001a0a1287e00 DEOPT PACKING pc=0x000001a0ec3c48c8 sp=0x00000012cfafde00
Event: 72.753 Thread 0x000001a0a1287e00 DEOPT UNPACKING pc=0x000001a0eb6ca1a3 sp=0x00000012cfafddf8 mode 2

Classes loaded (20 events):
Event: 69.024 Loading class java/util/concurrent/ForkJoinPool$DefaultForkJoinWorkerThreadFactory$1
Event: 69.026 Loading class java/util/concurrent/ForkJoinPool$DefaultForkJoinWorkerThreadFactory$1 done
Event: 70.970 Loading class java/rmi/RemoteException
Event: 70.970 Loading class java/rmi/RemoteException done
Event: 72.513 Loading class java/nio/file/TempFileHelper
Event: 72.514 Loading class java/nio/file/TempFileHelper done
Event: 72.637 Loading class java/rmi/ConnectException
Event: 72.637 Loading class java/rmi/ConnectException done
Event: 72.637 Loading class java/rmi/ConnectIOException
Event: 72.637 Loading class java/rmi/ConnectIOException done
Event: 72.638 Loading class java/rmi/UnmarshalException
Event: 72.638 Loading class java/rmi/UnmarshalException done
Event: 72.644 Loading class java/rmi/server/RMIServerSocketFactory
Event: 72.644 Loading class java/rmi/server/RMIServerSocketFactory done
Event: 72.645 Loading class java/rmi/server/RMIClientSocketFactory
Event: 72.645 Loading class java/rmi/server/RMIClientSocketFactory done
Event: 72.659 Loading class java/lang/IllegalThreadStateException
Event: 72.659 Loading class java/lang/IllegalThreadStateException done
Event: 72.690 Loading class java/lang/ProcessBuilder$NullInputStream
Event: 72.690 Loading class java/lang/ProcessBuilder$NullInputStream done

Classes unloaded (20 events):
Event: 69.882 Thread 0x000001a0fa774110 Unloading class 0x000001a082477800 'jdk/internal/jimage/ImageHeader'
Event: 69.882 Thread 0x000001a0fa774110 Unloading class 0x000001a082476dc8 'jdk/internal/jimage/BasicImageReader$2'
Event: 69.882 Thread 0x000001a0fa774110 Unloading class 0x000001a082476b98 'jdk/internal/jimage/BasicImageReader$1'
Event: 69.882 Thread 0x000001a0fa774110 Unloading class 0x000001a082476930 'jdk/internal/jimage/ImageReader$Resource'
Event: 69.882 Thread 0x000001a0fa774110 Unloading class 0x000001a0824766c8 'jdk/internal/jimage/ImageReader$LinkNode'
Event: 69.882 Thread 0x000001a0fa774110 Unloading class 0x000001a082476460 'jdk/internal/jimage/ImageReader$Directory'
Event: 69.882 Thread 0x000001a0fa774110 Unloading class 0x000001a0824761f8 'jdk/internal/jimage/ImageReader$Node'
Event: 69.882 Thread 0x000001a0fa774110 Unloading class 0x000001a082476000 'jdk/internal/jimage/ImageStrings'
Event: 69.882 Thread 0x000001a0fa774110 Unloading class 0x000001a082475b50 'jdk/internal/jimage/ImageReader$SharedImageReader'
Event: 69.882 Thread 0x000001a0fa774110 Unloading class 0x000001a082475890 'jdk/internal/jimage/BasicImageReader'
Event: 69.882 Thread 0x000001a0fa774110 Unloading class 0x000001a082475670 'jdk/internal/jimage/ImageReader'
Event: 69.882 Thread 0x000001a0fa774110 Unloading class 0x000001a082475448 'jdk/internal/jrtfs/SystemImage$2'
Event: 69.882 Thread 0x000001a0fa774110 Unloading class 0x000001a082475230 'jdk/internal/jrtfs/SystemImage$$Lambda$3004+0x000001a082475230'
Event: 69.882 Thread 0x000001a0fa774110 Unloading class 0x000001a082475000 'jdk/internal/jrtfs/ExplodedImage'
Event: 69.882 Thread 0x000001a0fa774110 Unloading class 0x000001a082474dc8 'jdk/internal/jrtfs/SystemImage$1'
Event: 69.882 Thread 0x000001a0fa774110 Unloading class 0x000001a082474bb0 'jdk/internal/jrtfs/SystemImage'
Event: 69.882 Thread 0x000001a0fa774110 Unloading class 0x000001a082474950 'jdk/internal/jrtfs/JrtFileStore'
Event: 69.882 Thread 0x000001a0fa774110 Unloading class 0x000001a0824745d8 'jdk/internal/jrtfs/JrtPath'
Event: 69.882 Thread 0x000001a0fa774110 Unloading class 0x000001a0824742e0 'jdk/internal/jrtfs/JrtFileSystem'
Event: 69.882 Thread 0x000001a0fa774110 Unloading class 0x000001a082474000 'jdk/internal/jrtfs/JrtFileSystemProvider'

Classes redefined (0 events):
No events

Internal exceptions (20 events):
Event: 70.386 Thread 0x000001a0a1606930 Exception <a 'sun/nio/fs/WindowsException'{0x00000000b1572ec8}> (0x00000000b1572ec8) 
thrown [s\src\hotspot\share\prims\jni.cpp, line 516]
Event: 70.696 Thread 0x000001a09fe33cc0 Exception <a 'java/lang/NoSuchMethodError'{0x00000000af173d20}: 'long java.lang.invoke.DirectMethodHandle$Holder.invokeStatic(java.lang.Object, java.lang.Object)'> (0x00000000af173d20) 
thrown [s\src\hotspot\share\interpreter\linkResolver.cpp, line 759]
Event: 70.706 Thread 0x000001a09fe33cc0 Exception <a 'java/lang/NoSuchMethodError'{0x00000000af1a8d80}: 'java.lang.Object java.lang.invoke.DirectMethodHandle$Holder.newInvokeSpecial(java.lang.Object, int, java.lang.Object, java.lang.Object)'> (0x00000000af1a8d80) 
thrown [s\src\hotspot\share\interpreter\linkResolver.cpp, line 759]
Event: 70.707 Thread 0x000001a09fe33cc0 Exception <a 'java/lang/NoSuchMethodError'{0x00000000af1acde0}: 'java.lang.Object java.lang.invoke.DirectMethodHandle$Holder.invokeSpecial(java.lang.Object, java.lang.Object, int, java.lang.Object, java.lang.Object)'> (0x00000000af1acde0) 
thrown [s\src\hotspot\share\interpreter\linkResolver.cpp, line 759]
Event: 70.845 Thread 0x000001a09fe33cc0 Implicit null exception at 0x000001a0ece4dfd4 to 0x000001a0ece4ed0c
Event: 71.002 Thread 0x000001a09d925820 Exception <a 'java/lang/NoSuchMethodError'{0x00000000ad9a79b8}: 'int java.lang.invoke.DirectMethodHandle$Holder.invokeStaticInit(java.lang.Object, java.lang.Object, int)'> (0x00000000ad9a79b8) 
thrown [s\src\hotspot\share\interpreter\linkResolver.cpp, line 759]
Event: 71.208 Thread 0x000001a09d925820 Exception <a 'java/lang/NoSuchMethodError'{0x00000000ac97bef0}: 'int java.lang.invoke.DirectMethodHandle$Holder.invokeStatic(java.lang.Object, java.lang.Object, int, int)'> (0x00000000ac97bef0) 
thrown [s\src\hotspot\share\interpreter\linkResolver.cpp, line 759]
Event: 72.534 Thread 0x000001a09fe37980 Exception <a 'java/lang/NoSuchMethodError'{0x00000000ad692850}: static [Ljava/lang/String;.<clinit>()V> (0x00000000ad692850) 
thrown [s\src\hotspot\share\prims\jni.cpp, line 1112]
Event: 72.545 Thread 0x000001a09fe37980 Exception <a 'java/lang/NoSuchMethodError'{0x00000000ad503798}: static Lorg/jetbrains/kotlin/buildtools/api/SourcesChanges$Known;.<clinit>()V> (0x00000000ad503798) 
thrown [s\src\hotspot\share\prims\jni.cpp, line 1112]
Event: 72.549 Thread 0x000001a09fe37980 Exception <a 'java/lang/NoSuchMethodError'{0x00000000ad555428}: static Lorg/jetbrains/kotlin/incremental/ClasspathChanges$ClasspathSnapshotEnabled$IncrementalRun$ToBeComputedByIncrementalCompiler;.<clinit>()V> (0x00000000ad555428) 
thrown [s\src\hotspot\share\prims\jni.cpp, line 1112]
Event: 72.549 Thread 0x000001a09fe37980 Exception <a 'java/lang/NoSuchMethodError'{0x00000000ad5576f0}: static Lorg/jetbrains/kotlin/incremental/ClasspathChanges$ClasspathSnapshotEnabled$IncrementalRun;.<clinit>()V> (0x00000000ad5576f0) 
thrown [s\src\hotspot\share\prims\jni.cpp, line 1112]
Event: 72.549 Thread 0x000001a09fe37980 Exception <a 'java/lang/NoSuchMethodError'{0x00000000ad559190}: static Lorg/jetbrains/kotlin/incremental/ClasspathChanges$ClasspathSnapshotEnabled;.<clinit>()V> (0x00000000ad559190) 
thrown [s\src\hotspot\share\prims\jni.cpp, line 1112]
Event: 72.549 Thread 0x000001a09fe37980 Exception <a 'java/lang/NoSuchMethodError'{0x00000000ad55af78}: static Lorg/jetbrains/kotlin/incremental/ClasspathChanges;.<clinit>()V> (0x00000000ad55af78) 
thrown [s\src\hotspot\share\prims\jni.cpp, line 1112]
Event: 72.580 Thread 0x000001a09fe37980 Exception <a 'java/lang/NoSuchMethodError'{0x00000000ad3379a0}: static Lorg/jetbrains/kotlin/gradle/report/GradleBuildMetricsReporter;.<clinit>()V> (0x00000000ad3379a0) 
thrown [s\src\hotspot\share\prims\jni.cpp, line 1112]
Event: 72.580 Thread 0x000001a09fe37980 Exception <a 'java/lang/NoSuchMethodError'{0x00000000ad3bab98}: static Lorg/jetbrains/kotlin/build/report/metrics/BuildMetricsReporterImpl;.<clinit>()V> (0x00000000ad3bab98) 
thrown [s\src\hotspot\share\prims\jni.cpp, line 1112]
Event: 72.585 Thread 0x000001a09fe37980 Exception <a 'java/lang/NoSuchMethodError'{0x00000000ad203ba0}: static Lorg/jetbrains/kotlin/build/report/metrics/GcMetrics;.<clinit>()V> (0x00000000ad203ba0) 
thrown [s\src\hotspot\share\prims\jni.cpp, line 1112]
Event: 72.643 Thread 0x000001a0a1287e00 Exception <a 'java/lang/NoSuchMethodError'{0x00000000acd28198}: 'long java.lang.invoke.DirectMethodHandle$Holder.invokeStatic(java.lang.Object)'> (0x00000000acd28198) 
thrown [s\src\hotspot\share\interpreter\linkResolver.cpp, line 759]
Event: 72.643 Thread 0x000001a0a1287e00 Exception <a 'java/lang/NoSuchMethodError'{0x00000000acd2b7f8}: 'long java.lang.invoke.DirectMethodHandle$Holder.invokeStaticInit(java.lang.Object)'> (0x00000000acd2b7f8) 
thrown [s\src\hotspot\share\interpreter\linkResolver.cpp, line 759]
Event: 72.664 Thread 0x000001a0a1287e00 Exception <a 'java/lang/NoSuchMethodError'{0x00000000acc7bb20}: 'int java.lang.invoke.DirectMethodHandle$Holder.invokeStatic(java.lang.Object, long)'> (0x00000000acc7bb20) 
thrown [s\src\hotspot\share\interpreter\linkResolver.cpp, line 759]
Event: 72.670 Thread 0x000001a0a1287e00 Exception <a 'java/lang/NoSuchMethodError'{0x00000000acb3b750}: 'int java.lang.invoke.DirectMethodHandle$Holder.invokeStatic(java.lang.Object, java.lang.Object, java.lang.Object, int)'> (0x00000000acb3b750) 
thrown [s\src\hotspot\share\interpreter\linkResolver.cpp, line 759]

VM Operations (20 events):
Event: 71.402 Executing VM operation: G1CollectForAllocation done
Event: 71.422 Executing VM operation: HandshakeAllThreads
Event: 71.423 Executing VM operation: HandshakeAllThreads done
Event: 71.451 Executing VM operation: G1CollectForAllocation
Event: 71.485 Executing VM operation: G1CollectForAllocation done
Event: 71.903 Executing VM operation: ICBufferFull
Event: 71.904 Executing VM operation: ICBufferFull done
Event: 72.271 Executing VM operation: HandshakeAllThreads
Event: 72.271 Executing VM operation: HandshakeAllThreads done
Event: 72.375 Executing VM operation: ICBufferFull
Event: 72.376 Executing VM operation: ICBufferFull done
Event: 72.703 Executing VM operation: HandshakeAllThreads
Event: 72.704 Executing VM operation: HandshakeAllThreads done
Event: 72.704 Executing VM operation: HandshakeAllThreads
Event: 72.704 Executing VM operation: HandshakeAllThreads done
Event: 72.707 Executing VM operation: HandshakeAllThreads
Event: 72.717 Executing VM operation: HandshakeAllThreads done
Event: 72.772 Executing VM operation: HandshakeAllThreads
Event: 72.772 Executing VM operation: HandshakeAllThreads done
Event: 72.847 Executing VM operation: G1CollectForAllocation

Memory protections (0 events):
No events

Nmethod flushes (20 events):
Event: 72.836 Thread 0x000001a0faba1fe0 flushing  nmethod 0x000001a0e7406510
Event: 72.836 Thread 0x000001a0faba1fe0 flushing  nmethod 0x000001a0e740b790
Event: 72.836 Thread 0x000001a0faba1fe0 flushing  nmethod 0x000001a0e740c990
Event: 72.836 Thread 0x000001a0faba1fe0 flushing  nmethod 0x000001a0e740da90
Event: 72.836 Thread 0x000001a0faba1fe0 flushing  nmethod 0x000001a0e740f110
Event: 72.836 Thread 0x000001a0faba1fe0 flushing  nmethod 0x000001a0e7431e10
Event: 72.836 Thread 0x000001a0faba1fe0 flushing  nmethod 0x000001a0e743e210
Event: 72.837 Thread 0x000001a0faba1fe0 flushing osr nmethod 0x000001a0e7492e90
Event: 72.837 Thread 0x000001a0faba1fe0 flushing  nmethod 0x000001a0e74af510
Event: 72.838 Thread 0x000001a0faba1fe0 flushing osr nmethod 0x000001a0e7557e10
Event: 72.838 Thread 0x000001a0faba1fe0 flushing  nmethod 0x000001a0e755bb10
Event: 72.838 Thread 0x000001a0faba1fe0 flushing  nmethod 0x000001a0e755c110
Event: 72.838 Thread 0x000001a0faba1fe0 flushing  nmethod 0x000001a0e755cd10
Event: 72.838 Thread 0x000001a0faba1fe0 flushing  nmethod 0x000001a0e755d790
Event: 72.838 Thread 0x000001a0faba1fe0 flushing  nmethod 0x000001a0e755e790
Event: 72.838 Thread 0x000001a0faba1fe0 flushing  nmethod 0x000001a0e755f890
Event: 72.838 Thread 0x000001a0faba1fe0 flushing  nmethod 0x000001a0e7560290
Event: 72.838 Thread 0x000001a0faba1fe0 flushing  nmethod 0x000001a0e7560b10
Event: 72.838 Thread 0x000001a0faba1fe0 flushing  nmethod 0x000001a0e7561610
Event: 72.838 Thread 0x000001a0faba1fe0 flushing  nmethod 0x000001a0e7561b90

Events (20 events):
Event: 60.883 Thread 0x000001a09fe38dc0 Thread added: 0x000001a0a160ce70
Event: 60.883 Thread 0x000001a09fe38dc0 Thread added: 0x000001a0a160c450
Event: 61.863 Thread 0x000001a09fe37470 Thread added: 0x000001a09fe33cc0
Event: 62.495 Thread 0x000001a0a1606930 Thread added: 0x000001a0a160d380
Event: 63.172 Thread 0x000001a0a1606930 Thread added: 0x000001a0a1606e40
Event: 63.173 Thread 0x000001a0a1606930 Thread added: 0x000001a0a160ab00
Event: 63.891 Thread 0x000001a0a1289240 Thread exited: 0x000001a0a1289240
Event: 68.756 Thread 0x000001a09dbdf840 Thread exited: 0x000001a09dbdf840
Event: 68.756 Thread 0x000001a0a1203320 Thread exited: 0x000001a0a1203320
Event: 69.007 Thread 0x000001a0fa79c450 Thread added: 0x000001a0a1205da0
Event: 69.026 Thread 0x000001a09fe33cc0 Thread added: 0x000001a0a1390a30
Event: 69.029 Thread 0x000001a0fa79c450 Thread added: 0x000001a0a1204db0
Event: 69.089 Thread 0x000001a0a1390a30 Thread added: 0x000001a0aba088b0
Event: 69.095 Thread 0x000001a0aba088b0 Thread added: 0x000001a0aba092d0
Event: 69.107 Thread 0x000001a0aba092d0 Thread added: 0x000001a0a6967150
Event: 69.109 Thread 0x000001a0a6967150 Thread added: 0x000001a0a138fb00
Event: 69.112 Thread 0x000001a0a138fb00 Thread added: 0x000001a0a98573d0
Event: 69.121 Thread 0x000001a0a98573d0 Thread added: 0x000001a0a63cc420
Event: 69.121 Thread 0x000001a0a63cc420 Thread added: 0x000001a0a98578e0
Event: 72.753 Thread 0x000001a0a1287e00 Thread added: 0x000001a0a6cbf430


Dynamic libraries:
0x00007ff647dc0000 - 0x00007ff647dce000 	C:\Program Files\Microsoft\jdk-17.0.14.7-hotspot\bin\java.exe
0x00007fff871c0000 - 0x00007fff87426000 	C:\WINDOWS\SYSTEM32\ntdll.dll
0x00007fff85900000 - 0x00007fff859c9000 	C:\WINDOWS\System32\KERNEL32.DLL
0x00007fff84790000 - 0x00007fff84b5c000 	C:\WINDOWS\System32\KERNELBASE.dll
0x00007fff84e30000 - 0x00007fff84f7b000 	C:\WINDOWS\System32\ucrtbase.dll
0x00007fff74380000 - 0x00007fff74397000 	C:\Program Files\Microsoft\jdk-17.0.14.7-hotspot\bin\jli.dll
0x00007fff76640000 - 0x00007fff7665d000 	C:\Program Files\Microsoft\jdk-17.0.14.7-hotspot\bin\VCRUNTIME140.dll
0x00007fff85730000 - 0x00007fff858fa000 	C:\WINDOWS\System32\USER32.dll
0x00007fff648b0000 - 0x00007fff64b4a000 	C:\WINDOWS\WinSxS\amd64_microsoft.windows.common-controls_6595b64144ccf1df_6.0.26100.3912_none_3e07963ce335137e\COMCTL32.dll
0x00007fff84620000 - 0x00007fff84647000 	C:\WINDOWS\System32\win32u.dll
0x00007fff85280000 - 0x00007fff85329000 	C:\WINDOWS\System32\msvcrt.dll
0x00007fff85f80000 - 0x00007fff85fab000 	C:\WINDOWS\System32\GDI32.dll
0x00007fff84650000 - 0x00007fff84782000 	C:\WINDOWS\System32\gdi32full.dll
0x00007fff843f0000 - 0x00007fff84493000 	C:\WINDOWS\System32\msvcp_win.dll
0x00007fff855e0000 - 0x00007fff85610000 	C:\WINDOWS\System32\IMM32.DLL
0x00007fff74370000 - 0x00007fff7437c000 	C:\Program Files\Microsoft\jdk-17.0.14.7-hotspot\bin\vcruntime140_1.dll
0x00007fff72ab0000 - 0x00007fff72b3d000 	C:\Program Files\Microsoft\jdk-17.0.14.7-hotspot\bin\msvcp140.dll
0x00007fff0b090000 - 0x00007fff0bd02000 	C:\Program Files\Microsoft\jdk-17.0.14.7-hotspot\bin\server\jvm.dll
0x00007fff85520000 - 0x00007fff855d2000 	C:\WINDOWS\System32\ADVAPI32.dll
0x00007fff859d0000 - 0x00007fff85a76000 	C:\WINDOWS\System32\sechost.dll
0x00007fff860a0000 - 0x00007fff861b6000 	C:\WINDOWS\System32\RPCRT4.dll
0x00007fff85620000 - 0x00007fff85694000 	C:\WINDOWS\System32\WS2_32.dll
0x00007fff841a0000 - 0x00007fff841fe000 	C:\WINDOWS\SYSTEM32\POWRPROF.dll
0x00007fff7b790000 - 0x00007fff7b7c6000 	C:\WINDOWS\SYSTEM32\WINMM.dll
0x00007fff692e0000 - 0x00007fff692eb000 	C:\WINDOWS\SYSTEM32\VERSION.dll
0x00007fff84180000 - 0x00007fff84194000 	C:\WINDOWS\SYSTEM32\UMPDC.dll
0x00007fff83110000 - 0x00007fff8312a000 	C:\WINDOWS\SYSTEM32\kernel.appcore.dll
0x00007fff72aa0000 - 0x00007fff72aaa000 	C:\Program Files\Microsoft\jdk-17.0.14.7-hotspot\bin\jimage.dll
0x00007fff81320000 - 0x00007fff81561000 	C:\WINDOWS\SYSTEM32\DBGHELP.DLL
0x00007fff861c0000 - 0x00007fff86544000 	C:\WINDOWS\System32\combase.dll
0x00007fff85350000 - 0x00007fff85430000 	C:\WINDOWS\System32\OLEAUT32.dll
0x00007fff698b0000 - 0x00007fff698e9000 	C:\WINDOWS\SYSTEM32\dbgcore.DLL
0x00007fff84350000 - 0x00007fff843e9000 	C:\WINDOWS\System32\bcryptPrimitives.dll
0x00007fff729b0000 - 0x00007fff729be000 	C:\Program Files\Microsoft\jdk-17.0.14.7-hotspot\bin\instrument.dll
0x00007fff72a70000 - 0x00007fff72a95000 	C:\Program Files\Microsoft\jdk-17.0.14.7-hotspot\bin\java.dll
0x00007fff5b240000 - 0x00007fff5b317000 	C:\Program Files\Microsoft\jdk-17.0.14.7-hotspot\bin\jsvml.dll
0x00007fff86570000 - 0x00007fff86c9d000 	C:\WINDOWS\System32\SHELL32.dll
0x00007fff844a0000 - 0x00007fff84614000 	C:\WINDOWS\System32\wintypes.dll
0x00007fff81f90000 - 0x00007fff827e6000 	C:\WINDOWS\SYSTEM32\windows.storage.dll
0x00007fff85040000 - 0x00007fff8512f000 	C:\WINDOWS\System32\SHCORE.dll
0x00007fff85fb0000 - 0x00007fff86019000 	C:\WINDOWS\System32\shlwapi.dll
0x00007fff84260000 - 0x00007fff8428f000 	C:\WINDOWS\SYSTEM32\profapi.dll
0x00007fff72a10000 - 0x00007fff72a28000 	C:\Program Files\Microsoft\jdk-17.0.14.7-hotspot\bin\zip.dll
0x00007fff72a50000 - 0x00007fff72a6a000 	C:\Program Files\Microsoft\jdk-17.0.14.7-hotspot\bin\net.dll
0x00007fff75f80000 - 0x00007fff7609e000 	C:\WINDOWS\SYSTEM32\WINHTTP.dll
0x00007fff83680000 - 0x00007fff836ea000 	C:\WINDOWS\system32\mswsock.dll
0x00007fff72a30000 - 0x00007fff72a46000 	C:\Program Files\Microsoft\jdk-17.0.14.7-hotspot\bin\nio.dll
0x00007fff72a00000 - 0x00007fff72a10000 	C:\Program Files\Microsoft\jdk-17.0.14.7-hotspot\bin\verify.dll
0x00007fff6caf0000 - 0x00007fff6cb17000 	C:\Users\Himanshu\.gradle\native\1def1411415f61bf3af743bc5b6707747c0891f09f0c88961ee8f79bc544acac\windows-amd64\native-platform.dll
0x00007fff6d270000 - 0x00007fff6d2e8000 	C:\Users\Himanshu\.gradle\native\0.2.7\x86_64-windows-gnu\gradle-fileevents.dll
0x00007fff729f0000 - 0x00007fff729fa000 	C:\Program Files\Microsoft\jdk-17.0.14.7-hotspot\bin\management.dll
0x00007fff729e0000 - 0x00007fff729eb000 	C:\Program Files\Microsoft\jdk-17.0.14.7-hotspot\bin\management_ext.dll
0x00007fff85340000 - 0x00007fff85348000 	C:\WINDOWS\System32\PSAPI.DLL
0x00007fff82bb0000 - 0x00007fff82be3000 	C:\WINDOWS\SYSTEM32\IPHLPAPI.DLL
0x00007fff85240000 - 0x00007fff8524a000 	C:\WINDOWS\System32\NSI.dll
0x00007fff76440000 - 0x00007fff7645f000 	C:\WINDOWS\SYSTEM32\dhcpcsvc6.DLL
0x00007fff75ee0000 - 0x00007fff75f05000 	C:\WINDOWS\SYSTEM32\dhcpcsvc.DLL
0x00007fff82c80000 - 0x00007fff82da7000 	C:\WINDOWS\SYSTEM32\DNSAPI.dll
0x00007fff729c0000 - 0x00007fff729c9000 	C:\Program Files\Microsoft\jdk-17.0.14.7-hotspot\bin\extnet.dll
0x00007fff83920000 - 0x00007fff8393c000 	C:\WINDOWS\SYSTEM32\CRYPTSP.dll
0x00007fff83070000 - 0x00007fff830aa000 	C:\WINDOWS\system32\rsaenh.dll
0x00007fff83720000 - 0x00007fff8374b000 	C:\WINDOWS\SYSTEM32\USERENV.dll
0x00007fff84230000 - 0x00007fff84256000 	C:\WINDOWS\SYSTEM32\bcrypt.dll
0x00007fff83940000 - 0x00007fff8394c000 	C:\WINDOWS\SYSTEM32\CRYPTBASE.dll
0x00007fff72090000 - 0x00007fff7209e000 	C:\Program Files\Microsoft\jdk-17.0.14.7-hotspot\bin\sunmscapi.dll
0x00007fff84b60000 - 0x00007fff84cd7000 	C:\WINDOWS\System32\CRYPT32.dll
0x00007fff83b30000 - 0x00007fff83b60000 	C:\WINDOWS\SYSTEM32\ncrypt.dll
0x00007fff83ae0000 - 0x00007fff83b1f000 	C:\WINDOWS\SYSTEM32\NTASN1.dll
0x00007fff74510000 - 0x00007fff74518000 	C:\WINDOWS\system32\wshunix.dll
0x00007fff58b90000 - 0x00007fff58ba8000 	C:\WINDOWS\system32\napinsp.dll
0x00007fff56930000 - 0x00007fff56942000 	C:\WINDOWS\System32\winrnr.dll
0x00007fff565e0000 - 0x00007fff56610000 	C:\WINDOWS\system32\nlansp_c.dll
0x00007fff6c250000 - 0x00007fff6c270000 	C:\WINDOWS\system32\wshbth.dll
0x00007fff6cc90000 - 0x00007fff6cc9b000 	C:\Windows\System32\rasadhlp.dll
0x00007fff76670000 - 0x00007fff766f6000 	C:\WINDOWS\System32\fwpuclnt.dll
0x00007fff83230000 - 0x00007fff83265000 	C:\WINDOWS\SYSTEM32\ntmarta.dll

dbghelp: loaded successfully - version: 4.0.5 - missing functions: none
symbol engine: initialized successfully - sym options: 0x614 - pdb path: .;C:\Program Files\Microsoft\jdk-17.0.14.7-hotspot\bin;C:\WINDOWS\SYSTEM32;C:\WINDOWS\WinSxS\amd64_microsoft.windows.common-controls_6595b64144ccf1df_6.0.26100.3912_none_3e07963ce335137e;C:\Program Files\Microsoft\jdk-17.0.14.7-hotspot\bin\server;C:\Users\Himanshu\.gradle\native\1def1411415f61bf3af743bc5b6707747c0891f09f0c88961ee8f79bc544acac\windows-amd64;C:\Users\Himanshu\.gradle\native\0.2.7\x86_64-windows-gnu

VM Arguments:
jvm_args: --add-opens=java.base/java.lang=ALL-UNNAMED --add-opens=java.base/java.lang.invoke=ALL-UNNAMED --add-opens=java.base/java.util=ALL-UNNAMED --add-opens=java.prefs/java.util.prefs=ALL-UNNAMED --add-exports=jdk.compiler/com.sun.tools.javac.api=ALL-UNNAMED --add-exports=jdk.compiler/com.sun.tools.javac.util=ALL-UNNAMED --add-opens=java.base/java.util=ALL-UNNAMED --add-opens=java.prefs/java.util.prefs=ALL-UNNAMED --add-opens=java.base/java.nio.charset=ALL-UNNAMED --add-opens=java.base/java.net=ALL-UNNAMED --add-opens=java.base/java.util.concurrent.atomic=ALL-UNNAMED --add-opens=java.xml/javax.xml.namespace=ALL-UNNAMED -XX:MaxMetaspaceSize=512m -Xmx2048m -Dfile.encoding=windows-1252 -Duser.country=IN -Duser.language=en -Duser.variant -javaagent:C:\Users\Himanshu\.gradle\wrapper\dists\gradle-8.13-bin\5xuhj0ry160q40clulazy9h7d\gradle-8.13\lib\agents\gradle-instrumentation-agent-8.13.jar 
java_command: org.gradle.launcher.daemon.bootstrap.GradleDaemon 8.13
java_class_path (initial): C:\Users\Himanshu\.gradle\wrapper\dists\gradle-8.13-bin\5xuhj0ry160q40clulazy9h7d\gradle-8.13\lib\gradle-daemon-main-8.13.jar
Launcher Type: SUN_STANDARD

[Global flags]
     intx CICompilerCount                          = 4                                         {product} {ergonomic}
   size_t CompressedClassSpaceSize                 = 436207616                                 {product} {ergonomic}
     uint ConcGCThreads                            = 2                                         {product} {ergonomic}
     uint G1ConcRefinementThreads                  = 8                                         {product} {ergonomic}
   size_t G1HeapRegionSize                         = 1048576                                   {product} {ergonomic}
    uintx GCDrainStackTargetSize                   = 64                                        {product} {ergonomic}
   size_t InitialHeapSize                          = 266338304                                 {product} {ergonomic}
   size_t MarkStackSize                            = 4194304                                   {product} {ergonomic}
   size_t MaxHeapSize                              = 2147483648                                {product} {command line}
   size_t MaxMetaspaceSize                         = 536870912                                 {product} {command line}
   size_t MaxNewSize                               = 1287651328                                {product} {ergonomic}
   size_t MinHeapDeltaBytes                        = 1048576                                   {product} {ergonomic}
   size_t MinHeapSize                              = 8388608                                   {product} {ergonomic}
    uintx NonNMethodCodeHeapSize                   = 5839372                                {pd product} {ergonomic}
    uintx NonProfiledCodeHeapSize                  = 122909434                              {pd product} {ergonomic}
    uintx ProfiledCodeHeapSize                     = 122909434                              {pd product} {ergonomic}
    uintx ReservedCodeCacheSize                    = 251658240                              {pd product} {ergonomic}
     bool SegmentedCodeCache                       = true                                      {product} {ergonomic}
   size_t SoftMaxHeapSize                          = 2147483648                             {manageable} {ergonomic}
     bool UseCompressedClassPointers               = true                           {product lp64_product} {ergonomic}
     bool UseCompressedOops                        = true                           {product lp64_product} {ergonomic}
     bool UseG1GC                                  = true                                      {product} {ergonomic}
     bool UseLargePagesIndividualAllocation        = false                                  {pd product} {ergonomic}

Logging:
Log output configuration:
 #0: stdout all=warning uptime,level,tags
 #1: stderr all=off uptime,level,tags

Environment Variables:
JAVA_HOME=C:\Program Files\Microsoft\jdk-17.0.14.7-hotspot\
CLASSPATH=C:\Users\Himanshu\Desktop\App\newApp\android\\gradle\wrapper\gradle-wrapper.jar
PATH=C:\Users\Himanshu\Desktop\App\newApp\node_modules\.bin;C:\Users\Himanshu\Desktop\App\newApp\node_modules\.bin;C:\Users\Himanshu\Desktop\App\node_modules\.bin;C:\Users\Himanshu\Desktop\node_modules\.bin;C:\Users\Himanshu\node_modules\.bin;C:\Users\node_modules\.bin;C:\node_modules\.bin;C:\Users\Himanshu\AppData\Roaming\npm\node_modules\npm\node_modules\@npmcli\run-script\lib\node-gyp-bin;C:\Program Files\Common Files\Oracle\Java\javapath;C:\WINDOWS\system32;C:\WINDOWS;C:\WINDOWS\System32\Wbem;C:\WINDOWS\System32\WindowsPowerShell\v1.0\;C:\WINDOWS\System32\OpenSSH\;C:\Program Files\Java\jdk-20\bin;C:\Program Files\dotnet\;C:\ProgramData\chocolatey\bin;%LOCALAPPDATA%\Android\Sdk\platform-tools;C:\Program Files\nodejs\;C:\Users\Himanshu\AppData\Local\Android\Sdk\platform-tools;C:\Users\Himanshu\AppData\Local\Android\Sdk\emulator;C:\Users\Himanshu\AppData\Local\Android\Sdk\cmdline-tools;C:\Users\Himanshu\AppData\Local\Android\Sdk\platforms;C:\Users\Himanshu\AppData\Local\Android\Sdk;C:\Program Files\Microsoft\jdk-17.0.14.7-hotspot\bin;C:\Program Files\Git\cmd;C:\Users\Himanshu\AppData\Local\Android\Sdk\tools;C:\Program Files\Common Files\Oracle\Java\javapath;C:\WINDOWS\system32;C:\WINDOWS;C:\WINDOWS\System32\Wbem;C:\WINDOWS\System32\WindowsPowerShell\v1.0\;C:\WINDOWS\System32\OpenSSH\;C:\Program Files\Java\jdk-20\bin;C:\Program Files\dotnet\;C:\ProgramData\chocolatey\bin;C:\Program Files\Eclipse Adoptium\jdk-17.0.8.7-hotspot;C:\Program Files\nodejs\;C:\Program Files\Common Files\Oracle\Java\javapath;C:\WINDOWS\system32;C:\WINDOWS;C:\WINDOWS\System32\Wbem;C:\WINDOWS\System32\WindowsPowerShell\v1.0\;C:\WINDOWS\System32\OpenSSH\;C:\Program Files\Java\jdk-20\bin;C:\Program Files\dotnet\;C:\Program Files\nodejs\;C:\ProgramData\chocolatey\bin;C:\Users\Himanshu\AppData;C:\Users\Himanshu\AppData\Local\Programs\Microsoft VS Code\bin;C:\Users\Himanshu\AppData\Roaming\npm;C:\Users\Himanshu\AppData\Local\Android\Sdk\platform-tools;C:\Users\Himanshu\AppData\Local\Android\Sdk\emulator;C:\Users\Himanshu\AppData\Local\Android\Sdk\platforms;C:\Users\Himanshu\AppData\Local\Android\Sdk;C:\Program Files\Microsoft\jdk-17.0.14.7-hotspot\bin;
USERNAME=Himanshu
LANG=en_US.UTF-8
OS=Windows_NT
PROCESSOR_IDENTIFIER=Intel64 Family 6 Model 140 Stepping 1, GenuineIntel
TMP=C:\Users\Himanshu\AppData\Local\Temp
TEMP=C:\Users\Himanshu\AppData\Local\Temp



Periodic native trim disabled


---------------  S Y S T E M  ---------------

OS:
 Windows 11 , 64 bit Build 26100 (10.0.26100.3912)
OS uptime: 0 days 5:05 hours
Hyper-V role detected

CPU: total 8 (initial active 8) (4 cores per cpu, 2 threads per core) family 6 model 140 stepping 1 microcode 0xa4, cx8, cmov, fxsr, ht, mmx, 3dnowpref, sse, sse2, sse3, ssse3, sse4.1, sse4.2, popcnt, lzcnt, tsc, tscinvbit, avx, avx2, aes, erms, clmul, bmi1, bmi2, adx, avx512f, avx512dq, avx512cd, avx512bw, avx512vl, sha, fma, vzeroupper, avx512_vpopcntdq, avx512_vpclmulqdq, avx512_vaes, avx512_vnni, clflush, clflushopt, clwb, avx512_vbmi2, avx512_vbmi, hv
Processor Information for the first 8 processors :
  Max Mhz: 2803, Current Mhz: 2803, Mhz Limit: 2803

Memory: 4k page, system-wide physical 16171M (554M free)
TotalPageFile size 39927M (AvailPageFile size 165M)
current process WorkingSet (physical memory assigned to process): 1358M, peak: 1358M
current process commit charge ("private bytes"): 1464M, peak: 1759M

vm_info: OpenJDK 64-Bit Server VM (17.0.14+7-LTS) for windows-amd64 JRE (17.0.14+7-LTS), built on Jan  8 2025 23:39:28 by "MicrosoftCorporation" with unknown MS VC++:1939

END.
