#
# There is insufficient memory for the Java Runtime Environment to continue.
# Native memory allocation (malloc) failed to allocate 1651072 bytes. Error detail: Chunk::new
# Possible reasons:
#   The system is out of physical RAM or swap space
#   This process is running with CompressedOops enabled, and the Java Heap may be blocking the growth of the native heap
# Possible solutions:
#   Reduce memory load on the system
#   Increase physical memory or swap space
#   Check if swap backing store is full
#   Decrease Java heap size (-Xmx/-Xms)
#   Decrease number of Java threads
#   Decrease Java thread stack sizes (-Xss)
#   Set larger code cache with -XX:ReservedCodeCacheSize=
#   JVM is running with Unscaled Compressed Oops mode in which the Java heap is
#     placed in the first 4GB address space. The Java Heap base address is the
#     maximum limit for the native heap growth. Please use -XX:HeapBaseMinAddress
#     to set the Java Heap base and to place the Java Heap above 4GB virtual address.
# This output file may be truncated or incomplete.
#
#  Out of Memory Error (arena.cpp:191), pid=2616, tid=9028
#
# JRE version: OpenJDK Runtime Environment Microsoft-10800295 (17.0.14+7) (build 17.0.14+7-LTS)
# Java VM: OpenJDK 64-Bit Server VM Microsoft-10800295 (17.0.14+7-LTS, mixed mode, sharing, tiered, compressed oops, compressed class ptrs, g1 gc, windows-amd64)
# No core dump will be written. Minidumps are not enabled by default on client versions of Windows
#

---------------  S U M M A R Y ------------

Command Line: --add-opens=java.base/java.lang=ALL-UNNAMED --add-opens=java.base/java.lang.invoke=ALL-UNNAMED --add-opens=java.base/java.util=ALL-UNNAMED --add-opens=java.prefs/java.util.prefs=ALL-UNNAMED --add-exports=jdk.compiler/com.sun.tools.javac.api=ALL-UNNAMED --add-exports=jdk.compiler/com.sun.tools.javac.util=ALL-UNNAMED --add-opens=java.base/java.util=ALL-UNNAMED --add-opens=java.prefs/java.util.prefs=ALL-UNNAMED --add-opens=java.base/java.nio.charset=ALL-UNNAMED --add-opens=java.base/java.net=ALL-UNNAMED --add-opens=java.base/java.util.concurrent.atomic=ALL-UNNAMED --add-opens=java.xml/javax.xml.namespace=ALL-UNNAMED -XX:MaxMetaspaceSize=512m -Xmx2048m -Dfile.encoding=windows-1252 -Duser.country=IN -Duser.language=en -Duser.variant -javaagent:C:\Users\Himanshu\.gradle\wrapper\dists\gradle-8.13-bin\5xuhj0ry160q40clulazy9h7d\gradle-8.13\lib\agents\gradle-instrumentation-agent-8.13.jar org.gradle.launcher.daemon.bootstrap.GradleDaemon 8.13

Host: 11th Gen Intel(R) Core(TM) i7-1165G7 @ 2.80GHz, 8 cores, 15G,  Windows 11 , 64 bit Build 26100 (10.0.26100.3912)
Time: Mon Jun  2 15:06:20 2025 India Standard Time elapsed time: 52.698167 seconds (0d 0h 0m 52s)

---------------  T H R E A D  ---------------

Current thread (0x00000230fd057c90):  JavaThread "C2 CompilerThread0" daemon [_thread_in_native, id=9028, stack(0x0000006cd4700000,0x0000006cd4800000)]


Current CompileTask:
C2:  52698 24564       4       com.android.tools.r8.graph.E2::a (11 bytes)

Stack: [0x0000006cd4700000,0x0000006cd4800000]
Native frames: (J=compiled Java code, j=interpreted, Vv=VM code, C=native code)
V  [jvm.dll+0x6886b9]
V  [jvm.dll+0x83f6f8]
V  [jvm.dll+0x8411a3]
V  [jvm.dll+0x841813]
V  [jvm.dll+0x2495cf]
V  [jvm.dll+0xad0d4]
V  [jvm.dll+0xad76c]
V  [jvm.dll+0x36ae0e]
V  [jvm.dll+0x1bd005]
V  [jvm.dll+0x21a95c]
V  [jvm.dll+0x219c1f]
V  [jvm.dll+0x1a5596]
V  [jvm.dll+0x22a27a]
V  [jvm.dll+0x2283bb]
V  [jvm.dll+0x7f4f48]
V  [jvm.dll+0x7ef2ac]
V  [jvm.dll+0x687597]
C  [ucrtbase.dll+0x37b0]
C  [KERNEL32.DLL+0x2e8d7]
C  [ntdll.dll+0x9c5dc]


---------------  P R O C E S S  ---------------

Threads class SMR info:
_java_thread_list=0x0000023082e9cbd0, length=169, elements={
0x00000230bfa242c0, 0x00000230ddef2ce0, 0x00000230ddef3f30, 0x00000230fd04f3b0,
0x00000230fd051c90, 0x00000230fd0530d0, 0x00000230fd056520, 0x00000230fd057c90,
0x00000230fd0658f0, 0x00000230fd0a0670, 0x00000230ddee09d0, 0x00000230fd2165b0,
0x00000230fecc2110, 0x00000230fea24660, 0x00000230fe4c5920, 0x00000230fec60b90,
0x00000230feed9450, 0x00000230ff14c020, 0x00000230ff1675d0, 0x00000230ff32ad00,
0x00000230ff3298c0, 0x00000230ff32b210, 0x00000230ff328990, 0x00000230ff328480,
0x00000230ff329dd0, 0x00000230ff328ea0, 0x00000230ff32a2e0, 0x00000230ff32a7f0,
0x00000230ff32b720, 0x0000023082de6080, 0x0000023082de6590, 0x0000023082de6aa0,
0x0000023082de6fb0, 0x0000023082de74c0, 0x0000023082de79d0, 0x0000023082de83f0,
0x0000023082de4c40, 0x0000023082de5150, 0x0000023082de8e10, 0x0000023082de5660,
0x0000023082de9320, 0x0000023082de9d40, 0x0000023082debba0, 0x0000023082dea250,
0x0000023082dec0b0, 0x0000023082deac70, 0x0000023082deb180, 0x0000023082deb690,
0x0000023082dea760, 0x00000230824d5f80, 0x00000230824d5560, 0x00000230824d4120,
0x00000230824d2ce0, 0x00000230824d5a70, 0x00000230824d4b40, 0x00000230824d27d0,
0x00000230824d6490, 0x00000230824d69a0, 0x00000230824d31f0, 0x00000230824d5050,
0x00000230824d4630, 0x00000230824d6eb0, 0x00000230824d3700, 0x00000230824d73c0,
0x00000230824d9220, 0x00000230824da150, 0x00000230824d8d10, 0x00000230824d78d0,
0x00000230824d9730, 0x00000230824d9c40, 0x00000230824d82f0, 0x00000230824d8800,
0x00000230820df840, 0x00000230820dfd50, 0x00000230820ddef0, 0x00000230820de910,
0x00000230820e0c80, 0x00000230820e0260, 0x00000230820dee20, 0x00000230820e1bb0,
0x00000230820e16a0, 0x00000230820e1190, 0x00000230820de400, 0x00000230820df330,
0x00000230820e0770, 0x00000230820e25d0, 0x00000230820e3a10, 0x00000230820e20c0,
0x00000230820e2ff0, 0x00000230820e4430, 0x00000230820e4940, 0x00000230820e3f20,
0x00000230820e4e50, 0x00000230820e5360, 0x00000230820e5870, 0x00000230820e2ae0,
0x00000230820e3500, 0x00000230806e34b0, 0x00000230806dfd00, 0x00000230806e0720,
0x00000230806e39c0, 0x00000230806e0c30, 0x00000230806e1140, 0x00000230806e1b60,
0x00000230806e1650, 0x00000230806e2070, 0x00000230806e2580, 0x00000230806e2fa0,
0x00000230806e0210, 0x00000230806e6c60, 0x00000230806e43e0, 0x00000230806e4e00,
0x00000230806e7170, 0x00000230806e5310, 0x00000230806e3ed0, 0x00000230806e6240,
0x00000230806e5d30, 0x00000230806e5820, 0x00000230806e48f0, 0x00000230806e7680,
0x00000230806e6750, 0x00000230fd4f1780, 0x00000230fd4ee4e0, 0x00000230fd4ee9f0,
0x00000230fd4efe30, 0x00000230fd4edfd0, 0x00000230fd4f1c90, 0x00000230fd4f0d60,
0x00000230fd4f1270, 0x00000230fd4f0340, 0x00000230fd4f21a0, 0x00000230fd4f26b0,
0x00000230fd4ef410, 0x00000230fd4ef920, 0x00000230fd4eef00, 0x00000230fd4f2bc0,
0x00000230fd4f30d0, 0x00000230fd4f35e0, 0x00000230fd4f0850, 0x00000230fd4f4510,
0x00000230fd4f4a20, 0x00000230ff7fb3d0, 0x00000230ff7fc300, 0x00000230ff7fd740,
0x00000230ff7ff090, 0x0000023084115780, 0x0000023084115c90, 0x00000230841166b0,
0x0000023084114340, 0x00000230ff7fbdf0, 0x00000230824d7de0, 0x000002308d5d6b30,
0x000002308d5d7550, 0x000002308d5d7a60, 0x000002308d5d6110, 0x000002308d5d7f70,
0x000002308d5d6620, 0x000002308d5d5c00, 0x000002308d5d8990, 0x00000230ff7feb80,
0x00000230ff7ffab0, 0x000002308d5d51e0, 0x000002308d5d56f0, 0x0000023082de5b70,
0x0000023084118f30, 0x0000023089179ca0, 0x0000023089178d70, 0x0000023089e5faf0,
0x0000023089e62ac0
}

Java Threads: ( => current thread )
  0x00000230bfa242c0 JavaThread "main" [_thread_blocked, id=23532, stack(0x0000006cd3a00000,0x0000006cd3b00000)]
  0x00000230ddef2ce0 JavaThread "Reference Handler" daemon [_thread_blocked, id=1632, stack(0x0000006cd4100000,0x0000006cd4200000)]
  0x00000230ddef3f30 JavaThread "Finalizer" daemon [_thread_blocked, id=22176, stack(0x0000006cd4200000,0x0000006cd4300000)]
  0x00000230fd04f3b0 JavaThread "Signal Dispatcher" daemon [_thread_blocked, id=22676, stack(0x0000006cd4300000,0x0000006cd4400000)]
  0x00000230fd051c90 JavaThread "Attach Listener" daemon [_thread_blocked, id=15372, stack(0x0000006cd4400000,0x0000006cd4500000)]
  0x00000230fd0530d0 JavaThread "Service Thread" daemon [_thread_blocked, id=24836, stack(0x0000006cd4500000,0x0000006cd4600000)]
  0x00000230fd056520 JavaThread "Monitor Deflation Thread" daemon [_thread_blocked, id=13744, stack(0x0000006cd4600000,0x0000006cd4700000)]
=>0x00000230fd057c90 JavaThread "C2 CompilerThread0" daemon [_thread_in_native, id=9028, stack(0x0000006cd4700000,0x0000006cd4800000)]
  0x00000230fd0658f0 JavaThread "C1 CompilerThread0" daemon [_thread_blocked, id=4556, stack(0x0000006cd4800000,0x0000006cd4900000)]
  0x00000230fd0a0670 JavaThread "Sweeper thread" daemon [_thread_blocked, id=21848, stack(0x0000006cd4900000,0x0000006cd4a00000)]
  0x00000230ddee09d0 JavaThread "Common-Cleaner" daemon [_thread_blocked, id=400, stack(0x0000006cd4a00000,0x0000006cd4b00000)]
  0x00000230fd2165b0 JavaThread "Notification Thread" daemon [_thread_blocked, id=16908, stack(0x0000006cd4b00000,0x0000006cd4c00000)]
  0x00000230fecc2110 JavaThread "Daemon health stats" [_thread_blocked, id=5064, stack(0x0000006cd5400000,0x0000006cd5500000)]
  0x00000230fea24660 JavaThread "Incoming local TCP Connector on port 54356" [_thread_in_native, id=14168, stack(0x0000006cd4d00000,0x0000006cd4e00000)]
  0x00000230fe4c5920 JavaThread "Daemon periodic checks" [_thread_blocked, id=21672, stack(0x0000006cd4e00000,0x0000006cd4f00000)]
  0x00000230fec60b90 JavaThread "Daemon" [_thread_blocked, id=21932, stack(0x0000006cd5700000,0x0000006cd5800000)]
  0x00000230feed9450 JavaThread "Handler for socket connection from /127.0.0.1:54356 to /127.0.0.1:54357" [_thread_in_native, id=11524, stack(0x0000006cd5800000,0x0000006cd5900000)]
  0x00000230ff14c020 JavaThread "Cancel handler" [_thread_blocked, id=2684, stack(0x0000006cd5900000,0x0000006cd5a00000)]
  0x00000230ff1675d0 JavaThread "Daemon worker" [_thread_blocked, id=7240, stack(0x0000006cd5a00000,0x0000006cd5b00000)]
  0x00000230ff32ad00 JavaThread "Asynchronous log dispatcher for DefaultDaemonConnection: socket connection from /127.0.0.1:54356 to /127.0.0.1:54357" [_thread_blocked, id=1124, stack(0x0000006cd5b00000,0x0000006cd5c00000)]
  0x00000230ff3298c0 JavaThread "Stdin handler" [_thread_blocked, id=3792, stack(0x0000006cd5c00000,0x0000006cd5d00000)]
  0x00000230ff32b210 JavaThread "Daemon client event forwarder" [_thread_blocked, id=25204, stack(0x0000006cd5d00000,0x0000006cd5e00000)]
  0x00000230ff328990 JavaThread "Cache worker for journal cache (C:\Users\Himanshu\.gradle\caches\journal-1)" [_thread_blocked, id=21136, stack(0x0000006cd5e00000,0x0000006cd5f00000)]
  0x00000230ff328480 JavaThread "File lock request listener" [_thread_in_native, id=23528, stack(0x0000006cd5f00000,0x0000006cd6000000)]
  0x00000230ff329dd0 JavaThread "Cache worker for file hash cache (C:\Users\Himanshu\.gradle\caches\8.13\fileHashes)" [_thread_blocked, id=25140, stack(0x0000006cd6000000,0x0000006cd6100000)]
  0x00000230ff328ea0 JavaThread "Cache worker for file hash cache (C:\Users\Himanshu\Desktop\App\newApp\android\.gradle\8.13\fileHashes)" [_thread_blocked, id=21552, stack(0x0000006cd6100000,0x0000006cd6200000)]
  0x00000230ff32a2e0 JavaThread "Cache worker for Build Output Cleanup Cache (C:\Users\Himanshu\Desktop\App\newApp\android\.gradle\buildOutputCleanup)" [_thread_blocked, id=25360, stack(0x0000006cd6200000,0x0000006cd6300000)]
  0x00000230ff32a7f0 JavaThread "File watcher server" daemon [_thread_blocked, id=21892, stack(0x0000006cd6600000,0x0000006cd6700000)]
  0x00000230ff32b720 JavaThread "File watcher consumer" daemon [_thread_blocked, id=1796, stack(0x0000006cd6700000,0x0000006cd6800000)]
  0x0000023082de6080 JavaThread "jar transforms" [_thread_blocked, id=11716, stack(0x0000006cd6800000,0x0000006cd6900000)]
  0x0000023082de6590 JavaThread "Cache worker for checksums cache (C:\Users\Himanshu\Desktop\App\newApp\android\.gradle\8.13\checksums)" [_thread_blocked, id=8376, stack(0x0000006cd6900000,0x0000006cd6a00000)]
  0x0000023082de6aa0 JavaThread "Cache worker for file content cache (C:\Users\Himanshu\.gradle\caches\8.13\fileContent)" [_thread_blocked, id=18884, stack(0x0000006cd6a00000,0x0000006cd6b00000)]
  0x0000023082de6fb0 JavaThread "Cache worker for cache directory md-supplier (C:\Users\Himanshu\.gradle\caches\8.13\md-supplier)" [_thread_blocked, id=25176, stack(0x0000006cd6b00000,0x0000006cd6c00000)]
  0x0000023082de74c0 JavaThread "Cache worker for cache directory md-rule (C:\Users\Himanshu\.gradle\caches\8.13\md-rule)" [_thread_blocked, id=5336, stack(0x0000006cd6c00000,0x0000006cd6d00000)]
  0x0000023082de79d0 JavaThread "Cache worker for Build Output Cleanup Cache (C:\Users\Himanshu\Desktop\App\newApp\node_modules\@react-native\gradle-plugin\.gradle\buildOutputCleanup)" [_thread_blocked, id=19424, stack(0x0000006cd6d00000,0x0000006cd6e00000)]
  0x0000023082de83f0 JavaThread "Unconstrained build operations" [_thread_blocked, id=12520, stack(0x0000006cd6e00000,0x0000006cd6f00000)]
  0x0000023082de4c40 JavaThread "Unconstrained build operations Thread 2" [_thread_blocked, id=8296, stack(0x0000006cd6f00000,0x0000006cd7000000)]
  0x0000023082de5150 JavaThread "Unconstrained build operations Thread 3" [_thread_blocked, id=15064, stack(0x0000006cd7000000,0x0000006cd7100000)]
  0x0000023082de8e10 JavaThread "Unconstrained build operations Thread 4" [_thread_blocked, id=15820, stack(0x0000006cd7100000,0x0000006cd7200000)]
  0x0000023082de5660 JavaThread "Unconstrained build operations Thread 5" [_thread_blocked, id=20776, stack(0x0000006cd7200000,0x0000006cd7300000)]
  0x0000023082de9320 JavaThread "Unconstrained build operations Thread 6" [_thread_blocked, id=8468, stack(0x0000006cd7300000,0x0000006cd7400000)]
  0x0000023082de9d40 JavaThread "Unconstrained build operations Thread 7" [_thread_blocked, id=18688, stack(0x0000006cd7400000,0x0000006cd7500000)]
  0x0000023082debba0 JavaThread "Unconstrained build operations Thread 8" [_thread_blocked, id=15452, stack(0x0000006cd7500000,0x0000006cd7600000)]
  0x0000023082dea250 JavaThread "Unconstrained build operations Thread 9" [_thread_blocked, id=2668, stack(0x0000006cd7600000,0x0000006cd7700000)]
  0x0000023082dec0b0 JavaThread "Unconstrained build operations Thread 10" [_thread_blocked, id=22272, stack(0x0000006cd7700000,0x0000006cd7800000)]
  0x0000023082deac70 JavaThread "Unconstrained build operations Thread 11" [_thread_blocked, id=12036, stack(0x0000006cd7800000,0x0000006cd7900000)]
  0x0000023082deb180 JavaThread "Unconstrained build operations Thread 12" [_thread_blocked, id=11368, stack(0x0000006cd7900000,0x0000006cd7a00000)]
  0x0000023082deb690 JavaThread "Unconstrained build operations Thread 13" [_thread_blocked, id=14292, stack(0x0000006cd7a00000,0x0000006cd7b00000)]
  0x0000023082dea760 JavaThread "Unconstrained build operations Thread 14" [_thread_blocked, id=23252, stack(0x0000006cd7b00000,0x0000006cd7c00000)]
  0x00000230824d5f80 JavaThread "Unconstrained build operations Thread 15" [_thread_blocked, id=25228, stack(0x0000006cd7c00000,0x0000006cd7d00000)]
  0x00000230824d5560 JavaThread "Unconstrained build operations Thread 16" [_thread_blocked, id=9800, stack(0x0000006cd7d00000,0x0000006cd7e00000)]
  0x00000230824d4120 JavaThread "Unconstrained build operations Thread 17" [_thread_blocked, id=4244, stack(0x0000006cd7e00000,0x0000006cd7f00000)]
  0x00000230824d2ce0 JavaThread "Unconstrained build operations Thread 18" [_thread_blocked, id=17724, stack(0x0000006cd7f00000,0x0000006cd8000000)]
  0x00000230824d5a70 JavaThread "Unconstrained build operations Thread 19" [_thread_blocked, id=19736, stack(0x0000006cd8000000,0x0000006cd8100000)]
  0x00000230824d4b40 JavaThread "Unconstrained build operations Thread 20" [_thread_blocked, id=11992, stack(0x0000006cd8100000,0x0000006cd8200000)]
  0x00000230824d27d0 JavaThread "Unconstrained build operations Thread 21" [_thread_blocked, id=24956, stack(0x0000006cd8200000,0x0000006cd8300000)]
  0x00000230824d6490 JavaThread "Unconstrained build operations Thread 22" [_thread_blocked, id=22476, stack(0x0000006cd8300000,0x0000006cd8400000)]
  0x00000230824d69a0 JavaThread "Unconstrained build operations Thread 23" [_thread_blocked, id=11812, stack(0x0000006cd8400000,0x0000006cd8500000)]
  0x00000230824d31f0 JavaThread "Unconstrained build operations Thread 24" [_thread_blocked, id=1264, stack(0x0000006cd8500000,0x0000006cd8600000)]
  0x00000230824d5050 JavaThread "Unconstrained build operations Thread 25" [_thread_blocked, id=21508, stack(0x0000006cd8600000,0x0000006cd8700000)]
  0x00000230824d4630 JavaThread "Unconstrained build operations Thread 26" [_thread_blocked, id=11440, stack(0x0000006cd8700000,0x0000006cd8800000)]
  0x00000230824d6eb0 JavaThread "Unconstrained build operations Thread 27" [_thread_blocked, id=5204, stack(0x0000006cd8800000,0x0000006cd8900000)]
  0x00000230824d3700 JavaThread "build event listener" [_thread_blocked, id=12504, stack(0x0000006cd5600000,0x0000006cd5700000)]
  0x00000230824d73c0 JavaThread "Memory manager" [_thread_blocked, id=25520, stack(0x0000006cd8900000,0x0000006cd8a00000)]
  0x00000230824d9220 JavaThread "ForkJoinPool.commonPool-worker-1" daemon [_thread_blocked, id=22080, stack(0x0000006cd8b00000,0x0000006cd8c00000)]
  0x00000230824da150 JavaThread "ForkJoinPool.commonPool-worker-2" daemon [_thread_blocked, id=21916, stack(0x0000006cd8c00000,0x0000006cd8d00000)]
  0x00000230824d8d10 JavaThread "ForkJoinPool.commonPool-worker-3" daemon [_thread_blocked, id=3068, stack(0x0000006cd8d00000,0x0000006cd8e00000)]
  0x00000230824d78d0 JavaThread "ForkJoinPool.commonPool-worker-4" daemon [_thread_blocked, id=5352, stack(0x0000006cd8e00000,0x0000006cd8f00000)]
  0x00000230824d9730 JavaThread "ForkJoinPool.commonPool-worker-5" daemon [_thread_blocked, id=24564, stack(0x0000006cd8f00000,0x0000006cd9000000)]
  0x00000230824d9c40 JavaThread "ForkJoinPool.commonPool-worker-6" daemon [_thread_blocked, id=20084, stack(0x0000006cd9000000,0x0000006cd9100000)]
  0x00000230824d82f0 JavaThread "ForkJoinPool.commonPool-worker-7" daemon [_thread_blocked, id=11476, stack(0x0000006cd9100000,0x0000006cd9200000)]
  0x00000230824d8800 JavaThread "Exec process" [_thread_blocked, id=14140, stack(0x0000006cd9200000,0x0000006cd9300000)]
  0x00000230820df840 JavaThread "Exec process Thread 2" [_thread_blocked, id=20280, stack(0x0000006cd9300000,0x0000006cd9400000)]
  0x00000230820dfd50 JavaThread "Exec process Thread 3" [_thread_blocked, id=20848, stack(0x0000006cd9400000,0x0000006cd9500000)]
  0x00000230820ddef0 JavaThread "included builds" [_thread_blocked, id=10720, stack(0x0000006cd5500000,0x0000006cd5600000)]
  0x00000230820de910 JavaThread "Execution worker" [_thread_blocked, id=2768, stack(0x0000006cd8a00000,0x0000006cd8b00000)]
  0x00000230820e0c80 JavaThread "Execution worker Thread 2" [_thread_blocked, id=5452, stack(0x0000006cd9500000,0x0000006cd9600000)]
  0x00000230820e0260 JavaThread "Execution worker Thread 3" [_thread_blocked, id=5680, stack(0x0000006cd9600000,0x0000006cd9700000)]
  0x00000230820dee20 JavaThread "Execution worker Thread 4" [_thread_blocked, id=5448, stack(0x0000006cd9700000,0x0000006cd9800000)]
  0x00000230820e1bb0 JavaThread "Execution worker Thread 5" [_thread_blocked, id=9976, stack(0x0000006cd9800000,0x0000006cd9900000)]
  0x00000230820e16a0 JavaThread "Execution worker Thread 6" [_thread_blocked, id=24304, stack(0x0000006cd9900000,0x0000006cd9a00000)]
  0x00000230820e1190 JavaThread "Execution worker Thread 7" [_thread_blocked, id=1984, stack(0x0000006cd9a00000,0x0000006cd9b00000)]
  0x00000230820de400 JavaThread "Cache worker for execution history cache (C:\Users\Himanshu\Desktop\App\newApp\node_modules\@react-native\gradle-plugin\.gradle\8.13\executionHistory)" [_thread_blocked, id=25548, stack(0x0000006cd9b00000,0x0000006cd9c00000)]
  0x00000230820df330 JavaThread "Unconstrained build operations Thread 28" [_thread_blocked, id=19960, stack(0x0000006cd9d00000,0x0000006cd9e00000)]
  0x00000230820e0770 JavaThread "Unconstrained build operations Thread 29" [_thread_blocked, id=24536, stack(0x0000006cd9e00000,0x0000006cd9f00000)]
  0x00000230820e25d0 JavaThread "Unconstrained build operations Thread 30" [_thread_blocked, id=19540, stack(0x0000006cd9f00000,0x0000006cda000000)]
  0x00000230820e3a10 JavaThread "Unconstrained build operations Thread 31" [_thread_blocked, id=12264, stack(0x0000006cda000000,0x0000006cda100000)]
  0x00000230820e20c0 JavaThread "Unconstrained build operations Thread 32" [_thread_blocked, id=20060, stack(0x0000006cda100000,0x0000006cda200000)]
  0x00000230820e2ff0 JavaThread "Unconstrained build operations Thread 33" [_thread_blocked, id=19812, stack(0x0000006cda200000,0x0000006cda300000)]
  0x00000230820e4430 JavaThread "Unconstrained build operations Thread 34" [_thread_blocked, id=25348, stack(0x0000006cda300000,0x0000006cda400000)]
  0x00000230820e4940 JavaThread "Unconstrained build operations Thread 35" [_thread_blocked, id=13360, stack(0x0000006cda400000,0x0000006cda500000)]
  0x00000230820e3f20 JavaThread "Unconstrained build operations Thread 36" [_thread_blocked, id=21716, stack(0x0000006cda500000,0x0000006cda600000)]
  0x00000230820e4e50 JavaThread "Unconstrained build operations Thread 37" [_thread_blocked, id=3304, stack(0x0000006cda600000,0x0000006cda700000)]
  0x00000230820e5360 JavaThread "Unconstrained build operations Thread 38" [_thread_blocked, id=21176, stack(0x0000006cda700000,0x0000006cda800000)]
  0x00000230820e5870 JavaThread "Unconstrained build operations Thread 39" [_thread_blocked, id=21708, stack(0x0000006cda800000,0x0000006cda900000)]
  0x00000230820e2ae0 JavaThread "Unconstrained build operations Thread 40" [_thread_blocked, id=21972, stack(0x0000006cda900000,0x0000006cdaa00000)]
  0x00000230820e3500 JavaThread "Unconstrained build operations Thread 41" [_thread_blocked, id=7396, stack(0x0000006cdaa00000,0x0000006cdab00000)]
  0x00000230806e34b0 JavaThread "Unconstrained build operations Thread 42" [_thread_blocked, id=8668, stack(0x0000006cdab00000,0x0000006cdac00000)]
  0x00000230806dfd00 JavaThread "Unconstrained build operations Thread 43" [_thread_blocked, id=1920, stack(0x0000006cdac00000,0x0000006cdad00000)]
  0x00000230806e0720 JavaThread "Unconstrained build operations Thread 44" [_thread_blocked, id=16864, stack(0x0000006cdad00000,0x0000006cdae00000)]
  0x00000230806e39c0 JavaThread "Unconstrained build operations Thread 45" [_thread_blocked, id=21684, stack(0x0000006cdae00000,0x0000006cdaf00000)]
  0x00000230806e0c30 JavaThread "Unconstrained build operations Thread 46" [_thread_blocked, id=22896, stack(0x0000006cdaf00000,0x0000006cdb000000)]
  0x00000230806e1140 JavaThread "Unconstrained build operations Thread 47" [_thread_blocked, id=22828, stack(0x0000006cdb000000,0x0000006cdb100000)]
  0x00000230806e1b60 JavaThread "Unconstrained build operations Thread 48" [_thread_blocked, id=1620, stack(0x0000006cdb100000,0x0000006cdb200000)]
  0x00000230806e1650 JavaThread "Unconstrained build operations Thread 49" [_thread_blocked, id=22584, stack(0x0000006cdb200000,0x0000006cdb300000)]
  0x00000230806e2070 JavaThread "Unconstrained build operations Thread 50" [_thread_blocked, id=6364, stack(0x0000006cdb300000,0x0000006cdb400000)]
  0x00000230806e2580 JavaThread "Unconstrained build operations Thread 51" [_thread_blocked, id=9408, stack(0x0000006cdb400000,0x0000006cdb500000)]
  0x00000230806e2fa0 JavaThread "Unconstrained build operations Thread 52" [_thread_blocked, id=11932, stack(0x0000006cdb500000,0x0000006cdb600000)]
  0x00000230806e0210 JavaThread "Unconstrained build operations Thread 53" [_thread_blocked, id=13016, stack(0x0000006cdb600000,0x0000006cdb700000)]
  0x00000230806e6c60 JavaThread "Unconstrained build operations Thread 54" [_thread_blocked, id=824, stack(0x0000006cdb700000,0x0000006cdb800000)]
  0x00000230806e43e0 JavaThread "Unconstrained build operations Thread 55" [_thread_blocked, id=17612, stack(0x0000006cdb800000,0x0000006cdb900000)]
  0x00000230806e4e00 JavaThread "Unconstrained build operations Thread 56" [_thread_blocked, id=21660, stack(0x0000006cdb900000,0x0000006cdba00000)]
  0x00000230806e7170 JavaThread "Unconstrained build operations Thread 57" [_thread_blocked, id=11888, stack(0x0000006cdba00000,0x0000006cdbb00000)]
  0x00000230806e5310 JavaThread "Unconstrained build operations Thread 58" [_thread_blocked, id=17312, stack(0x0000006cdbb00000,0x0000006cdbc00000)]
  0x00000230806e3ed0 JavaThread "Unconstrained build operations Thread 59" [_thread_blocked, id=21744, stack(0x0000006cdbc00000,0x0000006cdbd00000)]
  0x00000230806e6240 JavaThread "Unconstrained build operations Thread 60" [_thread_blocked, id=17780, stack(0x0000006cdbd00000,0x0000006cdbe00000)]
  0x00000230806e5d30 JavaThread "Unconstrained build operations Thread 61" [_thread_blocked, id=14980, stack(0x0000006cdbe00000,0x0000006cdbf00000)]
  0x00000230806e5820 JavaThread "Unconstrained build operations Thread 62" [_thread_blocked, id=12408, stack(0x0000006cdbf00000,0x0000006cdc000000)]
  0x00000230806e48f0 JavaThread "Unconstrained build operations Thread 63" [_thread_blocked, id=6724, stack(0x0000006cdc000000,0x0000006cdc100000)]
  0x00000230806e7680 JavaThread "Unconstrained build operations Thread 64" [_thread_blocked, id=2240, stack(0x0000006cdc100000,0x0000006cdc200000)]
  0x00000230806e6750 JavaThread "Unconstrained build operations Thread 65" [_thread_blocked, id=4552, stack(0x0000006cdc200000,0x0000006cdc300000)]
  0x00000230fd4f1780 JavaThread "Unconstrained build operations Thread 66" [_thread_blocked, id=25508, stack(0x0000006cdc300000,0x0000006cdc400000)]
  0x00000230fd4ee4e0 JavaThread "Unconstrained build operations Thread 67" [_thread_blocked, id=23116, stack(0x0000006cdc400000,0x0000006cdc500000)]
  0x00000230fd4ee9f0 JavaThread "Unconstrained build operations Thread 68" [_thread_blocked, id=23904, stack(0x0000006cdc500000,0x0000006cdc600000)]
  0x00000230fd4efe30 JavaThread "Unconstrained build operations Thread 69" [_thread_blocked, id=8224, stack(0x0000006cdc600000,0x0000006cdc700000)]
  0x00000230fd4edfd0 JavaThread "Unconstrained build operations Thread 70" [_thread_blocked, id=14612, stack(0x0000006cdc700000,0x0000006cdc800000)]
  0x00000230fd4f1c90 JavaThread "Unconstrained build operations Thread 71" [_thread_blocked, id=20940, stack(0x0000006cdc800000,0x0000006cdc900000)]
  0x00000230fd4f0d60 JavaThread "Unconstrained build operations Thread 72" [_thread_blocked, id=4576, stack(0x0000006cdc900000,0x0000006cdca00000)]
  0x00000230fd4f1270 JavaThread "Unconstrained build operations Thread 73" [_thread_blocked, id=24776, stack(0x0000006cdca00000,0x0000006cdcb00000)]
  0x00000230fd4f0340 JavaThread "Unconstrained build operations Thread 74" [_thread_blocked, id=22128, stack(0x0000006cdcb00000,0x0000006cdcc00000)]
  0x00000230fd4f21a0 JavaThread "Unconstrained build operations Thread 75" [_thread_blocked, id=13416, stack(0x0000006cdcc00000,0x0000006cdcd00000)]
  0x00000230fd4f26b0 JavaThread "Unconstrained build operations Thread 76" [_thread_blocked, id=20740, stack(0x0000006cdcd00000,0x0000006cdce00000)]
  0x00000230fd4ef410 JavaThread "Unconstrained build operations Thread 77" [_thread_blocked, id=20584, stack(0x0000006cdce00000,0x0000006cdcf00000)]
  0x00000230fd4ef920 JavaThread "jar transforms Thread 2" [_thread_blocked, id=24300, stack(0x0000006cdcf00000,0x0000006cdd000000)]
  0x00000230fd4eef00 JavaThread "jar transforms Thread 3" [_thread_blocked, id=25340, stack(0x0000006cdd000000,0x0000006cdd100000)]
  0x00000230fd4f2bc0 JavaThread "Unconstrained build operations Thread 78" [_thread_blocked, id=3324, stack(0x0000006cdd100000,0x0000006cdd200000)]
  0x00000230fd4f30d0 JavaThread "Unconstrained build operations Thread 79" [_thread_blocked, id=14464, stack(0x0000006cdd200000,0x0000006cdd300000)]
  0x00000230fd4f35e0 JavaThread "Unconstrained build operations Thread 80" [_thread_blocked, id=3272, stack(0x0000006cdd300000,0x0000006cdd400000)]
  0x00000230fd4f0850 JavaThread "jar transforms Thread 4" [_thread_blocked, id=6872, stack(0x0000006cdd500000,0x0000006cdd600000)]
  0x00000230fd4f4510 JavaThread "jar transforms Thread 5" [_thread_blocked, id=12648, stack(0x0000006cdd600000,0x0000006cdd700000)]
  0x00000230fd4f4a20 JavaThread "jar transforms Thread 6" [_thread_blocked, id=17052, stack(0x0000006cdd700000,0x0000006cdd800000)]
  0x00000230ff7fb3d0 JavaThread "Problems report writer" [_thread_blocked, id=10400, stack(0x0000006cdd800000,0x0000006cdd900000)]
  0x00000230ff7fc300 JavaThread "build event listener" [_thread_blocked, id=10284, stack(0x0000006cdd900000,0x0000006cdda00000)]
  0x00000230ff7fd740 JavaThread "jar transforms Thread 7" [_thread_blocked, id=25300, stack(0x0000006cdda00000,0x0000006cddb00000)]
  0x00000230ff7ff090 JavaThread "jar transforms Thread 8" [_thread_blocked, id=3076, stack(0x0000006cddb00000,0x0000006cddc00000)]
  0x0000023084115780 JavaThread "Exec process" [_thread_in_native, id=19936, stack(0x0000006cd3800000,0x0000006cd3900000)]
  0x0000023084115c90 JavaThread "Exec process Thread 2" [_thread_in_native, id=21544, stack(0x0000006cddc00000,0x0000006cddd00000)]
  0x00000230841166b0 JavaThread "Exec process Thread 3" [_thread_in_native, id=24488, stack(0x0000006cddd00000,0x0000006cdde00000)]
  0x0000023084114340 JavaThread "Cache worker for execution history cache (C:\Users\Himanshu\Desktop\App\newApp\android\.gradle\8.13\executionHistory)" [_thread_blocked, id=316, stack(0x0000006cde000000,0x0000006cde100000)]
  0x00000230ff7fbdf0 JavaThread "WorkerExecutor Queue" [_thread_in_native, id=24656, stack(0x0000006cde100000,0x0000006cde200000)]
  0x00000230824d7de0 JavaThread "WorkerExecutor Queue Thread 2" [_thread_blocked, id=21364, stack(0x0000006cde200000,0x0000006cde300000)]
  0x000002308d5d6b30 JavaThread "WorkerExecutor Queue Thread 3" [_thread_blocked, id=13012, stack(0x0000006cde400000,0x0000006cde500000)]
  0x000002308d5d7550 JavaThread "WorkerExecutor Queue Thread 4" [_thread_blocked, id=17568, stack(0x0000006cde500000,0x0000006cde600000)]
  0x000002308d5d7a60 JavaThread "RMI Scheduler(0)" daemon [_thread_blocked, id=12212, stack(0x0000006cde300000,0x0000006cde400000)]
  0x000002308d5d6110 JavaThread "RMI RenewClean-[127.0.0.1:17325,org.jetbrains.kotlin.daemon.common.LoopbackNetworkInterface$ClientLoopbackSocketFactory@4486b389]" daemon [_thread_blocked, id=12048, stack(0x0000006cde600000,0x0000006cde700000)]
  0x000002308d5d7f70 JavaThread "RMI GC Daemon" daemon [_thread_blocked, id=11764, stack(0x0000006cde700000,0x0000006cde800000)]
  0x000002308d5d6620 JavaThread "RMI TCP Accept-0" daemon [_thread_in_native, id=11492, stack(0x0000006cde800000,0x0000006cde900000)]
  0x000002308d5d5c00 JavaThread "RMI Reaper" [_thread_blocked, id=11480, stack(0x0000006cde900000,0x0000006cdea00000)]
  0x000002308d5d8990 JavaThread "RMI TCP Connection(1)-127.0.0.1" daemon [_thread_in_native, id=6088, stack(0x0000006cdea00000,0x0000006cdeb00000)]
  0x00000230ff7feb80 JavaThread "ForkJoinPool-1-worker-1" daemon [_thread_blocked, id=13820, stack(0x0000006cdd400000,0x0000006cdd500000)]
  0x00000230ff7ffab0 JavaThread "ForkJoinPool-1-worker-2" daemon [_thread_blocked, id=23536, stack(0x0000006cded00000,0x0000006cdee00000)]
  0x000002308d5d51e0 JavaThread "ForkJoinPool-1-worker-3" daemon [_thread_blocked, id=12752, stack(0x0000006cdee00000,0x0000006cdef00000)]
  0x000002308d5d56f0 JavaThread "ForkJoinPool-1-worker-4" daemon [_thread_blocked, id=12776, stack(0x0000006cdef00000,0x0000006cdf000000)]
  0x0000023082de5b70 JavaThread "ForkJoinPool-1-worker-5" daemon [_thread_blocked, id=12768, stack(0x0000006cdf000000,0x0000006cdf100000)]
  0x0000023084118f30 JavaThread "ForkJoinPool-1-worker-6" daemon [_thread_blocked, id=13472, stack(0x0000006cdf100000,0x0000006cdf200000)]
  0x0000023089179ca0 JavaThread "ForkJoinPool-1-worker-7" daemon [_thread_blocked, id=12684, stack(0x0000006cdf200000,0x0000006cdf300000)]
  0x0000023089178d70 JavaThread "ForkJoinPool-1-worker-8" daemon [_thread_blocked, id=10792, stack(0x0000006cdf300000,0x0000006cdf400000)]
  0x0000023089e5faf0 JavaThread "C2 CompilerThread1" daemon [_thread_blocked, id=22792, stack(0x0000006cd9c00000,0x0000006cd9d00000)]
  0x0000023089e62ac0 JavaThread "C2 CompilerThread2" daemon [_thread_blocked, id=4804, stack(0x0000006cdf400000,0x0000006cdf500000)]

Other Threads:
  0x00000230fd042010 VMThread "VM Thread" [stack: 0x0000006cd4000000,0x0000006cd4100000] [id=18132]
  0x00000230bfa24cf0 WatcherThread [stack: 0x0000006cd4c00000,0x0000006cd4d00000] [id=22336]
  0x00000230bfa80a20 GCTaskThread "GC Thread#0" [stack: 0x0000006cd3b00000,0x0000006cd3c00000] [id=18324]
  0x00000230fd9c90f0 GCTaskThread "GC Thread#1" [stack: 0x0000006cd4f00000,0x0000006cd5000000] [id=3176]
  0x00000230fda95590 GCTaskThread "GC Thread#2" [stack: 0x0000006cd5000000,0x0000006cd5100000] [id=14928]
  0x00000230fda95850 GCTaskThread "GC Thread#3" [stack: 0x0000006cd5100000,0x0000006cd5200000] [id=3312]
  0x00000230fda95b10 GCTaskThread "GC Thread#4" [stack: 0x0000006cd5200000,0x0000006cd5300000] [id=3720]
  0x00000230fd96c660 GCTaskThread "GC Thread#5" [stack: 0x0000006cd5300000,0x0000006cd5400000] [id=7376]
  0x0000023082686a80 GCTaskThread "GC Thread#6" [stack: 0x0000006cd6300000,0x0000006cd6400000] [id=20860]
  0x0000023082aa6840 GCTaskThread "GC Thread#7" [stack: 0x0000006cd6400000,0x0000006cd6500000] [id=7580]
  0x00000230bfa91880 ConcurrentGCThread "G1 Main Marker" [stack: 0x0000006cd3c00000,0x0000006cd3d00000] [id=24164]
  0x00000230bfa92e80 ConcurrentGCThread "G1 Conc#0" [stack: 0x0000006cd3d00000,0x0000006cd3e00000] [id=12040]
  0x0000023080e17b00 ConcurrentGCThread "G1 Conc#1" [stack: 0x0000006cd6500000,0x0000006cd6600000] [id=21800]
  0x00000230ddda61f0 ConcurrentGCThread "G1 Refine#0" [stack: 0x0000006cd3e00000,0x0000006cd3f00000] [id=7772]
  0x0000023089d844c0 ConcurrentGCThread "G1 Refine#1" [stack: 0x0000006cdeb00000,0x0000006cdec00000] [id=2924]
  0x00000230832003c0 ConcurrentGCThread "G1 Refine#2" [stack: 0x0000006cdec00000,0x0000006cded00000] [id=6864]
  0x00000230840bc200 ConcurrentGCThread "G1 Refine#3" [stack: 0x0000006cdf500000,0x0000006cdf600000] [id=14508]
  0x000002308addc070 ConcurrentGCThread "G1 Refine#4" [stack: 0x0000006cdf600000,0x0000006cdf700000] [id=6272]
  0x000002308addc650 ConcurrentGCThread "G1 Refine#5" [stack: 0x0000006cdf700000,0x0000006cdf800000] [id=24040]
  0x0000023089292b00 ConcurrentGCThread "G1 Refine#6" [stack: 0x0000006cdf800000,0x0000006cdf900000] [id=17112]
  0x00000230840bb350 ConcurrentGCThread "G1 Refine#7" [stack: 0x0000006cdf900000,0x0000006cdfa00000] [id=1644]
  0x00000230ddda78e0 ConcurrentGCThread "G1 Service" [stack: 0x0000006cd3f00000,0x0000006cd4000000] [id=4920]

Threads with active compile tasks:
C2 CompilerThread0    53750 24564       4       com.android.tools.r8.graph.E2::a (11 bytes)
C2 CompilerThread1    53750 24640       4       com.android.tools.r8.dex.J::b (68 bytes)
C2 CompilerThread2    53750 24676 %     4       com.android.tools.r8.internal.V00::f @ 74 (316 bytes)

VM state: at safepoint (normal execution)

VM Mutex/Monitor currently owned by a thread:  ([mutex/lock_event])
[0x00000230bd4f6640] Threads_lock - owner thread: 0x00000230fd042010
[0x00000230bfa210a0] Heap_lock - owner thread: 0x00000230bfa91880

Heap address: 0x0000000080000000, size: 2048 MB, Compressed Oops mode: 32-bit

CDS archive(s) mapped at: [0x00000230de000000-0x00000230debb0000-0x00000230debb0000), size 12255232, SharedBaseAddress: 0x00000230de000000, ArchiveRelocationMode: 1.
Compressed class space mapped at: 0x00000230df000000-0x00000230f9000000, reserved size: 436207616
Narrow klass base: 0x00000230de000000, Narrow klass shift: 0, Narrow klass range: 0x100000000

GC Precious Log:
 CPUs: 8 total, 8 available
 Memory: 16171M
 Large Page Support: Disabled
 NUMA Support: Disabled
 Compressed Oops: Enabled (32-bit)
 Heap Region Size: 1M
 Heap Min Capacity: 8M
 Heap Initial Capacity: 254M
 Heap Max Capacity: 2G
 Pre-touch: Disabled
 Parallel Workers: 8
 Concurrent Workers: 2
 Concurrent Refinement Workers: 8
 Periodic GC: Disabled

Heap:
 garbage-first heap   total 638976K, used 535641K [0x0000000080000000, 0x0000000100000000)
  region size 1024K, 9 young (9216K), 4 survivors (4096K)
 Metaspace       used 144564K, committed 146432K, reserved 557056K
  class space    used 19881K, committed 20800K, reserved 425984K

Heap Regions: E=young(eden), S=young(survivor), O=old, HS=humongous(starts), HC=humongous(continues), CS=collection set, F=free, OA=open archive, CA=closed archive, TAMS=top-at-mark-start (previous, next)
|   0|0x0000000080000000, 0x0000000080100000, 0x0000000080100000|100%|HS|  |TAMS 0x0000000080100000, 0x0000000080000000| Complete 
|   1|0x0000000080100000, 0x0000000080200000, 0x0000000080200000|100%|HC|  |TAMS 0x0000000080200000, 0x0000000080100000| Complete 
|   2|0x0000000080200000, 0x0000000080300000, 0x0000000080300000|100%|HC|  |TAMS 0x0000000080300000, 0x0000000080200000| Complete 
|   3|0x0000000080300000, 0x0000000080400000, 0x0000000080400000|100%| O|  |TAMS 0x0000000080400000, 0x0000000080300000| Untracked 
|   4|0x0000000080400000, 0x0000000080500000, 0x0000000080500000|100%| O|  |TAMS 0x0000000080500000, 0x0000000080400000| Untracked 
|   5|0x0000000080500000, 0x0000000080600000, 0x0000000080600000|100%| O|  |TAMS 0x0000000080600000, 0x0000000080500000| Untracked 
|   6|0x0000000080600000, 0x0000000080700000, 0x0000000080700000|100%|HS|  |TAMS 0x0000000080700000, 0x0000000080600000| Complete 
|   7|0x0000000080700000, 0x0000000080800000, 0x0000000080800000|100%| O|  |TAMS 0x0000000080800000, 0x0000000080700000| Untracked 
|   8|0x0000000080800000, 0x0000000080900000, 0x0000000080900000|100%| O|  |TAMS 0x0000000080900000, 0x0000000080800000| Untracked 
|   9|0x0000000080900000, 0x0000000080a00000, 0x0000000080a00000|100%| O|  |TAMS 0x0000000080a00000, 0x0000000080900000| Untracked 
|  10|0x0000000080a00000, 0x0000000080b00000, 0x0000000080b00000|100%| O|  |TAMS 0x0000000080b00000, 0x0000000080a00000| Updating 
|  11|0x0000000080b00000, 0x0000000080c00000, 0x0000000080c00000|100%| O|  |TAMS 0x0000000080c00000, 0x0000000080b00000| Untracked 
|  12|0x0000000080c00000, 0x0000000080cb6400, 0x0000000080d00000| 71%| O|  |TAMS 0x0000000080cb6400, 0x0000000080c00000| Updating 
|  13|0x0000000080d00000, 0x0000000080e00000, 0x0000000080e00000|100%| O|  |TAMS 0x0000000080e00000, 0x0000000080d00000| Updating 
|  14|0x0000000080e00000, 0x0000000080f00000, 0x0000000080f00000|100%| O|  |TAMS 0x0000000080f00000, 0x0000000080e00000| Untracked 
|  15|0x0000000080f00000, 0x0000000081000000, 0x0000000081000000|100%| O|  |TAMS 0x0000000081000000, 0x0000000080f00000| Untracked 
|  16|0x0000000081000000, 0x0000000081100000, 0x0000000081100000|100%| O|  |TAMS 0x0000000081100000, 0x0000000081000000| Untracked 
|  17|0x0000000081100000, 0x0000000081200000, 0x0000000081200000|100%| O|  |TAMS 0x0000000081200000, 0x0000000081100000| Untracked 
|  18|0x0000000081200000, 0x0000000081300000, 0x0000000081300000|100%| O|  |TAMS 0x0000000081300000, 0x0000000081200000| Untracked 
|  19|0x0000000081300000, 0x0000000081400000, 0x0000000081400000|100%| O|  |TAMS 0x0000000081400000, 0x0000000081300000| Untracked 
|  20|0x0000000081400000, 0x0000000081500000, 0x0000000081500000|100%| O|  |TAMS 0x0000000081500000, 0x0000000081400000| Untracked 
|  21|0x0000000081500000, 0x0000000081600000, 0x0000000081600000|100%| O|  |TAMS 0x0000000081600000, 0x0000000081500000| Untracked 
|  22|0x0000000081600000, 0x0000000081700000, 0x0000000081700000|100%| O|  |TAMS 0x0000000081700000, 0x0000000081600000| Untracked 
|  23|0x0000000081700000, 0x0000000081800000, 0x0000000081800000|100%| O|  |TAMS 0x0000000081800000, 0x0000000081700000| Updating 
|  24|0x0000000081800000, 0x0000000081900000, 0x0000000081900000|100%| O|  |TAMS 0x0000000081900000, 0x0000000081800000| Untracked 
|  25|0x0000000081900000, 0x0000000081a00000, 0x0000000081a00000|100%| O|  |TAMS 0x0000000081a00000, 0x0000000081900000| Untracked 
|  26|0x0000000081a00000, 0x0000000081b00000, 0x0000000081b00000|100%| O|  |TAMS 0x0000000081b00000, 0x0000000081a00000| Untracked 
|  27|0x0000000081b00000, 0x0000000081c00000, 0x0000000081c00000|100%| O|  |TAMS 0x0000000081c00000, 0x0000000081b00000| Updating 
|  28|0x0000000081c00000, 0x0000000081d00000, 0x0000000081d00000|100%| O|  |TAMS 0x0000000081d00000, 0x0000000081c00000| Untracked 
|  29|0x0000000081d00000, 0x0000000081e00000, 0x0000000081e00000|100%| O|  |TAMS 0x0000000081e00000, 0x0000000081d00000| Untracked 
|  30|0x0000000081e00000, 0x0000000081f00000, 0x0000000081f00000|100%| O|  |TAMS 0x0000000081f00000, 0x0000000081e00000| Updating 
|  31|0x0000000081f00000, 0x0000000082000000, 0x0000000082000000|100%| O|  |TAMS 0x0000000082000000, 0x0000000081f00000| Untracked 
|  32|0x0000000082000000, 0x0000000082100000, 0x0000000082100000|100%| O|  |TAMS 0x0000000082100000, 0x0000000082000000| Untracked 
|  33|0x0000000082100000, 0x0000000082200000, 0x0000000082200000|100%| O|  |TAMS 0x0000000082200000, 0x0000000082100000| Untracked 
|  34|0x0000000082200000, 0x0000000082300000, 0x0000000082300000|100%| O|  |TAMS 0x0000000082300000, 0x0000000082200000| Updating 
|  35|0x0000000082300000, 0x0000000082400000, 0x0000000082400000|100%| O|  |TAMS 0x0000000082400000, 0x0000000082300000| Updating 
|  36|0x0000000082400000, 0x0000000082500000, 0x0000000082500000|100%| O|  |TAMS 0x0000000082500000, 0x0000000082400000| Untracked 
|  37|0x0000000082500000, 0x0000000082600000, 0x0000000082600000|100%| O|  |TAMS 0x0000000082600000, 0x0000000082500000| Updating 
|  38|0x0000000082600000, 0x0000000082700000, 0x0000000082700000|100%| O|  |TAMS 0x0000000082700000, 0x0000000082600000| Untracked 
|  39|0x0000000082700000, 0x0000000082800000, 0x0000000082800000|100%| O|  |TAMS 0x0000000082800000, 0x0000000082700000| Untracked 
|  40|0x0000000082800000, 0x0000000082900000, 0x0000000082900000|100%| O|  |TAMS 0x0000000082900000, 0x0000000082800000| Untracked 
|  41|0x0000000082900000, 0x0000000082a00000, 0x0000000082a00000|100%| O|  |TAMS 0x0000000082a00000, 0x0000000082900000| Updating 
|  42|0x0000000082a00000, 0x0000000082b00000, 0x0000000082b00000|100%|HS|  |TAMS 0x0000000082b00000, 0x0000000082a00000| Complete 
|  43|0x0000000082b00000, 0x0000000082c00000, 0x0000000082c00000|100%|HC|  |TAMS 0x0000000082c00000, 0x0000000082b00000| Complete 
|  44|0x0000000082c00000, 0x0000000082d00000, 0x0000000082d00000|100%|HS|  |TAMS 0x0000000082d00000, 0x0000000082c00000| Complete 
|  45|0x0000000082d00000, 0x0000000082e00000, 0x0000000082e00000|100%|HC|  |TAMS 0x0000000082e00000, 0x0000000082d00000| Complete 
|  46|0x0000000082e00000, 0x0000000082f00000, 0x0000000082f00000|100%|HC|  |TAMS 0x0000000082f00000, 0x0000000082e00000| Complete 
|  47|0x0000000082f00000, 0x0000000083000000, 0x0000000083000000|100%|HS|  |TAMS 0x0000000083000000, 0x0000000082f00000| Complete 
|  48|0x0000000083000000, 0x0000000083100000, 0x0000000083100000|100%|HC|  |TAMS 0x0000000083100000, 0x0000000083000000| Complete 
|  49|0x0000000083100000, 0x0000000083200000, 0x0000000083200000|100%|HS|  |TAMS 0x0000000083200000, 0x0000000083100000| Complete 
|  50|0x0000000083200000, 0x0000000083300000, 0x0000000083300000|100%|HS|  |TAMS 0x0000000083300000, 0x0000000083200000| Complete 
|  51|0x0000000083300000, 0x0000000083400000, 0x0000000083400000|100%|HC|  |TAMS 0x0000000083400000, 0x0000000083300000| Complete 
|  52|0x0000000083400000, 0x0000000083500000, 0x0000000083500000|100%| O|  |TAMS 0x0000000083500000, 0x0000000083400000| Untracked 
|  53|0x0000000083500000, 0x0000000083600000, 0x0000000083600000|100%| O|  |TAMS 0x0000000083600000, 0x0000000083500000| Untracked 
|  54|0x0000000083600000, 0x0000000083700000, 0x0000000083700000|100%| O|  |TAMS 0x0000000083700000, 0x0000000083600000| Updating 
|  55|0x0000000083700000, 0x0000000083800000, 0x0000000083800000|100%| O|  |TAMS 0x0000000083800000, 0x0000000083700000| Updating 
|  56|0x0000000083800000, 0x0000000083900000, 0x0000000083900000|100%|HS|  |TAMS 0x0000000083900000, 0x0000000083800000| Complete 
|  57|0x0000000083900000, 0x0000000083a00000, 0x0000000083a00000|100%|HC|  |TAMS 0x0000000083a00000, 0x0000000083900000| Complete 
|  58|0x0000000083a00000, 0x0000000083b00000, 0x0000000083b00000|100%|HC|  |TAMS 0x0000000083b00000, 0x0000000083a00000| Complete 
|  59|0x0000000083b00000, 0x0000000083c00000, 0x0000000083c00000|100%| O|  |TAMS 0x0000000083c00000, 0x0000000083b00000| Updating 
|  60|0x0000000083c00000, 0x0000000083d00000, 0x0000000083d00000|100%| O|  |TAMS 0x0000000083d00000, 0x0000000083c00000| Updating 
|  61|0x0000000083d00000, 0x0000000083e00000, 0x0000000083e00000|100%| O|  |TAMS 0x0000000083e00000, 0x0000000083d00000| Updating 
|  62|0x0000000083e00000, 0x0000000083f00000, 0x0000000083f00000|100%| O|  |TAMS 0x0000000083f00000, 0x0000000083e00000| Updating 
|  63|0x0000000083f00000, 0x0000000084000000, 0x0000000084000000|100%|HS|  |TAMS 0x0000000084000000, 0x0000000083f00000| Complete 
|  64|0x0000000084000000, 0x0000000084100000, 0x0000000084100000|100%| O|  |TAMS 0x0000000084100000, 0x0000000084000000| Updating 
|  65|0x0000000084100000, 0x0000000084200000, 0x0000000084200000|100%| O|  |TAMS 0x0000000084200000, 0x0000000084100000| Updating 
|  66|0x0000000084200000, 0x0000000084300000, 0x0000000084300000|100%| O|  |TAMS 0x0000000084300000, 0x0000000084200000| Updating 
|  67|0x0000000084300000, 0x0000000084400000, 0x0000000084400000|100%| O|  |TAMS 0x0000000084400000, 0x0000000084300000| Updating 
|  68|0x0000000084400000, 0x0000000084500000, 0x0000000084500000|100%| O|  |TAMS 0x0000000084500000, 0x0000000084400000| Updating 
|  69|0x0000000084500000, 0x0000000084600000, 0x0000000084600000|100%| O|  |TAMS 0x0000000084600000, 0x0000000084500000| Updating 
|  70|0x0000000084600000, 0x0000000084700000, 0x0000000084700000|100%| O|  |TAMS 0x0000000084700000, 0x0000000084600000| Updating 
|  71|0x0000000084700000, 0x0000000084800000, 0x0000000084800000|100%| O|  |TAMS 0x0000000084800000, 0x0000000084700000| Updating 
|  72|0x0000000084800000, 0x0000000084900000, 0x0000000084900000|100%| O|  |TAMS 0x0000000084900000, 0x0000000084800000| Updating 
|  73|0x0000000084900000, 0x0000000084a00000, 0x0000000084a00000|100%| O|  |TAMS 0x0000000084a00000, 0x0000000084900000| Updating 
|  74|0x0000000084a00000, 0x0000000084b00000, 0x0000000084b00000|100%| O|  |TAMS 0x0000000084b00000, 0x0000000084a00000| Untracked 
|  75|0x0000000084b00000, 0x0000000084c00000, 0x0000000084c00000|100%| O|  |TAMS 0x0000000084c00000, 0x0000000084b00000| Untracked 
|  76|0x0000000084c00000, 0x0000000084d00000, 0x0000000084d00000|100%| O|  |TAMS 0x0000000084d00000, 0x0000000084c00000| Untracked 
|  77|0x0000000084d00000, 0x0000000084e00000, 0x0000000084e00000|100%| O|  |TAMS 0x0000000084e00000, 0x0000000084d00000| Updating 
|  78|0x0000000084e00000, 0x0000000084f00000, 0x0000000084f00000|100%| O|  |TAMS 0x0000000084f00000, 0x0000000084e00000| Untracked 
|  79|0x0000000084f00000, 0x0000000085000000, 0x0000000085000000|100%|HS|  |TAMS 0x0000000085000000, 0x0000000084f00000| Complete 
|  80|0x0000000085000000, 0x0000000085100000, 0x0000000085100000|100%|HS|  |TAMS 0x0000000085100000, 0x0000000085000000| Complete 
|  81|0x0000000085100000, 0x0000000085200000, 0x0000000085200000|100%|HS|  |TAMS 0x0000000085200000, 0x0000000085100000| Complete 
|  82|0x0000000085200000, 0x0000000085300000, 0x0000000085300000|100%|HS|  |TAMS 0x0000000085300000, 0x0000000085200000| Complete 
|  83|0x0000000085300000, 0x0000000085400000, 0x0000000085400000|100%|HS|  |TAMS 0x0000000085400000, 0x0000000085300000| Complete 
|  84|0x0000000085400000, 0x0000000085500000, 0x0000000085500000|100%| O|  |TAMS 0x0000000085500000, 0x0000000085400000| Updating 
|  85|0x0000000085500000, 0x0000000085600000, 0x0000000085600000|100%|HS|  |TAMS 0x0000000085600000, 0x0000000085500000| Complete 
|  86|0x0000000085600000, 0x0000000085700000, 0x0000000085700000|100%|HS|  |TAMS 0x0000000085700000, 0x0000000085600000| Complete 
|  87|0x0000000085700000, 0x0000000085800000, 0x0000000085800000|100%| O|  |TAMS 0x0000000085800000, 0x0000000085700000| Updating 
|  88|0x0000000085800000, 0x0000000085900000, 0x0000000085900000|100%| O|  |TAMS 0x0000000085900000, 0x0000000085800000| Updating 
|  89|0x0000000085900000, 0x0000000085a00000, 0x0000000085a00000|100%|HS|  |TAMS 0x0000000085a00000, 0x0000000085900000| Complete 
|  90|0x0000000085a00000, 0x0000000085b00000, 0x0000000085b00000|100%| O|  |TAMS 0x0000000085b00000, 0x0000000085a00000| Untracked 
|  91|0x0000000085b00000, 0x0000000085c00000, 0x0000000085c00000|100%| O|  |TAMS 0x0000000085c00000, 0x0000000085b00000| Updating 
|  92|0x0000000085c00000, 0x0000000085d00000, 0x0000000085d00000|100%| O|  |TAMS 0x0000000085d00000, 0x0000000085c00000| Updating 
|  93|0x0000000085d00000, 0x0000000085e00000, 0x0000000085e00000|100%| O|  |TAMS 0x0000000085e00000, 0x0000000085d00000| Updating 
|  94|0x0000000085e00000, 0x0000000085f00000, 0x0000000085f00000|100%| O|  |TAMS 0x0000000085f00000, 0x0000000085e00000| Untracked 
|  95|0x0000000085f00000, 0x0000000086000000, 0x0000000086000000|100%| O|  |TAMS 0x0000000086000000, 0x0000000085f00000| Untracked 
|  96|0x0000000086000000, 0x0000000086100000, 0x0000000086100000|100%| O|  |TAMS 0x0000000086100000, 0x0000000086000000| Untracked 
|  97|0x0000000086100000, 0x0000000086200000, 0x0000000086200000|100%| O|  |TAMS 0x0000000086200000, 0x0000000086100000| Updating 
|  98|0x0000000086200000, 0x0000000086300000, 0x0000000086300000|100%| O|  |TAMS 0x0000000086300000, 0x0000000086200000| Untracked 
|  99|0x0000000086300000, 0x0000000086400000, 0x0000000086400000|100%| O|  |TAMS 0x0000000086400000, 0x0000000086300000| Untracked 
| 100|0x0000000086400000, 0x0000000086500000, 0x0000000086500000|100%| O|  |TAMS 0x0000000086500000, 0x0000000086400000| Untracked 
| 101|0x0000000086500000, 0x0000000086600000, 0x0000000086600000|100%| O|  |TAMS 0x0000000086600000, 0x0000000086500000| Untracked 
| 102|0x0000000086600000, 0x0000000086700000, 0x0000000086700000|100%|HS|  |TAMS 0x0000000086700000, 0x0000000086600000| Complete 
| 103|0x0000000086700000, 0x0000000086800000, 0x0000000086800000|100%|HS|  |TAMS 0x0000000086800000, 0x0000000086700000| Complete 
| 104|0x0000000086800000, 0x0000000086900000, 0x0000000086900000|100%|HC|  |TAMS 0x0000000086900000, 0x0000000086800000| Complete 
| 105|0x0000000086900000, 0x0000000086a00000, 0x0000000086a00000|100%| O|  |TAMS 0x0000000086a00000, 0x0000000086900000| Untracked 
| 106|0x0000000086a00000, 0x0000000086b00000, 0x0000000086b00000|100%| O|  |TAMS 0x0000000086b00000, 0x0000000086a00000| Untracked 
| 107|0x0000000086b00000, 0x0000000086c00000, 0x0000000086c00000|100%| O|  |TAMS 0x0000000086c00000, 0x0000000086b00000| Untracked 
| 108|0x0000000086c00000, 0x0000000086d00000, 0x0000000086d00000|100%| O|  |TAMS 0x0000000086d00000, 0x0000000086c00000| Untracked 
| 109|0x0000000086d00000, 0x0000000086e00000, 0x0000000086e00000|100%| O|  |TAMS 0x0000000086e00000, 0x0000000086d00000| Untracked 
| 110|0x0000000086e00000, 0x0000000086f00000, 0x0000000086f00000|100%| O|  |TAMS 0x0000000086f00000, 0x0000000086e00000| Untracked 
| 111|0x0000000086f00000, 0x0000000087000000, 0x0000000087000000|100%| O|  |TAMS 0x0000000087000000, 0x0000000086f00000| Untracked 
| 112|0x0000000087000000, 0x0000000087100000, 0x0000000087100000|100%| O|  |TAMS 0x0000000087100000, 0x0000000087000000| Untracked 
| 113|0x0000000087100000, 0x0000000087200000, 0x0000000087200000|100%| O|  |TAMS 0x0000000087200000, 0x0000000087100000| Untracked 
| 114|0x0000000087200000, 0x0000000087300000, 0x0000000087300000|100%| O|  |TAMS 0x0000000087300000, 0x0000000087200000| Untracked 
| 115|0x0000000087300000, 0x0000000087400000, 0x0000000087400000|100%| O|  |TAMS 0x0000000087400000, 0x0000000087300000| Untracked 
| 116|0x0000000087400000, 0x0000000087500000, 0x0000000087500000|100%| O|  |TAMS 0x0000000087500000, 0x0000000087400000| Untracked 
| 117|0x0000000087500000, 0x0000000087600000, 0x0000000087600000|100%| O|  |TAMS 0x0000000087600000, 0x0000000087500000| Untracked 
| 118|0x0000000087600000, 0x0000000087700000, 0x0000000087700000|100%| O|  |TAMS 0x0000000087700000, 0x0000000087600000| Untracked 
| 119|0x0000000087700000, 0x0000000087800000, 0x0000000087800000|100%| O|  |TAMS 0x0000000087800000, 0x0000000087700000| Untracked 
| 120|0x0000000087800000, 0x0000000087900000, 0x0000000087900000|100%| O|  |TAMS 0x0000000087900000, 0x0000000087800000| Updating 
| 121|0x0000000087900000, 0x0000000087a00000, 0x0000000087a00000|100%| O|  |TAMS 0x0000000087a00000, 0x0000000087900000| Updating 
| 122|0x0000000087a00000, 0x0000000087b00000, 0x0000000087b00000|100%| O|  |TAMS 0x0000000087b00000, 0x0000000087a00000| Updating 
| 123|0x0000000087b00000, 0x0000000087c00000, 0x0000000087c00000|100%| O|  |TAMS 0x0000000087c00000, 0x0000000087b00000| Updating 
| 124|0x0000000087c00000, 0x0000000087d00000, 0x0000000087d00000|100%| O|  |TAMS 0x0000000087d00000, 0x0000000087c00000| Updating 
| 125|0x0000000087d00000, 0x0000000087e00000, 0x0000000087e00000|100%| O|  |TAMS 0x0000000087e00000, 0x0000000087d00000| Updating 
| 126|0x0000000087e00000, 0x0000000087f00000, 0x0000000087f00000|100%| O|  |TAMS 0x0000000087f00000, 0x0000000087e00000| Updating 
| 127|0x0000000087f00000, 0x0000000088000000, 0x0000000088000000|100%| O|  |TAMS 0x0000000088000000, 0x0000000087f00000| Untracked 
| 128|0x0000000088000000, 0x0000000088100000, 0x0000000088100000|100%| O|  |TAMS 0x0000000088100000, 0x0000000088000000| Updating 
| 129|0x0000000088100000, 0x0000000088200000, 0x0000000088200000|100%|HS|  |TAMS 0x0000000088200000, 0x0000000088100000| Complete 
| 130|0x0000000088200000, 0x0000000088300000, 0x0000000088300000|100%|HS|  |TAMS 0x0000000088300000, 0x0000000088200000| Complete 
| 131|0x0000000088300000, 0x0000000088400000, 0x0000000088400000|100%|HC|  |TAMS 0x0000000088400000, 0x0000000088300000| Complete 
| 132|0x0000000088400000, 0x0000000088500000, 0x0000000088500000|100%| O|  |TAMS 0x0000000088500000, 0x0000000088400000| Untracked 
| 133|0x0000000088500000, 0x0000000088600000, 0x0000000088600000|100%| O|  |TAMS 0x0000000088600000, 0x0000000088500000| Untracked 
| 134|0x0000000088600000, 0x0000000088700000, 0x0000000088700000|100%| O|  |TAMS 0x0000000088700000, 0x0000000088600000| Updating 
| 135|0x0000000088700000, 0x0000000088800000, 0x0000000088800000|100%| O|  |TAMS 0x0000000088800000, 0x0000000088700000| Updating 
| 136|0x0000000088800000, 0x0000000088900000, 0x0000000088900000|100%| O|  |TAMS 0x0000000088900000, 0x0000000088800000| Untracked 
| 137|0x0000000088900000, 0x0000000088a00000, 0x0000000088a00000|100%| O|  |TAMS 0x0000000088a00000, 0x0000000088900000| Untracked 
| 138|0x0000000088a00000, 0x0000000088b00000, 0x0000000088b00000|100%| O|  |TAMS 0x0000000088b00000, 0x0000000088a00000| Untracked 
| 139|0x0000000088b00000, 0x0000000088c00000, 0x0000000088c00000|100%| O|  |TAMS 0x0000000088c00000, 0x0000000088b00000| Untracked 
| 140|0x0000000088c00000, 0x0000000088d00000, 0x0000000088d00000|100%| O|  |TAMS 0x0000000088d00000, 0x0000000088c00000| Untracked 
| 141|0x0000000088d00000, 0x0000000088e00000, 0x0000000088e00000|100%| O|  |TAMS 0x0000000088e00000, 0x0000000088d00000| Untracked 
| 142|0x0000000088e00000, 0x0000000088f00000, 0x0000000088f00000|100%| O|  |TAMS 0x0000000088f00000, 0x0000000088e00000| Untracked 
| 143|0x0000000088f00000, 0x0000000089000000, 0x0000000089000000|100%| O|  |TAMS 0x0000000089000000, 0x0000000088f00000| Untracked 
| 144|0x0000000089000000, 0x0000000089100000, 0x0000000089100000|100%| O|  |TAMS 0x0000000089100000, 0x0000000089000000| Updating 
| 145|0x0000000089100000, 0x0000000089200000, 0x0000000089200000|100%| O|  |TAMS 0x0000000089200000, 0x0000000089100000| Updating 
| 146|0x0000000089200000, 0x0000000089300000, 0x0000000089300000|100%| O|  |TAMS 0x0000000089300000, 0x0000000089200000| Untracked 
| 147|0x0000000089300000, 0x0000000089400000, 0x0000000089400000|100%| O|  |TAMS 0x0000000089400000, 0x0000000089300000| Updating 
| 148|0x0000000089400000, 0x0000000089500000, 0x0000000089500000|100%| O|  |TAMS 0x0000000089500000, 0x0000000089400000| Untracked 
| 149|0x0000000089500000, 0x0000000089600000, 0x0000000089600000|100%| O|  |TAMS 0x0000000089600000, 0x0000000089500000| Untracked 
| 150|0x0000000089600000, 0x0000000089700000, 0x0000000089700000|100%| O|  |TAMS 0x0000000089700000, 0x0000000089600000| Untracked 
| 151|0x0000000089700000, 0x0000000089800000, 0x0000000089800000|100%| O|  |TAMS 0x0000000089800000, 0x0000000089700000| Untracked 
| 152|0x0000000089800000, 0x0000000089900000, 0x0000000089900000|100%| O|  |TAMS 0x0000000089900000, 0x0000000089800000| Untracked 
| 153|0x0000000089900000, 0x0000000089a00000, 0x0000000089a00000|100%| O|  |TAMS 0x0000000089a00000, 0x0000000089900000| Untracked 
| 154|0x0000000089a00000, 0x0000000089b00000, 0x0000000089b00000|100%| O|  |TAMS 0x0000000089b00000, 0x0000000089a00000| Untracked 
| 155|0x0000000089b00000, 0x0000000089c00000, 0x0000000089c00000|100%| O|  |TAMS 0x0000000089c00000, 0x0000000089b00000| Untracked 
| 156|0x0000000089c00000, 0x0000000089d00000, 0x0000000089d00000|100%| O|  |TAMS 0x0000000089d00000, 0x0000000089c00000| Updating 
| 157|0x0000000089d00000, 0x0000000089e00000, 0x0000000089e00000|100%| O|  |TAMS 0x0000000089e00000, 0x0000000089d00000| Untracked 
| 158|0x0000000089e00000, 0x0000000089f00000, 0x0000000089f00000|100%| O|  |TAMS 0x0000000089f00000, 0x0000000089e00000| Untracked 
| 159|0x0000000089f00000, 0x000000008a000000, 0x000000008a000000|100%| O|  |TAMS 0x000000008a000000, 0x0000000089f00000| Updating 
| 160|0x000000008a000000, 0x000000008a100000, 0x000000008a100000|100%| O|  |TAMS 0x000000008a100000, 0x000000008a000000| Updating 
| 161|0x000000008a100000, 0x000000008a200000, 0x000000008a200000|100%|HS|  |TAMS 0x000000008a200000, 0x000000008a100000| Complete 
| 162|0x000000008a200000, 0x000000008a300000, 0x000000008a300000|100%|HC|  |TAMS 0x000000008a300000, 0x000000008a200000| Complete 
| 163|0x000000008a300000, 0x000000008a400000, 0x000000008a400000|100%| O|  |TAMS 0x000000008a400000, 0x000000008a300000| Untracked 
| 164|0x000000008a400000, 0x000000008a500000, 0x000000008a500000|100%| O|  |TAMS 0x000000008a500000, 0x000000008a400000| Untracked 
| 165|0x000000008a500000, 0x000000008a600000, 0x000000008a600000|100%| O|  |TAMS 0x000000008a600000, 0x000000008a500000| Untracked 
| 166|0x000000008a600000, 0x000000008a700000, 0x000000008a700000|100%| O|  |TAMS 0x000000008a700000, 0x000000008a600000| Untracked 
| 167|0x000000008a700000, 0x000000008a800000, 0x000000008a800000|100%| O|  |TAMS 0x000000008a800000, 0x000000008a700000| Untracked 
| 168|0x000000008a800000, 0x000000008a900000, 0x000000008a900000|100%| O|  |TAMS 0x000000008a900000, 0x000000008a800000| Untracked 
| 169|0x000000008a900000, 0x000000008aa00000, 0x000000008aa00000|100%| O|  |TAMS 0x000000008aa00000, 0x000000008a900000| Untracked 
| 170|0x000000008aa00000, 0x000000008ab00000, 0x000000008ab00000|100%| O|  |TAMS 0x000000008ab00000, 0x000000008aa00000| Updating 
| 171|0x000000008ab00000, 0x000000008ac00000, 0x000000008ac00000|100%| O|  |TAMS 0x000000008ac00000, 0x000000008ab00000| Untracked 
| 172|0x000000008ac00000, 0x000000008ad00000, 0x000000008ad00000|100%| O|  |TAMS 0x000000008ad00000, 0x000000008ac00000| Updating 
| 173|0x000000008ad00000, 0x000000008ae00000, 0x000000008ae00000|100%| O|  |TAMS 0x000000008ae00000, 0x000000008ad00000| Untracked 
| 174|0x000000008ae00000, 0x000000008af00000, 0x000000008af00000|100%| O|  |TAMS 0x000000008af00000, 0x000000008ae00000| Untracked 
| 175|0x000000008af00000, 0x000000008b000000, 0x000000008b000000|100%| O|  |TAMS 0x000000008b000000, 0x000000008af00000| Untracked 
| 176|0x000000008b000000, 0x000000008b100000, 0x000000008b100000|100%| O|  |TAMS 0x000000008b100000, 0x000000008b000000| Updating 
| 177|0x000000008b100000, 0x000000008b200000, 0x000000008b200000|100%| O|  |TAMS 0x000000008b200000, 0x000000008b100000| Updating 
| 178|0x000000008b200000, 0x000000008b300000, 0x000000008b300000|100%| O|  |TAMS 0x000000008b300000, 0x000000008b200000| Untracked 
| 179|0x000000008b300000, 0x000000008b400000, 0x000000008b400000|100%| O|  |TAMS 0x000000008b400000, 0x000000008b300000| Updating 
| 180|0x000000008b400000, 0x000000008b500000, 0x000000008b500000|100%|HS|  |TAMS 0x000000008b500000, 0x000000008b400000| Complete 
| 181|0x000000008b500000, 0x000000008b600000, 0x000000008b600000|100%|HS|  |TAMS 0x000000008b600000, 0x000000008b500000| Complete 
| 182|0x000000008b600000, 0x000000008b700000, 0x000000008b700000|100%|HS|  |TAMS 0x000000008b700000, 0x000000008b600000| Complete 
| 183|0x000000008b700000, 0x000000008b800000, 0x000000008b800000|100%| O|  |TAMS 0x000000008b800000, 0x000000008b700000| Untracked 
| 184|0x000000008b800000, 0x000000008b900000, 0x000000008b900000|100%| O|  |TAMS 0x000000008b900000, 0x000000008b800000| Updating 
| 185|0x000000008b900000, 0x000000008ba00000, 0x000000008ba00000|100%| O|  |TAMS 0x000000008ba00000, 0x000000008b900000| Updating 
| 186|0x000000008ba00000, 0x000000008bb00000, 0x000000008bb00000|100%| O|  |TAMS 0x000000008bb00000, 0x000000008ba00000| Updating 
| 187|0x000000008bb00000, 0x000000008bc00000, 0x000000008bc00000|100%| O|  |TAMS 0x000000008bc00000, 0x000000008bb00000| Untracked 
| 188|0x000000008bc00000, 0x000000008bd00000, 0x000000008bd00000|100%| O|  |TAMS 0x000000008bd00000, 0x000000008bc00000| Untracked 
| 189|0x000000008bd00000, 0x000000008be00000, 0x000000008be00000|100%| O|  |TAMS 0x000000008be00000, 0x000000008bd00000| Untracked 
| 190|0x000000008be00000, 0x000000008bf00000, 0x000000008bf00000|100%| O|  |TAMS 0x000000008bf00000, 0x000000008be00000| Updating 
| 191|0x000000008bf00000, 0x000000008c000000, 0x000000008c000000|100%| O|  |TAMS 0x000000008c000000, 0x000000008bf00000| Updating 
| 192|0x000000008c000000, 0x000000008c100000, 0x000000008c100000|100%| O|  |TAMS 0x000000008c100000, 0x000000008c000000| Updating 
| 193|0x000000008c100000, 0x000000008c200000, 0x000000008c200000|100%| O|  |TAMS 0x000000008c200000, 0x000000008c100000| Updating 
| 194|0x000000008c200000, 0x000000008c300000, 0x000000008c300000|100%| O|  |TAMS 0x000000008c300000, 0x000000008c200000| Untracked 
| 195|0x000000008c300000, 0x000000008c400000, 0x000000008c400000|100%| O|  |TAMS 0x000000008c400000, 0x000000008c300000| Untracked 
| 196|0x000000008c400000, 0x000000008c500000, 0x000000008c500000|100%| O|  |TAMS 0x000000008c500000, 0x000000008c400000| Updating 
| 197|0x000000008c500000, 0x000000008c600000, 0x000000008c600000|100%| O|  |TAMS 0x000000008c600000, 0x000000008c500000| Updating 
| 198|0x000000008c600000, 0x000000008c700000, 0x000000008c700000|100%| O|  |TAMS 0x000000008c700000, 0x000000008c600000| Untracked 
| 199|0x000000008c700000, 0x000000008c800000, 0x000000008c800000|100%| O|  |TAMS 0x000000008c800000, 0x000000008c700000| Untracked 
| 200|0x000000008c800000, 0x000000008c900000, 0x000000008c900000|100%| O|  |TAMS 0x000000008c900000, 0x000000008c800000| Untracked 
| 201|0x000000008c900000, 0x000000008ca00000, 0x000000008ca00000|100%| O|  |TAMS 0x000000008ca00000, 0x000000008c900000| Untracked 
| 202|0x000000008ca00000, 0x000000008cb00000, 0x000000008cb00000|100%| O|  |TAMS 0x000000008cb00000, 0x000000008ca00000| Untracked 
| 203|0x000000008cb00000, 0x000000008cc00000, 0x000000008cc00000|100%| O|  |TAMS 0x000000008cc00000, 0x000000008cb00000| Untracked 
| 204|0x000000008cc00000, 0x000000008cd00000, 0x000000008cd00000|100%| O|  |TAMS 0x000000008cd00000, 0x000000008cc00000| Untracked 
| 205|0x000000008cd00000, 0x000000008ce00000, 0x000000008ce00000|100%| O|  |TAMS 0x000000008ce00000, 0x000000008cd00000| Updating 
| 206|0x000000008ce00000, 0x000000008cf00000, 0x000000008cf00000|100%| O|  |TAMS 0x000000008cf00000, 0x000000008ce00000| Updating 
| 207|0x000000008cf00000, 0x000000008d000000, 0x000000008d000000|100%| O|  |TAMS 0x000000008d000000, 0x000000008cf00000| Untracked 
| 208|0x000000008d000000, 0x000000008d100000, 0x000000008d100000|100%| O|  |TAMS 0x000000008d100000, 0x000000008d000000| Untracked 
| 209|0x000000008d100000, 0x000000008d200000, 0x000000008d200000|100%| O|  |TAMS 0x000000008d200000, 0x000000008d100000| Untracked 
| 210|0x000000008d200000, 0x000000008d300000, 0x000000008d300000|100%| O|  |TAMS 0x000000008d300000, 0x000000008d200000| Untracked 
| 211|0x000000008d300000, 0x000000008d400000, 0x000000008d400000|100%| O|  |TAMS 0x000000008d400000, 0x000000008d300000| Untracked 
| 212|0x000000008d400000, 0x000000008d500000, 0x000000008d500000|100%| O|  |TAMS 0x000000008d500000, 0x000000008d400000| Untracked 
| 213|0x000000008d500000, 0x000000008d600000, 0x000000008d600000|100%| O|  |TAMS 0x000000008d600000, 0x000000008d500000| Untracked 
| 214|0x000000008d600000, 0x000000008d700000, 0x000000008d700000|100%| O|  |TAMS 0x000000008d700000, 0x000000008d600000| Untracked 
| 215|0x000000008d700000, 0x000000008d800000, 0x000000008d800000|100%| O|  |TAMS 0x000000008d800000, 0x000000008d700000| Untracked 
| 216|0x000000008d800000, 0x000000008d900000, 0x000000008d900000|100%| O|  |TAMS 0x000000008d900000, 0x000000008d800000| Updating 
| 217|0x000000008d900000, 0x000000008da00000, 0x000000008da00000|100%| O|  |TAMS 0x000000008da00000, 0x000000008d900000| Updating 
| 218|0x000000008da00000, 0x000000008db00000, 0x000000008db00000|100%| O|  |TAMS 0x000000008db00000, 0x000000008da00000| Updating 
| 219|0x000000008db00000, 0x000000008dc00000, 0x000000008dc00000|100%| O|  |TAMS 0x000000008dc00000, 0x000000008db00000| Untracked 
| 220|0x000000008dc00000, 0x000000008dd00000, 0x000000008dd00000|100%| O|  |TAMS 0x000000008dd00000, 0x000000008dc00000| Updating 
| 221|0x000000008dd00000, 0x000000008de00000, 0x000000008de00000|100%| O|  |TAMS 0x000000008de00000, 0x000000008dd00000| Updating 
| 222|0x000000008de00000, 0x000000008df00000, 0x000000008df00000|100%| O|  |TAMS 0x000000008df00000, 0x000000008de00000| Updating 
| 223|0x000000008df00000, 0x000000008e000000, 0x000000008e000000|100%|HS|  |TAMS 0x000000008e000000, 0x000000008df00000| Complete 
| 224|0x000000008e000000, 0x000000008e100000, 0x000000008e100000|100%|HS|  |TAMS 0x000000008e100000, 0x000000008e000000| Complete 
| 225|0x000000008e100000, 0x000000008e200000, 0x000000008e200000|100%| O|  |TAMS 0x000000008e200000, 0x000000008e100000| Untracked 
| 226|0x000000008e200000, 0x000000008e300000, 0x000000008e300000|100%| O|  |TAMS 0x000000008e300000, 0x000000008e200000| Untracked 
| 227|0x000000008e300000, 0x000000008e400000, 0x000000008e400000|100%| O|  |TAMS 0x000000008e400000, 0x000000008e300000| Updating 
| 228|0x000000008e400000, 0x000000008e500000, 0x000000008e500000|100%| O|  |TAMS 0x000000008e500000, 0x000000008e400000| Untracked 
| 229|0x000000008e500000, 0x000000008e600000, 0x000000008e600000|100%| O|  |TAMS 0x000000008e600000, 0x000000008e500000| Untracked 
| 230|0x000000008e600000, 0x000000008e700000, 0x000000008e700000|100%| O|  |TAMS 0x000000008e700000, 0x000000008e600000| Untracked 
| 231|0x000000008e700000, 0x000000008e800000, 0x000000008e800000|100%| O|  |TAMS 0x000000008e800000, 0x000000008e700000| Updating 
| 232|0x000000008e800000, 0x000000008e900000, 0x000000008e900000|100%| O|  |TAMS 0x000000008e900000, 0x000000008e800000| Untracked 
| 233|0x000000008e900000, 0x000000008ea00000, 0x000000008ea00000|100%| O|  |TAMS 0x000000008ea00000, 0x000000008e900000| Untracked 
| 234|0x000000008ea00000, 0x000000008eb00000, 0x000000008eb00000|100%| O|  |TAMS 0x000000008eb00000, 0x000000008ea00000| Untracked 
| 235|0x000000008eb00000, 0x000000008ec00000, 0x000000008ec00000|100%| O|  |TAMS 0x000000008ec00000, 0x000000008eb00000| Untracked 
| 236|0x000000008ec00000, 0x000000008ed00000, 0x000000008ed00000|100%| O|  |TAMS 0x000000008ed00000, 0x000000008ec00000| Untracked 
| 237|0x000000008ed00000, 0x000000008ee00000, 0x000000008ee00000|100%| O|  |TAMS 0x000000008ee00000, 0x000000008ed00000| Untracked 
| 238|0x000000008ee00000, 0x000000008ef00000, 0x000000008ef00000|100%| O|  |TAMS 0x000000008ef00000, 0x000000008ee00000| Untracked 
| 239|0x000000008ef00000, 0x000000008f000000, 0x000000008f000000|100%| O|  |TAMS 0x000000008f000000, 0x000000008ef00000| Updating 
| 240|0x000000008f000000, 0x000000008f100000, 0x000000008f100000|100%|HS|  |TAMS 0x000000008f100000, 0x000000008f000000| Complete 
| 241|0x000000008f100000, 0x000000008f200000, 0x000000008f200000|100%|HS|  |TAMS 0x000000008f200000, 0x000000008f100000| Complete 
| 242|0x000000008f200000, 0x000000008f300000, 0x000000008f300000|100%| O|  |TAMS 0x000000008f300000, 0x000000008f200000| Untracked 
| 243|0x000000008f300000, 0x000000008f400000, 0x000000008f400000|100%| O|  |TAMS 0x000000008f400000, 0x000000008f300000| Untracked 
| 244|0x000000008f400000, 0x000000008f500000, 0x000000008f500000|100%| O|  |TAMS 0x000000008f500000, 0x000000008f400000| Updating 
| 245|0x000000008f500000, 0x000000008f600000, 0x000000008f600000|100%| O|  |TAMS 0x000000008f600000, 0x000000008f500000| Updating 
| 246|0x000000008f600000, 0x000000008f700000, 0x000000008f700000|100%| O|  |TAMS 0x000000008f700000, 0x000000008f600000| Untracked 
| 247|0x000000008f700000, 0x000000008f800000, 0x000000008f800000|100%| O|  |TAMS 0x000000008f800000, 0x000000008f700000| Untracked 
| 248|0x000000008f800000, 0x000000008f900000, 0x000000008f900000|100%| O|  |TAMS 0x000000008f900000, 0x000000008f800000| Untracked 
| 249|0x000000008f900000, 0x000000008fa00000, 0x000000008fa00000|100%| O|  |TAMS 0x000000008fa00000, 0x000000008f900000| Untracked 
| 250|0x000000008fa00000, 0x000000008fb00000, 0x000000008fb00000|100%| O|  |TAMS 0x000000008fb00000, 0x000000008fa00000| Untracked 
| 251|0x000000008fb00000, 0x000000008fc00000, 0x000000008fc00000|100%|HS|  |TAMS 0x000000008fc00000, 0x000000008fb00000| Complete 
| 252|0x000000008fc00000, 0x000000008fd00000, 0x000000008fd00000|100%|HC|  |TAMS 0x000000008fd00000, 0x000000008fc00000| Complete 
| 253|0x000000008fd00000, 0x000000008fe00000, 0x000000008fe00000|100%| O|  |TAMS 0x000000008fe00000, 0x000000008fd00000| Updating 
| 254|0x000000008fe00000, 0x000000008ff00000, 0x000000008ff00000|100%| O|  |TAMS 0x000000008ff00000, 0x000000008fe00000| Untracked 
| 255|0x000000008ff00000, 0x0000000090000000, 0x0000000090000000|100%| O|  |TAMS 0x0000000090000000, 0x000000008ff00000| Untracked 
| 256|0x0000000090000000, 0x0000000090100000, 0x0000000090100000|100%| O|  |TAMS 0x0000000090100000, 0x0000000090000000| Updating 
| 257|0x0000000090100000, 0x0000000090200000, 0x0000000090200000|100%| O|  |TAMS 0x0000000090200000, 0x0000000090100000| Updating 
| 258|0x0000000090200000, 0x0000000090300000, 0x0000000090300000|100%| O|  |TAMS 0x0000000090300000, 0x0000000090200000| Untracked 
| 259|0x0000000090300000, 0x0000000090400000, 0x0000000090400000|100%| O|  |TAMS 0x0000000090400000, 0x0000000090300000| Untracked 
| 260|0x0000000090400000, 0x0000000090500000, 0x0000000090500000|100%| O|  |TAMS 0x0000000090500000, 0x0000000090400000| Untracked 
| 261|0x0000000090500000, 0x0000000090600000, 0x0000000090600000|100%| O|  |TAMS 0x0000000090600000, 0x0000000090500000| Untracked 
| 262|0x0000000090600000, 0x0000000090700000, 0x0000000090700000|100%| O|  |TAMS 0x0000000090700000, 0x0000000090600000| Untracked 
| 263|0x0000000090700000, 0x0000000090800000, 0x0000000090800000|100%| O|  |TAMS 0x0000000090800000, 0x0000000090700000| Untracked 
| 264|0x0000000090800000, 0x0000000090900000, 0x0000000090900000|100%| O|  |TAMS 0x0000000090900000, 0x0000000090800000| Untracked 
| 265|0x0000000090900000, 0x0000000090a00000, 0x0000000090a00000|100%| O|  |TAMS 0x0000000090a00000, 0x0000000090900000| Untracked 
| 266|0x0000000090a00000, 0x0000000090b00000, 0x0000000090b00000|100%| O|  |TAMS 0x0000000090b00000, 0x0000000090a00000| Untracked 
| 267|0x0000000090b00000, 0x0000000090c00000, 0x0000000090c00000|100%| O|  |TAMS 0x0000000090c00000, 0x0000000090b00000| Updating 
| 268|0x0000000090c00000, 0x0000000090d00000, 0x0000000090d00000|100%| O|  |TAMS 0x0000000090d00000, 0x0000000090c00000| Updating 
| 269|0x0000000090d00000, 0x0000000090e00000, 0x0000000090e00000|100%| O|  |TAMS 0x0000000090e00000, 0x0000000090d00000| Untracked 
| 270|0x0000000090e00000, 0x0000000090f00000, 0x0000000090f00000|100%| O|  |TAMS 0x0000000090f00000, 0x0000000090e00000| Untracked 
| 271|0x0000000090f00000, 0x0000000091000000, 0x0000000091000000|100%| O|  |TAMS 0x0000000091000000, 0x0000000090f00000| Untracked 
| 272|0x0000000091000000, 0x0000000091100000, 0x0000000091100000|100%| O|  |TAMS 0x0000000091100000, 0x0000000091000000| Updating 
| 273|0x0000000091100000, 0x0000000091200000, 0x0000000091200000|100%| O|  |TAMS 0x0000000091200000, 0x0000000091100000| Untracked 
| 274|0x0000000091200000, 0x0000000091300000, 0x0000000091300000|100%| O|  |TAMS 0x0000000091300000, 0x0000000091200000| Updating 
| 275|0x0000000091300000, 0x0000000091400000, 0x0000000091400000|100%| O|  |TAMS 0x0000000091400000, 0x0000000091300000| Updating 
| 276|0x0000000091400000, 0x0000000091500000, 0x0000000091500000|100%| O|  |TAMS 0x0000000091500000, 0x0000000091400000| Updating 
| 277|0x0000000091500000, 0x0000000091600000, 0x0000000091600000|100%| O|  |TAMS 0x0000000091600000, 0x0000000091500000| Untracked 
| 278|0x0000000091600000, 0x0000000091700000, 0x0000000091700000|100%| O|  |TAMS 0x0000000091700000, 0x0000000091600000| Untracked 
| 279|0x0000000091700000, 0x0000000091800000, 0x0000000091800000|100%| O|  |TAMS 0x0000000091800000, 0x0000000091700000| Untracked 
| 280|0x0000000091800000, 0x0000000091900000, 0x0000000091900000|100%| O|  |TAMS 0x0000000091900000, 0x0000000091800000| Untracked 
| 281|0x0000000091900000, 0x0000000091a00000, 0x0000000091a00000|100%| O|  |TAMS 0x0000000091a00000, 0x0000000091900000| Updating 
| 282|0x0000000091a00000, 0x0000000091b00000, 0x0000000091b00000|100%| O|  |TAMS 0x0000000091b00000, 0x0000000091a00000| Untracked 
| 283|0x0000000091b00000, 0x0000000091c00000, 0x0000000091c00000|100%| O|  |TAMS 0x0000000091c00000, 0x0000000091b00000| Updating 
| 284|0x0000000091c00000, 0x0000000091d00000, 0x0000000091d00000|100%| O|  |TAMS 0x0000000091d00000, 0x0000000091c00000| Untracked 
| 285|0x0000000091d00000, 0x0000000091e00000, 0x0000000091e00000|100%| O|  |TAMS 0x0000000091e00000, 0x0000000091d00000| Untracked 
| 286|0x0000000091e00000, 0x0000000091f00000, 0x0000000091f00000|100%| O|  |TAMS 0x0000000091f00000, 0x0000000091e00000| Untracked 
| 287|0x0000000091f00000, 0x0000000092000000, 0x0000000092000000|100%| O|  |TAMS 0x0000000092000000, 0x0000000091f00000| Untracked 
| 288|0x0000000092000000, 0x0000000092100000, 0x0000000092100000|100%| O|  |TAMS 0x0000000092100000, 0x0000000092000000| Updating 
| 289|0x0000000092100000, 0x0000000092200000, 0x0000000092200000|100%| O|  |TAMS 0x0000000092200000, 0x0000000092100000| Untracked 
| 290|0x0000000092200000, 0x0000000092300000, 0x0000000092300000|100%| O|  |TAMS 0x0000000092300000, 0x0000000092200000| Updating 
| 291|0x0000000092300000, 0x0000000092400000, 0x0000000092400000|100%| O|  |TAMS 0x0000000092400000, 0x0000000092300000| Updating 
| 292|0x0000000092400000, 0x0000000092500000, 0x0000000092500000|100%| O|  |TAMS 0x0000000092500000, 0x0000000092400000| Untracked 
| 293|0x0000000092500000, 0x0000000092600000, 0x0000000092600000|100%| O|  |TAMS 0x0000000092600000, 0x0000000092500000| Updating 
| 294|0x0000000092600000, 0x0000000092700000, 0x0000000092700000|100%| O|  |TAMS 0x0000000092700000, 0x0000000092600000| Updating 
| 295|0x0000000092700000, 0x0000000092800000, 0x0000000092800000|100%| O|  |TAMS 0x0000000092800000, 0x0000000092700000| Updating 
| 296|0x0000000092800000, 0x0000000092900000, 0x0000000092900000|100%| O|  |TAMS 0x0000000092900000, 0x0000000092800000| Updating 
| 297|0x0000000092900000, 0x0000000092a00000, 0x0000000092a00000|100%| O|  |TAMS 0x0000000092a00000, 0x0000000092900000| Updating 
| 298|0x0000000092a00000, 0x0000000092b00000, 0x0000000092b00000|100%| O|  |TAMS 0x0000000092b00000, 0x0000000092a00000| Untracked 
| 299|0x0000000092b00000, 0x0000000092c00000, 0x0000000092c00000|100%| O|  |TAMS 0x0000000092c00000, 0x0000000092b00000| Updating 
| 300|0x0000000092c00000, 0x0000000092d00000, 0x0000000092d00000|100%| O|  |TAMS 0x0000000092d00000, 0x0000000092c00000| Updating 
| 301|0x0000000092d00000, 0x0000000092e00000, 0x0000000092e00000|100%| O|  |TAMS 0x0000000092e00000, 0x0000000092d00000| Updating 
| 302|0x0000000092e00000, 0x0000000092f00000, 0x0000000092f00000|100%| O|  |TAMS 0x0000000092f00000, 0x0000000092e00000| Updating 
| 303|0x0000000092f00000, 0x0000000093000000, 0x0000000093000000|100%| O|  |TAMS 0x0000000093000000, 0x0000000092f00000| Updating 
| 304|0x0000000093000000, 0x0000000093100000, 0x0000000093100000|100%| O|  |TAMS 0x0000000093100000, 0x0000000093000000| Updating 
| 305|0x0000000093100000, 0x0000000093200000, 0x0000000093200000|100%| O|  |TAMS 0x0000000093200000, 0x0000000093100000| Updating 
| 306|0x0000000093200000, 0x0000000093300000, 0x0000000093300000|100%|HS|  |TAMS 0x0000000093300000, 0x0000000093200000| Complete 
| 307|0x0000000093300000, 0x0000000093400000, 0x0000000093400000|100%|HC|  |TAMS 0x0000000093400000, 0x0000000093300000| Complete 
| 308|0x0000000093400000, 0x0000000093500000, 0x0000000093500000|100%|HC|  |TAMS 0x0000000093500000, 0x0000000093400000| Complete 
| 309|0x0000000093500000, 0x0000000093600000, 0x0000000093600000|100%|HS|  |TAMS 0x0000000093600000, 0x0000000093500000| Complete 
| 310|0x0000000093600000, 0x0000000093700000, 0x0000000093700000|100%|HS|  |TAMS 0x0000000093700000, 0x0000000093600000| Complete 
| 311|0x0000000093700000, 0x0000000093800000, 0x0000000093800000|100%|HC|  |TAMS 0x0000000093800000, 0x0000000093700000| Complete 
| 312|0x0000000093800000, 0x0000000093900000, 0x0000000093900000|100%|HS|  |TAMS 0x0000000093900000, 0x0000000093800000| Complete 
| 313|0x0000000093900000, 0x0000000093a00000, 0x0000000093a00000|100%| O|  |TAMS 0x0000000093a00000, 0x0000000093900000| Updating 
| 314|0x0000000093a00000, 0x0000000093b00000, 0x0000000093b00000|100%| O|  |TAMS 0x0000000093b00000, 0x0000000093a00000| Updating 
| 315|0x0000000093b00000, 0x0000000093c00000, 0x0000000093c00000|100%|HS|  |TAMS 0x0000000093c00000, 0x0000000093b00000| Complete 
| 316|0x0000000093c00000, 0x0000000093d00000, 0x0000000093d00000|100%|HS|  |TAMS 0x0000000093d00000, 0x0000000093c00000| Complete 
| 317|0x0000000093d00000, 0x0000000093e00000, 0x0000000093e00000|100%|HS|  |TAMS 0x0000000093e00000, 0x0000000093d00000| Complete 
| 318|0x0000000093e00000, 0x0000000093f00000, 0x0000000093f00000|100%|HC|  |TAMS 0x0000000093f00000, 0x0000000093e00000| Complete 
| 319|0x0000000093f00000, 0x0000000094000000, 0x0000000094000000|100%|HS|  |TAMS 0x0000000094000000, 0x0000000093f00000| Complete 
| 320|0x0000000094000000, 0x0000000094100000, 0x0000000094100000|100%|HC|  |TAMS 0x0000000094100000, 0x0000000094000000| Complete 
| 321|0x0000000094100000, 0x0000000094200000, 0x0000000094200000|100%|HS|  |TAMS 0x0000000094200000, 0x0000000094100000| Complete 
| 322|0x0000000094200000, 0x0000000094300000, 0x0000000094300000|100%|HC|  |TAMS 0x0000000094300000, 0x0000000094200000| Complete 
| 323|0x0000000094300000, 0x0000000094400000, 0x0000000094400000|100%|HS|  |TAMS 0x0000000094400000, 0x0000000094300000| Complete 
| 324|0x0000000094400000, 0x0000000094500000, 0x0000000094500000|100%|HC|  |TAMS 0x0000000094500000, 0x0000000094400000| Complete 
| 325|0x0000000094500000, 0x0000000094600000, 0x0000000094600000|100%|HC|  |TAMS 0x0000000094600000, 0x0000000094500000| Complete 
| 326|0x0000000094600000, 0x0000000094700000, 0x0000000094700000|100%| O|  |TAMS 0x0000000094700000, 0x0000000094600000| Updating 
| 327|0x0000000094700000, 0x0000000094800000, 0x0000000094800000|100%| O|  |TAMS 0x0000000094800000, 0x0000000094700000| Updating 
| 328|0x0000000094800000, 0x0000000094900000, 0x0000000094900000|100%| O|  |TAMS 0x0000000094900000, 0x0000000094800000| Updating 
| 329|0x0000000094900000, 0x0000000094a00000, 0x0000000094a00000|100%| O|  |TAMS 0x0000000094a00000, 0x0000000094900000| Updating 
| 330|0x0000000094a00000, 0x0000000094b00000, 0x0000000094b00000|100%| O|  |TAMS 0x0000000094b00000, 0x0000000094a00000| Untracked 
| 331|0x0000000094b00000, 0x0000000094c00000, 0x0000000094c00000|100%| O|  |TAMS 0x0000000094c00000, 0x0000000094b00000| Untracked 
| 332|0x0000000094c00000, 0x0000000094d00000, 0x0000000094d00000|100%| O|  |TAMS 0x0000000094d00000, 0x0000000094c00000| Untracked 
| 333|0x0000000094d00000, 0x0000000094e00000, 0x0000000094e00000|100%| O|  |TAMS 0x0000000094e00000, 0x0000000094d00000| Updating 
| 334|0x0000000094e00000, 0x0000000094f00000, 0x0000000094f00000|100%| O|  |TAMS 0x0000000094f00000, 0x0000000094e00000| Untracked 
| 335|0x0000000094f00000, 0x0000000095000000, 0x0000000095000000|100%| O|  |TAMS 0x0000000095000000, 0x0000000094f00000| Updating 
| 336|0x0000000095000000, 0x0000000095100000, 0x0000000095100000|100%| O|  |TAMS 0x0000000095100000, 0x0000000095000000| Untracked 
| 337|0x0000000095100000, 0x0000000095200000, 0x0000000095200000|100%| O|  |TAMS 0x0000000095200000, 0x0000000095100000| Untracked 
| 338|0x0000000095200000, 0x0000000095300000, 0x0000000095300000|100%| O|  |TAMS 0x0000000095300000, 0x0000000095200000| Updating 
| 339|0x0000000095300000, 0x0000000095400000, 0x0000000095400000|100%| O|  |TAMS 0x0000000095400000, 0x0000000095300000| Updating 
| 340|0x0000000095400000, 0x0000000095500000, 0x0000000095500000|100%| O|  |TAMS 0x0000000095500000, 0x0000000095400000| Untracked 
| 341|0x0000000095500000, 0x0000000095600000, 0x0000000095600000|100%| O|  |TAMS 0x0000000095600000, 0x0000000095500000| Updating 
| 342|0x0000000095600000, 0x0000000095600000, 0x0000000095700000|  0%| F|  |TAMS 0x0000000095600000, 0x0000000095600000| Untracked 
| 343|0x0000000095700000, 0x0000000095700000, 0x0000000095800000|  0%| F|  |TAMS 0x0000000095700000, 0x0000000095700000| Untracked 
| 344|0x0000000095800000, 0x0000000095900000, 0x0000000095900000|100%| O|  |TAMS 0x0000000095900000, 0x0000000095800000| Untracked 
| 345|0x0000000095900000, 0x0000000095900000, 0x0000000095a00000|  0%| F|  |TAMS 0x0000000095900000, 0x0000000095900000| Untracked 
| 346|0x0000000095a00000, 0x0000000095a00000, 0x0000000095b00000|  0%| F|  |TAMS 0x0000000095a00000, 0x0000000095a00000| Untracked 
| 347|0x0000000095b00000, 0x0000000095b00000, 0x0000000095c00000|  0%| F|  |TAMS 0x0000000095b00000, 0x0000000095b00000| Untracked 
| 348|0x0000000095c00000, 0x0000000095d00000, 0x0000000095d00000|100%| O|  |TAMS 0x0000000095d00000, 0x0000000095c00000| Updating 
| 349|0x0000000095d00000, 0x0000000095d00000, 0x0000000095e00000|  0%| F|  |TAMS 0x0000000095d00000, 0x0000000095d00000| Untracked 
| 350|0x0000000095e00000, 0x0000000095f00000, 0x0000000095f00000|100%| O|  |TAMS 0x0000000095f00000, 0x0000000095e00000| Updating 
| 351|0x0000000095f00000, 0x0000000096000000, 0x0000000096000000|100%| O|  |TAMS 0x0000000096000000, 0x0000000095f00000| Updating 
| 352|0x0000000096000000, 0x0000000096000000, 0x0000000096100000|  0%| F|  |TAMS 0x0000000096000000, 0x0000000096000000| Untracked 
| 353|0x0000000096100000, 0x0000000096100000, 0x0000000096200000|  0%| F|  |TAMS 0x0000000096100000, 0x0000000096100000| Untracked 
| 354|0x0000000096200000, 0x0000000096200000, 0x0000000096300000|  0%| F|  |TAMS 0x0000000096200000, 0x0000000096200000| Untracked 
| 355|0x0000000096300000, 0x0000000096300000, 0x0000000096400000|  0%| F|  |TAMS 0x0000000096300000, 0x0000000096300000| Untracked 
| 356|0x0000000096400000, 0x0000000096400000, 0x0000000096500000|  0%| F|  |TAMS 0x0000000096400000, 0x0000000096400000| Untracked 
| 357|0x0000000096500000, 0x0000000096600000, 0x0000000096600000|100%| O|  |TAMS 0x0000000096600000, 0x0000000096500000| Untracked 
| 358|0x0000000096600000, 0x0000000096600000, 0x0000000096700000|  0%| F|  |TAMS 0x0000000096600000, 0x0000000096600000| Untracked 
| 359|0x0000000096700000, 0x0000000096800000, 0x0000000096800000|100%| O|  |TAMS 0x0000000096800000, 0x0000000096700000| Untracked 
| 360|0x0000000096800000, 0x0000000096800000, 0x0000000096900000|  0%| F|  |TAMS 0x0000000096800000, 0x0000000096800000| Untracked 
| 361|0x0000000096900000, 0x0000000096900000, 0x0000000096a00000|  0%| F|  |TAMS 0x0000000096900000, 0x0000000096900000| Untracked 
| 362|0x0000000096a00000, 0x0000000096a00000, 0x0000000096b00000|  0%| F|  |TAMS 0x0000000096a00000, 0x0000000096a00000| Untracked 
| 363|0x0000000096b00000, 0x0000000096c00000, 0x0000000096c00000|100%| O|  |TAMS 0x0000000096c00000, 0x0000000096b00000| Untracked 
| 364|0x0000000096c00000, 0x0000000096c00000, 0x0000000096d00000|  0%| F|  |TAMS 0x0000000096c00000, 0x0000000096c00000| Untracked 
| 365|0x0000000096d00000, 0x0000000096d00000, 0x0000000096e00000|  0%| F|  |TAMS 0x0000000096d00000, 0x0000000096d00000| Untracked 
| 366|0x0000000096e00000, 0x0000000096f00000, 0x0000000096f00000|100%| O|  |TAMS 0x0000000096f00000, 0x0000000096e00000| Untracked 
| 367|0x0000000096f00000, 0x0000000096f00000, 0x0000000097000000|  0%| F|  |TAMS 0x0000000096f00000, 0x0000000096f00000| Untracked 
| 368|0x0000000097000000, 0x0000000097100000, 0x0000000097100000|100%| O|  |TAMS 0x0000000097100000, 0x0000000097000000| Updating 
| 369|0x0000000097100000, 0x0000000097200000, 0x0000000097200000|100%| O|  |TAMS 0x0000000097200000, 0x0000000097100000| Untracked 
| 370|0x0000000097200000, 0x0000000097300000, 0x0000000097300000|100%| O|  |TAMS 0x0000000097300000, 0x0000000097200000| Untracked 
| 371|0x0000000097300000, 0x0000000097400000, 0x0000000097400000|100%| O|  |TAMS 0x0000000097400000, 0x0000000097300000| Updating 
| 372|0x0000000097400000, 0x0000000097500000, 0x0000000097500000|100%| O|  |TAMS 0x0000000097500000, 0x0000000097400000| Updating 
| 373|0x0000000097500000, 0x0000000097600000, 0x0000000097600000|100%| O|  |TAMS 0x0000000097600000, 0x0000000097500000| Untracked 
| 374|0x0000000097600000, 0x0000000097700000, 0x0000000097700000|100%| O|  |TAMS 0x0000000097700000, 0x0000000097600000| Untracked 
| 375|0x0000000097700000, 0x0000000097800000, 0x0000000097800000|100%| O|  |TAMS 0x0000000097800000, 0x0000000097700000| Updating 
| 376|0x0000000097800000, 0x0000000097900000, 0x0000000097900000|100%| O|  |TAMS 0x0000000097900000, 0x0000000097800000| Updating 
| 377|0x0000000097900000, 0x0000000097a00000, 0x0000000097a00000|100%| O|  |TAMS 0x0000000097a00000, 0x0000000097900000| Updating 
| 378|0x0000000097a00000, 0x0000000097b00000, 0x0000000097b00000|100%| O|  |TAMS 0x0000000097b00000, 0x0000000097a00000| Updating 
| 379|0x0000000097b00000, 0x0000000097b00000, 0x0000000097c00000|  0%| F|  |TAMS 0x0000000097b00000, 0x0000000097b00000| Untracked 
| 380|0x0000000097c00000, 0x0000000097c00000, 0x0000000097d00000|  0%| F|  |TAMS 0x0000000097c00000, 0x0000000097c00000| Untracked 
| 381|0x0000000097d00000, 0x0000000097d00000, 0x0000000097e00000|  0%| F|  |TAMS 0x0000000097d00000, 0x0000000097d00000| Untracked 
| 382|0x0000000097e00000, 0x0000000097f00000, 0x0000000097f00000|100%| O|  |TAMS 0x0000000097f00000, 0x0000000097e00000| Updating 
| 383|0x0000000097f00000, 0x0000000098000000, 0x0000000098000000|100%| O|  |TAMS 0x0000000098000000, 0x0000000097f00000| Updating 
| 384|0x0000000098000000, 0x0000000098100000, 0x0000000098100000|100%| O|  |TAMS 0x0000000098100000, 0x0000000098000000| Updating 
| 385|0x0000000098100000, 0x0000000098200000, 0x0000000098200000|100%| O|  |TAMS 0x0000000098200000, 0x0000000098100000| Untracked 
| 386|0x0000000098200000, 0x0000000098300000, 0x0000000098300000|100%| O|  |TAMS 0x0000000098300000, 0x0000000098200000| Untracked 
| 387|0x0000000098300000, 0x0000000098400000, 0x0000000098400000|100%| O|  |TAMS 0x0000000098400000, 0x0000000098300000| Untracked 
| 388|0x0000000098400000, 0x0000000098500000, 0x0000000098500000|100%| O|  |TAMS 0x0000000098500000, 0x0000000098400000| Untracked 
| 389|0x0000000098500000, 0x0000000098600000, 0x0000000098600000|100%| O|  |TAMS 0x0000000098600000, 0x0000000098500000| Untracked 
| 390|0x0000000098600000, 0x0000000098700000, 0x0000000098700000|100%| O|  |TAMS 0x0000000098700000, 0x0000000098600000| Untracked 
| 391|0x0000000098700000, 0x0000000098800000, 0x0000000098800000|100%| O|  |TAMS 0x0000000098800000, 0x0000000098700000| Untracked 
| 392|0x0000000098800000, 0x0000000098900000, 0x0000000098900000|100%| O|  |TAMS 0x0000000098900000, 0x0000000098800000| Untracked 
| 393|0x0000000098900000, 0x0000000098a00000, 0x0000000098a00000|100%| O|  |TAMS 0x0000000098a00000, 0x0000000098900000| Untracked 
| 394|0x0000000098a00000, 0x0000000098b00000, 0x0000000098b00000|100%| O|  |TAMS 0x0000000098b00000, 0x0000000098a00000| Untracked 
| 395|0x0000000098b00000, 0x0000000098c00000, 0x0000000098c00000|100%| O|  |TAMS 0x0000000098c00000, 0x0000000098b00000| Untracked 
| 396|0x0000000098c00000, 0x0000000098d00000, 0x0000000098d00000|100%| O|  |TAMS 0x0000000098d00000, 0x0000000098c00000| Updating 
| 397|0x0000000098d00000, 0x0000000098e00000, 0x0000000098e00000|100%| O|  |TAMS 0x0000000098e00000, 0x0000000098d00000| Untracked 
| 398|0x0000000098e00000, 0x0000000098f00000, 0x0000000098f00000|100%| O|  |TAMS 0x0000000098f00000, 0x0000000098e00000| Untracked 
| 399|0x0000000098f00000, 0x0000000099000000, 0x0000000099000000|100%| O|  |TAMS 0x0000000099000000, 0x0000000098f00000| Untracked 
| 400|0x0000000099000000, 0x0000000099100000, 0x0000000099100000|100%| O|  |TAMS 0x0000000099100000, 0x0000000099000000| Untracked 
| 401|0x0000000099100000, 0x0000000099200000, 0x0000000099200000|100%| O|  |TAMS 0x0000000099200000, 0x0000000099100000| Untracked 
| 402|0x0000000099200000, 0x0000000099300000, 0x0000000099300000|100%| O|  |TAMS 0x0000000099300000, 0x0000000099200000| Untracked 
| 403|0x0000000099300000, 0x0000000099400000, 0x0000000099400000|100%| O|  |TAMS 0x0000000099400000, 0x0000000099300000| Untracked 
| 404|0x0000000099400000, 0x0000000099500000, 0x0000000099500000|100%| O|  |TAMS 0x0000000099500000, 0x0000000099400000| Untracked 
| 405|0x0000000099500000, 0x0000000099600000, 0x0000000099600000|100%| O|  |TAMS 0x0000000099600000, 0x0000000099500000| Untracked 
| 406|0x0000000099600000, 0x0000000099700000, 0x0000000099700000|100%| O|  |TAMS 0x0000000099700000, 0x0000000099600000| Untracked 
| 407|0x0000000099700000, 0x0000000099800000, 0x0000000099800000|100%| O|  |TAMS 0x0000000099800000, 0x0000000099700000| Updating 
| 408|0x0000000099800000, 0x0000000099900000, 0x0000000099900000|100%| O|  |TAMS 0x0000000099900000, 0x0000000099800000| Untracked 
| 409|0x0000000099900000, 0x0000000099a00000, 0x0000000099a00000|100%| O|  |TAMS 0x0000000099a00000, 0x0000000099900000| Updating 
| 410|0x0000000099a00000, 0x0000000099b00000, 0x0000000099b00000|100%| O|  |TAMS 0x0000000099b00000, 0x0000000099a00000| Untracked 
| 411|0x0000000099b00000, 0x0000000099c00000, 0x0000000099c00000|100%| O|  |TAMS 0x0000000099c00000, 0x0000000099b00000| Untracked 
| 412|0x0000000099c00000, 0x0000000099d00000, 0x0000000099d00000|100%| O|  |TAMS 0x0000000099d00000, 0x0000000099c00000| Updating 
| 413|0x0000000099d00000, 0x0000000099e00000, 0x0000000099e00000|100%| O|  |TAMS 0x0000000099e00000, 0x0000000099d00000| Untracked 
| 414|0x0000000099e00000, 0x0000000099f00000, 0x0000000099f00000|100%| O|  |TAMS 0x0000000099f00000, 0x0000000099e00000| Untracked 
| 415|0x0000000099f00000, 0x000000009a000000, 0x000000009a000000|100%| O|  |TAMS 0x000000009a000000, 0x0000000099f00000| Updating 
| 416|0x000000009a000000, 0x000000009a100000, 0x000000009a100000|100%| O|  |TAMS 0x000000009a100000, 0x000000009a000000| Untracked 
| 417|0x000000009a100000, 0x000000009a200000, 0x000000009a200000|100%| O|  |TAMS 0x000000009a200000, 0x000000009a100000| Untracked 
| 418|0x000000009a200000, 0x000000009a300000, 0x000000009a300000|100%| O|  |TAMS 0x000000009a300000, 0x000000009a200000| Updating 
| 419|0x000000009a300000, 0x000000009a400000, 0x000000009a400000|100%| O|  |TAMS 0x000000009a400000, 0x000000009a300000| Untracked 
| 420|0x000000009a400000, 0x000000009a500000, 0x000000009a500000|100%| O|  |TAMS 0x000000009a500000, 0x000000009a400000| Untracked 
| 421|0x000000009a500000, 0x000000009a600000, 0x000000009a600000|100%| O|  |TAMS 0x000000009a600000, 0x000000009a500000| Untracked 
| 422|0x000000009a600000, 0x000000009a700000, 0x000000009a700000|100%| O|  |TAMS 0x000000009a700000, 0x000000009a600000| Untracked 
| 423|0x000000009a700000, 0x000000009a800000, 0x000000009a800000|100%| O|  |TAMS 0x000000009a800000, 0x000000009a700000| Untracked 
| 424|0x000000009a800000, 0x000000009a900000, 0x000000009a900000|100%| O|  |TAMS 0x000000009a900000, 0x000000009a800000| Untracked 
| 425|0x000000009a900000, 0x000000009aa00000, 0x000000009aa00000|100%| O|  |TAMS 0x000000009aa00000, 0x000000009a900000| Untracked 
| 426|0x000000009aa00000, 0x000000009ab00000, 0x000000009ab00000|100%| O|  |TAMS 0x000000009ab00000, 0x000000009aa00000| Updating 
| 427|0x000000009ab00000, 0x000000009ac00000, 0x000000009ac00000|100%| O|  |TAMS 0x000000009ac00000, 0x000000009ab00000| Untracked 
| 428|0x000000009ac00000, 0x000000009ad00000, 0x000000009ad00000|100%| O|  |TAMS 0x000000009ad00000, 0x000000009ac00000| Untracked 
| 429|0x000000009ad00000, 0x000000009ae00000, 0x000000009ae00000|100%| O|  |TAMS 0x000000009ae00000, 0x000000009ad00000| Untracked 
| 430|0x000000009ae00000, 0x000000009af00000, 0x000000009af00000|100%| O|  |TAMS 0x000000009af00000, 0x000000009ae00000| Untracked 
| 431|0x000000009af00000, 0x000000009b000000, 0x000000009b000000|100%| O|  |TAMS 0x000000009b000000, 0x000000009af00000| Untracked 
| 432|0x000000009b000000, 0x000000009b100000, 0x000000009b100000|100%| O|  |TAMS 0x000000009b100000, 0x000000009b000000| Untracked 
| 433|0x000000009b100000, 0x000000009b200000, 0x000000009b200000|100%| O|  |TAMS 0x000000009b200000, 0x000000009b100000| Untracked 
| 434|0x000000009b200000, 0x000000009b300000, 0x000000009b300000|100%| O|  |TAMS 0x000000009b300000, 0x000000009b200000| Untracked 
| 435|0x000000009b300000, 0x000000009b400000, 0x000000009b400000|100%| O|  |TAMS 0x000000009b400000, 0x000000009b300000| Untracked 
| 436|0x000000009b400000, 0x000000009b500000, 0x000000009b500000|100%| O|  |TAMS 0x000000009b500000, 0x000000009b400000| Updating 
| 437|0x000000009b500000, 0x000000009b600000, 0x000000009b600000|100%| O|  |TAMS 0x000000009b600000, 0x000000009b500000| Untracked 
| 438|0x000000009b600000, 0x000000009b700000, 0x000000009b700000|100%| O|  |TAMS 0x000000009b700000, 0x000000009b600000| Untracked 
| 439|0x000000009b700000, 0x000000009b800000, 0x000000009b800000|100%| O|  |TAMS 0x000000009b800000, 0x000000009b700000| Untracked 
| 440|0x000000009b800000, 0x000000009b900000, 0x000000009b900000|100%| O|  |TAMS 0x000000009b900000, 0x000000009b800000| Untracked 
| 441|0x000000009b900000, 0x000000009ba00000, 0x000000009ba00000|100%| O|  |TAMS 0x000000009ba00000, 0x000000009b900000| Untracked 
| 442|0x000000009ba00000, 0x000000009bb00000, 0x000000009bb00000|100%| O|  |TAMS 0x000000009bb00000, 0x000000009ba00000| Untracked 
| 443|0x000000009bb00000, 0x000000009bc00000, 0x000000009bc00000|100%| O|  |TAMS 0x000000009bc00000, 0x000000009bb00000| Untracked 
| 444|0x000000009bc00000, 0x000000009bd00000, 0x000000009bd00000|100%| O|  |TAMS 0x000000009bd00000, 0x000000009bc00000| Untracked 
| 445|0x000000009bd00000, 0x000000009be00000, 0x000000009be00000|100%| O|  |TAMS 0x000000009be00000, 0x000000009bd00000| Updating 
| 446|0x000000009be00000, 0x000000009bf00000, 0x000000009bf00000|100%| O|  |TAMS 0x000000009bf00000, 0x000000009be00000| Untracked 
| 447|0x000000009bf00000, 0x000000009c000000, 0x000000009c000000|100%| O|  |TAMS 0x000000009c000000, 0x000000009bf00000| Updating 
| 448|0x000000009c000000, 0x000000009c100000, 0x000000009c100000|100%| O|  |TAMS 0x000000009c100000, 0x000000009c000000| Updating 
| 449|0x000000009c100000, 0x000000009c200000, 0x000000009c200000|100%| O|  |TAMS 0x000000009c200000, 0x000000009c100000| Updating 
| 450|0x000000009c200000, 0x000000009c300000, 0x000000009c300000|100%| O|  |TAMS 0x000000009c300000, 0x000000009c200000| Updating 
| 451|0x000000009c300000, 0x000000009c400000, 0x000000009c400000|100%| O|  |TAMS 0x000000009c400000, 0x000000009c300000| Updating 
| 452|0x000000009c400000, 0x000000009c500000, 0x000000009c500000|100%| O|  |TAMS 0x000000009c500000, 0x000000009c400000| Updating 
| 453|0x000000009c500000, 0x000000009c600000, 0x000000009c600000|100%| O|  |TAMS 0x000000009c600000, 0x000000009c500000| Updating 
| 454|0x000000009c600000, 0x000000009c700000, 0x000000009c700000|100%| O|  |TAMS 0x000000009c700000, 0x000000009c600000| Untracked 
| 455|0x000000009c700000, 0x000000009c800000, 0x000000009c800000|100%| O|  |TAMS 0x000000009c800000, 0x000000009c700000| Updating 
| 456|0x000000009c800000, 0x000000009c900000, 0x000000009c900000|100%| O|  |TAMS 0x000000009c900000, 0x000000009c800000| Updating 
| 457|0x000000009c900000, 0x000000009ca00000, 0x000000009ca00000|100%| O|  |TAMS 0x000000009ca00000, 0x000000009c900000| Updating 
| 458|0x000000009ca00000, 0x000000009cb00000, 0x000000009cb00000|100%| O|  |TAMS 0x000000009cb00000, 0x000000009ca00000| Updating 
| 459|0x000000009cb00000, 0x000000009cc00000, 0x000000009cc00000|100%| O|  |TAMS 0x000000009cc00000, 0x000000009cb00000| Updating 
| 460|0x000000009cc00000, 0x000000009cd00000, 0x000000009cd00000|100%| O|  |TAMS 0x000000009cd00000, 0x000000009cc00000| Updating 
| 461|0x000000009cd00000, 0x000000009ce00000, 0x000000009ce00000|100%| O|  |TAMS 0x000000009ce00000, 0x000000009cd00000| Untracked 
| 462|0x000000009ce00000, 0x000000009cf00000, 0x000000009cf00000|100%| O|  |TAMS 0x000000009cf00000, 0x000000009ce00000| Updating 
| 463|0x000000009cf00000, 0x000000009d000000, 0x000000009d000000|100%| O|  |TAMS 0x000000009d000000, 0x000000009cf00000| Updating 
| 464|0x000000009d000000, 0x000000009d100000, 0x000000009d100000|100%| O|  |TAMS 0x000000009d100000, 0x000000009d000000| Updating 
| 465|0x000000009d100000, 0x000000009d200000, 0x000000009d200000|100%| O|  |TAMS 0x000000009d200000, 0x000000009d100000| Updating 
| 466|0x000000009d200000, 0x000000009d300000, 0x000000009d300000|100%| O|  |TAMS 0x000000009d300000, 0x000000009d200000| Untracked 
| 467|0x000000009d300000, 0x000000009d400000, 0x000000009d400000|100%| O|  |TAMS 0x000000009d400000, 0x000000009d300000| Untracked 
| 468|0x000000009d400000, 0x000000009d500000, 0x000000009d500000|100%| O|  |TAMS 0x000000009d500000, 0x000000009d400000| Untracked 
| 469|0x000000009d500000, 0x000000009d600000, 0x000000009d600000|100%| O|  |TAMS 0x000000009d600000, 0x000000009d500000| Updating 
| 470|0x000000009d600000, 0x000000009d700000, 0x000000009d700000|100%| O|  |TAMS 0x000000009d700000, 0x000000009d600000| Updating 
| 471|0x000000009d700000, 0x000000009d800000, 0x000000009d800000|100%| O|  |TAMS 0x000000009d800000, 0x000000009d700000| Updating 
| 472|0x000000009d800000, 0x000000009d900000, 0x000000009d900000|100%| O|  |TAMS 0x000000009d900000, 0x000000009d800000| Updating 
| 473|0x000000009d900000, 0x000000009da00000, 0x000000009da00000|100%| O|  |TAMS 0x000000009da00000, 0x000000009d900000| Updating 
| 474|0x000000009da00000, 0x000000009db00000, 0x000000009db00000|100%| O|  |TAMS 0x000000009db00000, 0x000000009da00000| Updating 
| 475|0x000000009db00000, 0x000000009dc00000, 0x000000009dc00000|100%| O|  |TAMS 0x000000009dc00000, 0x000000009db00000| Updating 
| 476|0x000000009dc00000, 0x000000009dd00000, 0x000000009dd00000|100%| O|  |TAMS 0x000000009dd00000, 0x000000009dc00000| Updating 
| 477|0x000000009dd00000, 0x000000009de00000, 0x000000009de00000|100%| O|  |TAMS 0x000000009de00000, 0x000000009dd00000| Untracked 
| 478|0x000000009de00000, 0x000000009df00000, 0x000000009df00000|100%| O|  |TAMS 0x000000009df00000, 0x000000009de00000| Updating 
| 479|0x000000009df00000, 0x000000009e000000, 0x000000009e000000|100%| O|  |TAMS 0x000000009e000000, 0x000000009df00000| Untracked 
| 480|0x000000009e000000, 0x000000009e100000, 0x000000009e100000|100%| O|  |TAMS 0x000000009e100000, 0x000000009e000000| Updating 
| 481|0x000000009e100000, 0x000000009e200000, 0x000000009e200000|100%| O|  |TAMS 0x000000009e200000, 0x000000009e100000| Updating 
| 482|0x000000009e200000, 0x000000009e300000, 0x000000009e300000|100%| O|  |TAMS 0x000000009e300000, 0x000000009e200000| Updating 
| 483|0x000000009e300000, 0x000000009e400000, 0x000000009e400000|100%| O|  |TAMS 0x000000009e400000, 0x000000009e300000| Untracked 
| 484|0x000000009e400000, 0x000000009e500000, 0x000000009e500000|100%| O|  |TAMS 0x000000009e500000, 0x000000009e400000| Updating 
| 485|0x000000009e500000, 0x000000009e600000, 0x000000009e600000|100%| O|  |TAMS 0x000000009e600000, 0x000000009e500000| Updating 
| 486|0x000000009e600000, 0x000000009e700000, 0x000000009e700000|100%| O|  |TAMS 0x000000009e700000, 0x000000009e600000| Untracked 
| 487|0x000000009e700000, 0x000000009e800000, 0x000000009e800000|100%| O|  |TAMS 0x000000009e800000, 0x000000009e700000| Untracked 
| 488|0x000000009e800000, 0x000000009e900000, 0x000000009e900000|100%| O|  |TAMS 0x000000009e900000, 0x000000009e800000| Updating 
| 489|0x000000009e900000, 0x000000009ea00000, 0x000000009ea00000|100%| O|  |TAMS 0x000000009ea00000, 0x000000009e900000| Untracked 
| 490|0x000000009ea00000, 0x000000009eb00000, 0x000000009eb00000|100%| O|  |TAMS 0x000000009eb00000, 0x000000009ea00000| Untracked 
| 491|0x000000009eb00000, 0x000000009ec00000, 0x000000009ec00000|100%| O|  |TAMS 0x000000009ec00000, 0x000000009eb00000| Untracked 
| 492|0x000000009ec00000, 0x000000009ed00000, 0x000000009ed00000|100%| O|  |TAMS 0x000000009ed00000, 0x000000009ec00000| Updating 
| 493|0x000000009ed00000, 0x000000009ee00000, 0x000000009ee00000|100%| O|  |TAMS 0x000000009ee00000, 0x000000009ed00000| Updating 
| 494|0x000000009ee00000, 0x000000009ef00000, 0x000000009ef00000|100%| O|  |TAMS 0x000000009ef00000, 0x000000009ee00000| Updating 
| 495|0x000000009ef00000, 0x000000009ef00000, 0x000000009f000000|  0%| F|  |TAMS 0x000000009ef00000, 0x000000009ef00000| Untracked 
| 496|0x000000009f000000, 0x000000009f000000, 0x000000009f100000|  0%| F|  |TAMS 0x000000009f000000, 0x000000009f000000| Untracked 
| 497|0x000000009f100000, 0x000000009f200000, 0x000000009f200000|100%|HS|  |TAMS 0x000000009f200000, 0x000000009f100000| Complete 
| 498|0x000000009f200000, 0x000000009f300000, 0x000000009f300000|100%|HC|  |TAMS 0x000000009f300000, 0x000000009f200000| Complete 
| 499|0x000000009f300000, 0x000000009f400000, 0x000000009f400000|100%|HS|  |TAMS 0x000000009f400000, 0x000000009f300000| Complete 
| 500|0x000000009f400000, 0x000000009f500000, 0x000000009f500000|100%|HC|  |TAMS 0x000000009f500000, 0x000000009f400000| Complete 
| 501|0x000000009f500000, 0x000000009f600000, 0x000000009f600000|100%|HS|  |TAMS 0x000000009f600000, 0x000000009f500000| Complete 
| 502|0x000000009f600000, 0x000000009f600000, 0x000000009f700000|  0%| F|  |TAMS 0x000000009f600000, 0x000000009f600000| Untracked 
| 503|0x000000009f700000, 0x000000009f700000, 0x000000009f800000|  0%| F|  |TAMS 0x000000009f700000, 0x000000009f700000| Untracked 
| 504|0x000000009f800000, 0x000000009f900000, 0x000000009f900000|100%|HS|  |TAMS 0x000000009f900000, 0x000000009f800000| Complete 
| 505|0x000000009f900000, 0x000000009fa00000, 0x000000009fa00000|100%|HC|  |TAMS 0x000000009fa00000, 0x000000009f900000| Complete 
| 506|0x000000009fa00000, 0x000000009fb00000, 0x000000009fb00000|100%|HS|  |TAMS 0x000000009fb00000, 0x000000009fa00000| Complete 
| 507|0x000000009fb00000, 0x000000009fc00000, 0x000000009fc00000|100%|HC|  |TAMS 0x000000009fc00000, 0x000000009fb00000| Complete 
| 508|0x000000009fc00000, 0x000000009fd00000, 0x000000009fd00000|100%|HS|  |TAMS 0x000000009fd00000, 0x000000009fc00000| Complete 
| 509|0x000000009fd00000, 0x000000009fe00000, 0x000000009fe00000|100%| O|  |TAMS 0x000000009fe00000, 0x000000009fd00000| Untracked 
| 510|0x000000009fe00000, 0x000000009ff00000, 0x000000009ff00000|100%| O|  |TAMS 0x000000009ff00000, 0x000000009fe00000| Untracked 
| 511|0x000000009ff00000, 0x00000000a0000000, 0x00000000a0000000|100%| O|  |TAMS 0x00000000a0000000, 0x000000009ff00000| Untracked 
| 512|0x00000000a0000000, 0x00000000a0100000, 0x00000000a0100000|100%|HS|  |TAMS 0x00000000a0100000, 0x00000000a0000000| Complete 
| 513|0x00000000a0100000, 0x00000000a0200000, 0x00000000a0200000|100%|HS|  |TAMS 0x00000000a0200000, 0x00000000a0100000| Complete 
| 514|0x00000000a0200000, 0x00000000a0300000, 0x00000000a0300000|100%|HC|  |TAMS 0x00000000a0300000, 0x00000000a0200000| Complete 
| 515|0x00000000a0300000, 0x00000000a0400000, 0x00000000a0400000|100%|HS|  |TAMS 0x00000000a0400000, 0x00000000a0300000| Complete 
| 516|0x00000000a0400000, 0x00000000a0500000, 0x00000000a0500000|100%|HS|  |TAMS 0x00000000a0500000, 0x00000000a0400000| Complete 
| 517|0x00000000a0500000, 0x00000000a0600000, 0x00000000a0600000|100%|HS|  |TAMS 0x00000000a0600000, 0x00000000a0500000| Complete 
| 518|0x00000000a0600000, 0x00000000a0700000, 0x00000000a0700000|100%|HC|  |TAMS 0x00000000a0700000, 0x00000000a0600000| Complete 
| 519|0x00000000a0700000, 0x00000000a0800000, 0x00000000a0800000|100%| O|  |TAMS 0x00000000a0800000, 0x00000000a0700000| Updating 
| 520|0x00000000a0800000, 0x00000000a0900000, 0x00000000a0900000|100%| O|  |TAMS 0x00000000a0900000, 0x00000000a0800000| Updating 
| 521|0x00000000a0900000, 0x00000000a0a00000, 0x00000000a0a00000|100%| O|  |TAMS 0x00000000a0a00000, 0x00000000a0900000| Updating 
| 522|0x00000000a0a00000, 0x00000000a0b00000, 0x00000000a0b00000|100%|HS|  |TAMS 0x00000000a0b00000, 0x00000000a0a00000| Complete 
| 523|0x00000000a0b00000, 0x00000000a0c00000, 0x00000000a0c00000|100%|HS|  |TAMS 0x00000000a0c00000, 0x00000000a0b00000| Complete 
| 524|0x00000000a0c00000, 0x00000000a0d00000, 0x00000000a0d00000|100%|HS|  |TAMS 0x00000000a0d00000, 0x00000000a0c00000| Complete 
| 525|0x00000000a0d00000, 0x00000000a0e00000, 0x00000000a0e00000|100%|HS|  |TAMS 0x00000000a0e00000, 0x00000000a0d00000| Complete 
| 526|0x00000000a0e00000, 0x00000000a0f00000, 0x00000000a0f00000|100%|HC|  |TAMS 0x00000000a0f00000, 0x00000000a0e00000| Complete 
| 527|0x00000000a0f00000, 0x00000000a1000000, 0x00000000a1000000|100%| O|  |TAMS 0x00000000a0f80200, 0x00000000a0f00000| Untracked 
| 528|0x00000000a1000000, 0x00000000a1100000, 0x00000000a1100000|100%|HS|  |TAMS 0x00000000a1100000, 0x00000000a1000000| Complete 
| 529|0x00000000a1100000, 0x00000000a1200000, 0x00000000a1200000|100%| O|  |TAMS 0x00000000a1100000, 0x00000000a1100000| Untracked 
| 530|0x00000000a1200000, 0x00000000a1300000, 0x00000000a1300000|100%| O|  |TAMS 0x00000000a1200000, 0x00000000a1200000| Untracked 
| 531|0x00000000a1300000, 0x00000000a1400000, 0x00000000a1400000|100%| O|  |TAMS 0x00000000a1300000, 0x00000000a1300000| Untracked 
| 532|0x00000000a1400000, 0x00000000a1500000, 0x00000000a1500000|100%| O|  |TAMS 0x00000000a1400000, 0x00000000a1400000| Untracked 
| 533|0x00000000a1500000, 0x00000000a1560200, 0x00000000a1600000| 37%| O|  |TAMS 0x00000000a1500000, 0x00000000a1500000| Updating 
| 534|0x00000000a1600000, 0x00000000a1700000, 0x00000000a1700000|100%|HS|  |TAMS 0x00000000a1600000, 0x00000000a1600000| Complete 
| 535|0x00000000a1700000, 0x00000000a1800000, 0x00000000a1800000|100%|HS|  |TAMS 0x00000000a1700000, 0x00000000a1700000| Complete 
| 536|0x00000000a1800000, 0x00000000a1800000, 0x00000000a1900000|  0%| F|  |TAMS 0x00000000a1800000, 0x00000000a1800000| Untracked 
| 537|0x00000000a1900000, 0x00000000a1900000, 0x00000000a1a00000|  0%| F|  |TAMS 0x00000000a1900000, 0x00000000a1900000| Untracked 
| 538|0x00000000a1a00000, 0x00000000a1a00000, 0x00000000a1b00000|  0%| F|  |TAMS 0x00000000a1a00000, 0x00000000a1a00000| Untracked 
| 539|0x00000000a1b00000, 0x00000000a1b00000, 0x00000000a1c00000|  0%| F|  |TAMS 0x00000000a1b00000, 0x00000000a1b00000| Untracked 
| 540|0x00000000a1c00000, 0x00000000a1c00000, 0x00000000a1d00000|  0%| F|  |TAMS 0x00000000a1c00000, 0x00000000a1c00000| Untracked 
| 541|0x00000000a1d00000, 0x00000000a1d00000, 0x00000000a1e00000|  0%| F|  |TAMS 0x00000000a1d00000, 0x00000000a1d00000| Untracked 
| 542|0x00000000a1e00000, 0x00000000a1e00000, 0x00000000a1f00000|  0%| F|  |TAMS 0x00000000a1e00000, 0x00000000a1e00000| Untracked 
| 543|0x00000000a1f00000, 0x00000000a1f00000, 0x00000000a2000000|  0%| F|  |TAMS 0x00000000a1f00000, 0x00000000a1f00000| Untracked 
| 544|0x00000000a2000000, 0x00000000a2000000, 0x00000000a2100000|  0%| F|  |TAMS 0x00000000a2000000, 0x00000000a2000000| Untracked 
| 545|0x00000000a2100000, 0x00000000a2100000, 0x00000000a2200000|  0%| F|  |TAMS 0x00000000a2100000, 0x00000000a2100000| Untracked 
| 546|0x00000000a2200000, 0x00000000a2200000, 0x00000000a2300000|  0%| F|  |TAMS 0x00000000a2200000, 0x00000000a2200000| Untracked 
| 547|0x00000000a2300000, 0x00000000a2300000, 0x00000000a2400000|  0%| F|  |TAMS 0x00000000a2300000, 0x00000000a2300000| Untracked 
| 548|0x00000000a2400000, 0x00000000a2400000, 0x00000000a2500000|  0%| F|  |TAMS 0x00000000a2400000, 0x00000000a2400000| Untracked 
| 549|0x00000000a2500000, 0x00000000a2500000, 0x00000000a2600000|  0%| F|  |TAMS 0x00000000a2500000, 0x00000000a2500000| Untracked 
| 550|0x00000000a2600000, 0x00000000a2600000, 0x00000000a2700000|  0%| F|  |TAMS 0x00000000a2600000, 0x00000000a2600000| Untracked 
| 551|0x00000000a2700000, 0x00000000a2700000, 0x00000000a2800000|  0%| F|  |TAMS 0x00000000a2700000, 0x00000000a2700000| Untracked 
| 552|0x00000000a2800000, 0x00000000a2800000, 0x00000000a2900000|  0%| F|  |TAMS 0x00000000a2800000, 0x00000000a2800000| Untracked 
| 553|0x00000000a2900000, 0x00000000a2900000, 0x00000000a2a00000|  0%| F|  |TAMS 0x00000000a2900000, 0x00000000a2900000| Untracked 
| 554|0x00000000a2a00000, 0x00000000a2a00000, 0x00000000a2b00000|  0%| F|  |TAMS 0x00000000a2a00000, 0x00000000a2a00000| Untracked 
| 555|0x00000000a2b00000, 0x00000000a2b00000, 0x00000000a2c00000|  0%| F|  |TAMS 0x00000000a2b00000, 0x00000000a2b00000| Untracked 
| 556|0x00000000a2c00000, 0x00000000a2c00000, 0x00000000a2d00000|  0%| F|  |TAMS 0x00000000a2c00000, 0x00000000a2c00000| Untracked 
| 557|0x00000000a2d00000, 0x00000000a2d00000, 0x00000000a2e00000|  0%| F|  |TAMS 0x00000000a2d00000, 0x00000000a2d00000| Untracked 
| 558|0x00000000a2e00000, 0x00000000a2e00000, 0x00000000a2f00000|  0%| F|  |TAMS 0x00000000a2e00000, 0x00000000a2e00000| Untracked 
| 559|0x00000000a2f00000, 0x00000000a2f00000, 0x00000000a3000000|  0%| F|  |TAMS 0x00000000a2f00000, 0x00000000a2f00000| Untracked 
| 560|0x00000000a3000000, 0x00000000a3000000, 0x00000000a3100000|  0%| F|  |TAMS 0x00000000a3000000, 0x00000000a3000000| Untracked 
| 561|0x00000000a3100000, 0x00000000a3100000, 0x00000000a3200000|  0%| F|  |TAMS 0x00000000a3100000, 0x00000000a3100000| Untracked 
| 562|0x00000000a3200000, 0x00000000a3200000, 0x00000000a3300000|  0%| F|  |TAMS 0x00000000a3200000, 0x00000000a3200000| Untracked 
| 563|0x00000000a3300000, 0x00000000a3300000, 0x00000000a3400000|  0%| F|  |TAMS 0x00000000a3300000, 0x00000000a3300000| Untracked 
| 564|0x00000000a3400000, 0x00000000a3400000, 0x00000000a3500000|  0%| F|  |TAMS 0x00000000a3400000, 0x00000000a3400000| Untracked 
| 565|0x00000000a3500000, 0x00000000a3500000, 0x00000000a3600000|  0%| F|  |TAMS 0x00000000a3500000, 0x00000000a3500000| Untracked 
| 566|0x00000000a3600000, 0x00000000a3600000, 0x00000000a3700000|  0%| F|  |TAMS 0x00000000a3600000, 0x00000000a3600000| Untracked 
| 567|0x00000000a3700000, 0x00000000a3700000, 0x00000000a3800000|  0%| F|  |TAMS 0x00000000a3700000, 0x00000000a3700000| Untracked 
| 568|0x00000000a3800000, 0x00000000a3800000, 0x00000000a3900000|  0%| F|  |TAMS 0x00000000a3800000, 0x00000000a3800000| Untracked 
| 569|0x00000000a3900000, 0x00000000a3900000, 0x00000000a3a00000|  0%| F|  |TAMS 0x00000000a3900000, 0x00000000a3900000| Untracked 
| 570|0x00000000a3a00000, 0x00000000a3a00000, 0x00000000a3b00000|  0%| F|  |TAMS 0x00000000a3a00000, 0x00000000a3a00000| Untracked 
| 571|0x00000000a3b00000, 0x00000000a3b00000, 0x00000000a3c00000|  0%| F|  |TAMS 0x00000000a3b00000, 0x00000000a3b00000| Untracked 
| 572|0x00000000a3c00000, 0x00000000a3c00000, 0x00000000a3d00000|  0%| F|  |TAMS 0x00000000a3c00000, 0x00000000a3c00000| Untracked 
| 573|0x00000000a3d00000, 0x00000000a3d00000, 0x00000000a3e00000|  0%| F|  |TAMS 0x00000000a3d00000, 0x00000000a3d00000| Untracked 
| 574|0x00000000a3e00000, 0x00000000a3e00000, 0x00000000a3f00000|  0%| F|  |TAMS 0x00000000a3e00000, 0x00000000a3e00000| Untracked 
| 575|0x00000000a3f00000, 0x00000000a3f00000, 0x00000000a4000000|  0%| F|  |TAMS 0x00000000a3f00000, 0x00000000a3f00000| Untracked 
| 576|0x00000000a4000000, 0x00000000a4000000, 0x00000000a4100000|  0%| F|  |TAMS 0x00000000a4000000, 0x00000000a4000000| Untracked 
| 577|0x00000000a4100000, 0x00000000a4100000, 0x00000000a4200000|  0%| F|  |TAMS 0x00000000a4100000, 0x00000000a4100000| Untracked 
| 578|0x00000000a4200000, 0x00000000a4200000, 0x00000000a4300000|  0%| F|  |TAMS 0x00000000a4200000, 0x00000000a4200000| Untracked 
| 579|0x00000000a4300000, 0x00000000a4300000, 0x00000000a4400000|  0%| F|  |TAMS 0x00000000a4300000, 0x00000000a4300000| Untracked 
| 580|0x00000000a4400000, 0x00000000a4400000, 0x00000000a4500000|  0%| F|  |TAMS 0x00000000a4400000, 0x00000000a4400000| Untracked 
| 581|0x00000000a4500000, 0x00000000a4500000, 0x00000000a4600000|  0%| F|  |TAMS 0x00000000a4500000, 0x00000000a4500000| Untracked 
| 582|0x00000000a4600000, 0x00000000a4600000, 0x00000000a4700000|  0%| F|  |TAMS 0x00000000a4600000, 0x00000000a4600000| Untracked 
| 583|0x00000000a4700000, 0x00000000a4700000, 0x00000000a4800000|  0%| F|  |TAMS 0x00000000a4700000, 0x00000000a4700000| Untracked 
| 584|0x00000000a4800000, 0x00000000a4800000, 0x00000000a4900000|  0%| F|  |TAMS 0x00000000a4800000, 0x00000000a4800000| Untracked 
| 585|0x00000000a4900000, 0x00000000a4900000, 0x00000000a4a00000|  0%| F|  |TAMS 0x00000000a4900000, 0x00000000a4900000| Untracked 
| 586|0x00000000a4a00000, 0x00000000a4a00000, 0x00000000a4b00000|  0%| F|  |TAMS 0x00000000a4a00000, 0x00000000a4a00000| Untracked 
| 587|0x00000000a4b00000, 0x00000000a4b00000, 0x00000000a4c00000|  0%| F|  |TAMS 0x00000000a4b00000, 0x00000000a4b00000| Untracked 
| 588|0x00000000a4c00000, 0x00000000a4c00000, 0x00000000a4d00000|  0%| F|  |TAMS 0x00000000a4c00000, 0x00000000a4c00000| Untracked 
| 589|0x00000000a4d00000, 0x00000000a4d00000, 0x00000000a4e00000|  0%| F|  |TAMS 0x00000000a4d00000, 0x00000000a4d00000| Untracked 
| 590|0x00000000a4e00000, 0x00000000a4e00000, 0x00000000a4f00000|  0%| F|  |TAMS 0x00000000a4e00000, 0x00000000a4e00000| Untracked 
| 591|0x00000000a4f00000, 0x00000000a4f00000, 0x00000000a5000000|  0%| F|  |TAMS 0x00000000a4f00000, 0x00000000a4f00000| Untracked 
| 592|0x00000000a5000000, 0x00000000a5000000, 0x00000000a5100000|  0%| F|  |TAMS 0x00000000a5000000, 0x00000000a5000000| Untracked 
| 593|0x00000000a5100000, 0x00000000a5100000, 0x00000000a5200000|  0%| F|  |TAMS 0x00000000a5100000, 0x00000000a5100000| Untracked 
| 594|0x00000000a5200000, 0x00000000a5200000, 0x00000000a5300000|  0%| F|  |TAMS 0x00000000a5200000, 0x00000000a5200000| Untracked 
| 595|0x00000000a5300000, 0x00000000a5300000, 0x00000000a5400000|  0%| F|  |TAMS 0x00000000a5300000, 0x00000000a5300000| Untracked 
| 596|0x00000000a5400000, 0x00000000a5400000, 0x00000000a5500000|  0%| F|  |TAMS 0x00000000a5400000, 0x00000000a5400000| Untracked 
| 597|0x00000000a5500000, 0x00000000a5500000, 0x00000000a5600000|  0%| F|  |TAMS 0x00000000a5500000, 0x00000000a5500000| Untracked 
| 598|0x00000000a5600000, 0x00000000a5700000, 0x00000000a5700000|100%| S|CS|TAMS 0x00000000a5600000, 0x00000000a5600000| Complete 
| 599|0x00000000a5700000, 0x00000000a5800000, 0x00000000a5800000|100%| S|CS|TAMS 0x00000000a5700000, 0x00000000a5700000| Complete 
| 600|0x00000000a5800000, 0x00000000a5900000, 0x00000000a5900000|100%| S|CS|TAMS 0x00000000a5800000, 0x00000000a5800000| Complete 
| 601|0x00000000a5900000, 0x00000000a5a00000, 0x00000000a5a00000|100%| S|CS|TAMS 0x00000000a5900000, 0x00000000a5900000| Complete 
| 602|0x00000000a5a00000, 0x00000000a5a00000, 0x00000000a5b00000|  0%| F|  |TAMS 0x00000000a5a00000, 0x00000000a5a00000| Untracked 
| 603|0x00000000a5b00000, 0x00000000a5b00000, 0x00000000a5c00000|  0%| F|  |TAMS 0x00000000a5b00000, 0x00000000a5b00000| Untracked 
| 604|0x00000000a5c00000, 0x00000000a5c00000, 0x00000000a5d00000|  0%| F|  |TAMS 0x00000000a5c00000, 0x00000000a5c00000| Untracked 
| 605|0x00000000a5d00000, 0x00000000a5d00000, 0x00000000a5e00000|  0%| F|  |TAMS 0x00000000a5d00000, 0x00000000a5d00000| Untracked 
| 606|0x00000000a5e00000, 0x00000000a5e00000, 0x00000000a5f00000|  0%| F|  |TAMS 0x00000000a5e00000, 0x00000000a5e00000| Untracked 
| 607|0x00000000a5f00000, 0x00000000a5f00000, 0x00000000a6000000|  0%| F|  |TAMS 0x00000000a5f00000, 0x00000000a5f00000| Untracked 
| 608|0x00000000a6000000, 0x00000000a6000000, 0x00000000a6100000|  0%| F|  |TAMS 0x00000000a6000000, 0x00000000a6000000| Untracked 
| 609|0x00000000a6100000, 0x00000000a6100000, 0x00000000a6200000|  0%| F|  |TAMS 0x00000000a6100000, 0x00000000a6100000| Untracked 
| 610|0x00000000a6200000, 0x00000000a6200000, 0x00000000a6300000|  0%| F|  |TAMS 0x00000000a6200000, 0x00000000a6200000| Untracked 
| 611|0x00000000a6300000, 0x00000000a6300000, 0x00000000a6400000|  0%| F|  |TAMS 0x00000000a6300000, 0x00000000a6300000| Untracked 
| 612|0x00000000a6400000, 0x00000000a6400000, 0x00000000a6500000|  0%| F|  |TAMS 0x00000000a6400000, 0x00000000a6400000| Untracked 
| 613|0x00000000a6500000, 0x00000000a65e20d0, 0x00000000a6600000| 88%| E|  |TAMS 0x00000000a6500000, 0x00000000a6500000| Complete 
| 614|0x00000000a6600000, 0x00000000a6700000, 0x00000000a6700000|100%| E|  |TAMS 0x00000000a6600000, 0x00000000a6600000| Complete 
| 615|0x00000000a6700000, 0x00000000a6800000, 0x00000000a6800000|100%| E|CS|TAMS 0x00000000a6700000, 0x00000000a6700000| Complete 
| 616|0x00000000a6800000, 0x00000000a6900000, 0x00000000a6900000|100%| E|CS|TAMS 0x00000000a6800000, 0x00000000a6800000| Complete 
| 617|0x00000000a6900000, 0x00000000a6a00000, 0x00000000a6a00000|100%| E|CS|TAMS 0x00000000a6900000, 0x00000000a6900000| Complete 
|2042|0x00000000ffa00000, 0x00000000ffb00000, 0x00000000ffb00000|100%| O|  |TAMS 0x00000000ffb00000, 0x00000000ffa00000| Updating 
|2043|0x00000000ffb00000, 0x00000000ffc00000, 0x00000000ffc00000|100%| O|  |TAMS 0x00000000ffc00000, 0x00000000ffb00000| Updating 
|2044|0x00000000ffc00000, 0x00000000ffd00000, 0x00000000ffd00000|100%| O|  |TAMS 0x00000000ffd00000, 0x00000000ffc00000| Updating 
|2045|0x00000000ffd00000, 0x00000000ffe00000, 0x00000000ffe00000|100%| O|  |TAMS 0x00000000ffe00000, 0x00000000ffd00000| Updating 
|2046|0x00000000ffe00000, 0x00000000fff00000, 0x00000000fff00000|100%| O|  |TAMS 0x00000000fff00000, 0x00000000ffe00000| Updating 
|2047|0x00000000fff00000, 0x0000000100000000, 0x0000000100000000|100%| O|  |TAMS 0x0000000100000000, 0x00000000fff00000| Updating 

Card table byte_map: [0x00000230d6c80000,0x00000230d7080000] _byte_map_base: 0x00000230d6880000

Marking Bits (Prev, Next): (CMBitMap*) 0x00000230bfa80f90, (CMBitMap*) 0x00000230bfa80f50
 Prev Bits: [0x00000230d9480000, 0x00000230db480000)
 Next Bits: [0x00000230d7480000, 0x00000230d9480000)

Polling page: 0x00000230bd780000

Metaspace:

Usage:
  Non-class:    121.76 MB used.
      Class:     19.42 MB used.
       Both:    141.18 MB used.

Virtual space:
  Non-class space:      128.00 MB reserved,     122.69 MB ( 96%) committed,  2 nodes.
      Class space:      416.00 MB reserved,      20.31 MB (  5%) committed,  1 nodes.
             Both:      544.00 MB reserved,     143.00 MB ( 26%) committed. 

Chunk freelists:
   Non-Class:  5.14 MB
       Class:  11.67 MB
        Both:  16.81 MB

MaxMetaspaceSize: 512.00 MB
CompressedClassSpaceSize: 416.00 MB
Initial GC threshold: 21.00 MB
Current GC threshold: 224.19 MB
CDS: on
MetaspaceReclaimPolicy: balanced
 - commit_granule_bytes: 65536.
 - commit_granule_words: 8192.
 - virtual_space_node_default_size: 8388608.
 - enlarge_chunks_in_place: 1.
 - new_chunks_are_fully_committed: 0.
 - uncommit_free_chunks: 1.
 - use_allocation_guard: 0.
 - handle_deallocations: 1.


Internal statistics:

num_allocs_failed_limit: 12.
num_arena_births: 2632.
num_arena_deaths: 0.
num_vsnodes_births: 3.
num_vsnodes_deaths: 0.
num_space_committed: 2287.
num_space_uncommitted: 0.
num_chunks_returned_to_freelist: 12.
num_chunks_taken_from_freelist: 9502.
num_chunk_merges: 12.
num_chunk_splits: 5904.
num_chunks_enlarged: 3496.
num_inconsistent_stats: 0.

CodeHeap 'non-profiled nmethods': size=120000Kb used=16682Kb max_used=16682Kb free=103317Kb
 bounds [0x00000230cf020000, 0x00000230d0070000, 0x00000230d6550000]
CodeHeap 'profiled nmethods': size=120000Kb used=36275Kb max_used=37121Kb free=83724Kb
 bounds [0x00000230c7550000, 0x00000230c99a0000, 0x00000230cea80000]
CodeHeap 'non-nmethods': size=5760Kb used=2539Kb max_used=2597Kb free=3220Kb
 bounds [0x00000230cea80000, 0x00000230ced20000, 0x00000230cf020000]
 total_blobs=20844 nmethods=19766 adapters=989
 compilation: enabled
              stopped_count=0, restarted_count=0
 full_count=0

Compilation events (20 events):
Event: 51.658 Thread 0x0000023089e62ac0 nmethod 24637 0x00000230d0060610 code [0x00000230d00608e0, 0x00000230d0062f70]
Event: 51.658 Thread 0x0000023089e62ac0 24652       4       com.android.tools.r8.graph.u0::c (26 bytes)
Event: 51.660 Thread 0x00000230fd0658f0 24672 %     3       com.android.tools.r8.internal.Jb0::f @ 113 (316 bytes)
Event: 51.661 Thread 0x00000230fd0658f0 nmethod 24672% 0x00000230c7f41e90 code [0x00000230c7f42120, 0x00000230c7f432d8]
Event: 51.662 Thread 0x00000230fd0658f0 24673       3       com.android.tools.r8.internal.Jb0::f (316 bytes)
Event: 51.663 Thread 0x00000230fd0658f0 nmethod 24673 0x00000230c88a1190 code [0x00000230c88a1400, 0x00000230c88a21b8]
Event: 51.667 Thread 0x0000023089e62ac0 nmethod 24652 0x00000230d0064e90 code [0x00000230d0065040, 0x00000230d0065818]
Event: 51.667 Thread 0x0000023089e62ac0 24653       4       com.android.tools.r8.dex.J::a (9 bytes)
Event: 51.681 Thread 0x0000023089e62ac0 nmethod 24653 0x00000230d0065d90 code [0x00000230d0065fa0, 0x00000230d0066758]
Event: 51.681 Thread 0x0000023089e62ac0 24642       4       com.android.tools.r8.graph.e1::equals (55 bytes)
Event: 51.687 Thread 0x0000023089e62ac0 nmethod 24642 0x00000230d0066e10 code [0x00000230d0066fa0, 0x00000230d0067518]
Event: 51.688 Thread 0x0000023089e62ac0 24668       4       com.android.tools.r8.graph.O2$b::equals (31 bytes)
Event: 51.691 Thread 0x0000023089e62ac0 nmethod 24668 0x00000230d0067910 code [0x00000230d0067aa0, 0x00000230d0067c98]
Event: 51.691 Thread 0x0000023089e62ac0 24675 %     4       com.android.tools.r8.internal.Jb0::f @ 74 (316 bytes)
Event: 51.743 Thread 0x00000230fd0658f0 24677       3       com.android.tools.r8.graph.r0::equals (52 bytes)
Event: 51.744 Thread 0x00000230fd0658f0 nmethod 24677 0x00000230c872fa10 code [0x00000230c872fbe0, 0x00000230c8730088]
Event: 51.744 Thread 0x00000230fd0658f0 24678       3       com.android.tools.r8.graph.e1::equals (55 bytes)
Event: 51.744 Thread 0x00000230fd0658f0 nmethod 24678 0x00000230c7f41010 code [0x00000230c7f41220, 0x00000230c7f41ad8]
Event: 51.771 Thread 0x00000230fd0658f0 24682       3       com.android.tools.r8.graph.O2$c::hashCode (17 bytes)
Event: 51.772 Thread 0x00000230fd0658f0 nmethod 24682 0x00000230c991ce10 code [0x00000230c991cfa0, 0x00000230c991d138]

GC Heap History (20 events):
Event: 43.857 GC heap before
{Heap before GC invocations=85 (full 0):
 garbage-first heap   total 638976K, used 512729K [0x0000000080000000, 0x0000000100000000)
  region size 1024K, 88 young (90112K), 16 survivors (16384K)
 Metaspace       used 138835K, committed 140736K, reserved 557056K
  class space    used 19127K, committed 20032K, reserved 425984K
}
Event: 43.920 GC heap after
{Heap after GC invocations=86 (full 0):
 garbage-first heap   total 638976K, used 478425K [0x0000000080000000, 0x0000000100000000)
  region size 1024K, 11 young (11264K), 11 survivors (11264K)
 Metaspace       used 138835K, committed 140736K, reserved 557056K
  class space    used 19127K, committed 20032K, reserved 425984K
}
Event: 44.618 GC heap before
{Heap before GC invocations=86 (full 0):
 garbage-first heap   total 638976K, used 524505K [0x0000000080000000, 0x0000000100000000)
  region size 1024K, 57 young (58368K), 11 survivors (11264K)
 Metaspace       used 140287K, committed 142208K, reserved 557056K
  class space    used 19335K, committed 20224K, reserved 425984K
}
Event: 44.648 GC heap after
{Heap after GC invocations=87 (full 0):
 garbage-first heap   total 638976K, used 497369K [0x0000000080000000, 0x0000000100000000)
  region size 1024K, 8 young (8192K), 8 survivors (8192K)
 Metaspace       used 140287K, committed 142208K, reserved 557056K
  class space    used 19335K, committed 20224K, reserved 425984K
}
Event: 45.295 GC heap before
{Heap before GC invocations=87 (full 0):
 garbage-first heap   total 638976K, used 534233K [0x0000000080000000, 0x0000000100000000)
  region size 1024K, 45 young (46080K), 8 survivors (8192K)
 Metaspace       used 142235K, committed 144128K, reserved 557056K
  class space    used 19582K, committed 20480K, reserved 425984K
}
Event: 45.311 GC heap after
{Heap after GC invocations=88 (full 0):
 garbage-first heap   total 638976K, used 501963K [0x0000000080000000, 0x0000000100000000)
  region size 1024K, 2 young (2048K), 2 survivors (2048K)
 Metaspace       used 142235K, committed 144128K, reserved 557056K
  class space    used 19582K, committed 20480K, reserved 425984K
}
Event: 46.256 GC heap before
{Heap before GC invocations=88 (full 0):
 garbage-first heap   total 638976K, used 540875K [0x0000000080000000, 0x0000000100000000)
  region size 1024K, 40 young (40960K), 2 survivors (2048K)
 Metaspace       used 143198K, committed 145088K, reserved 557056K
  class space    used 19725K, committed 20608K, reserved 425984K
}
Event: 46.265 GC heap after
{Heap after GC invocations=89 (full 0):
 garbage-first heap   total 638976K, used 507912K [0x0000000080000000, 0x0000000100000000)
  region size 1024K, 5 young (5120K), 5 survivors (5120K)
 Metaspace       used 143198K, committed 145088K, reserved 557056K
  class space    used 19725K, committed 20608K, reserved 425984K
}
Event: 46.802 GC heap before
{Heap before GC invocations=89 (full 0):
 garbage-first heap   total 638976K, used 543752K [0x0000000080000000, 0x0000000100000000)
  region size 1024K, 41 young (41984K), 5 survivors (5120K)
 Metaspace       used 143758K, committed 145600K, reserved 557056K
  class space    used 19800K, committed 20672K, reserved 425984K
}
Event: 46.812 GC heap after
{Heap after GC invocations=90 (full 0):
 garbage-first heap   total 638976K, used 512294K [0x0000000080000000, 0x0000000100000000)
  region size 1024K, 6 young (6144K), 6 survivors (6144K)
 Metaspace       used 143758K, committed 145600K, reserved 557056K
  class space    used 19800K, committed 20672K, reserved 425984K
}
Event: 47.475 GC heap before
{Heap before GC invocations=90 (full 0):
 garbage-first heap   total 638976K, used 549158K [0x0000000080000000, 0x0000000100000000)
  region size 1024K, 42 young (43008K), 6 survivors (6144K)
 Metaspace       used 144044K, committed 145920K, reserved 557056K
  class space    used 19831K, committed 20736K, reserved 425984K
}
Event: 47.487 GC heap after
{Heap after GC invocations=91 (full 0):
 garbage-first heap   total 638976K, used 514194K [0x0000000080000000, 0x0000000100000000)
  region size 1024K, 2 young (2048K), 2 survivors (2048K)
 Metaspace       used 144044K, committed 145920K, reserved 557056K
  class space    used 19831K, committed 20736K, reserved 425984K
}
Event: 48.379 GC heap before
{Heap before GC invocations=91 (full 0):
 garbage-first heap   total 638976K, used 559250K [0x0000000080000000, 0x0000000100000000)
  region size 1024K, 39 young (39936K), 2 survivors (2048K)
 Metaspace       used 144061K, committed 145920K, reserved 557056K
  class space    used 19831K, committed 20736K, reserved 425984K
}
Event: 48.388 GC heap after
{Heap after GC invocations=92 (full 0):
 garbage-first heap   total 638976K, used 523121K [0x0000000080000000, 0x0000000100000000)
  region size 1024K, 4 young (4096K), 4 survivors (4096K)
 Metaspace       used 144061K, committed 145920K, reserved 557056K
  class space    used 19831K, committed 20736K, reserved 425984K
}
Event: 49.509 GC heap before
{Heap before GC invocations=92 (full 0):
 garbage-first heap   total 638976K, used 563057K [0x0000000080000000, 0x0000000100000000)
  region size 1024K, 37 young (37888K), 4 survivors (4096K)
 Metaspace       used 144172K, committed 146048K, reserved 557056K
  class space    used 19841K, committed 20736K, reserved 425984K
}
Event: 49.522 GC heap after
{Heap after GC invocations=93 (full 0):
 garbage-first heap   total 638976K, used 531407K [0x0000000080000000, 0x0000000100000000)
  region size 1024K, 3 young (3072K), 3 survivors (3072K)
 Metaspace       used 144172K, committed 146048K, reserved 557056K
  class space    used 19841K, committed 20736K, reserved 425984K
}
Event: 50.068 GC heap before
{Heap before GC invocations=93 (full 0):
 garbage-first heap   total 638976K, used 567247K [0x0000000080000000, 0x0000000100000000)
  region size 1024K, 31 young (31744K), 3 survivors (3072K)
 Metaspace       used 144267K, committed 146112K, reserved 557056K
  class space    used 19855K, committed 20736K, reserved 425984K
}
Event: 50.075 GC heap after
{Heap after GC invocations=94 (full 0):
 garbage-first heap   total 638976K, used 541343K [0x0000000080000000, 0x0000000100000000)
  region size 1024K, 2 young (2048K), 2 survivors (2048K)
 Metaspace       used 144267K, committed 146112K, reserved 557056K
  class space    used 19855K, committed 20736K, reserved 425984K
}
Event: 51.355 GC heap before
{Heap before GC invocations=94 (full 0):
 garbage-first heap   total 638976K, used 575135K [0x0000000080000000, 0x0000000100000000)
  region size 1024K, 31 young (31744K), 2 survivors (2048K)
 Metaspace       used 144514K, committed 146432K, reserved 557056K
  class space    used 19875K, committed 20800K, reserved 425984K
}
Event: 51.360 GC heap after
{Heap after GC invocations=95 (full 0):
 garbage-first heap   total 638976K, used 550105K [0x0000000080000000, 0x0000000100000000)
  region size 1024K, 4 young (4096K), 4 survivors (4096K)
 Metaspace       used 144514K, committed 146432K, reserved 557056K
  class space    used 19875K, committed 20800K, reserved 425984K
}

Dll operation events (16 events):
Event: 0.010 Loaded shared library C:\Program Files\Microsoft\jdk-17.0.14.7-hotspot\bin\java.dll
Event: 0.031 Loaded shared library C:\Program Files\Microsoft\jdk-17.0.14.7-hotspot\bin\jsvml.dll
Event: 0.090 Loaded shared library C:\Program Files\Microsoft\jdk-17.0.14.7-hotspot\bin\zip.dll
Event: 0.093 Loaded shared library C:\Program Files\Microsoft\jdk-17.0.14.7-hotspot\bin\instrument.dll
Event: 0.097 Loaded shared library C:\Program Files\Microsoft\jdk-17.0.14.7-hotspot\bin\net.dll
Event: 0.098 Loaded shared library C:\Program Files\Microsoft\jdk-17.0.14.7-hotspot\bin\nio.dll
Event: 0.101 Loaded shared library C:\Program Files\Microsoft\jdk-17.0.14.7-hotspot\bin\zip.dll
Event: 0.362 Loaded shared library C:\Program Files\Microsoft\jdk-17.0.14.7-hotspot\bin\jimage.dll
Event: 0.517 Loaded shared library C:\Program Files\Microsoft\jdk-17.0.14.7-hotspot\bin\verify.dll
Event: 0.616 Loaded shared library C:\Users\Himanshu\.gradle\native\1def1411415f61bf3af743bc5b6707747c0891f09f0c88961ee8f79bc544acac\windows-amd64\native-platform.dll
Event: 0.632 Loaded shared library C:\Users\Himanshu\.gradle\native\0.2.7\x86_64-windows-gnu\gradle-fileevents.dll
Event: 1.555 Loaded shared library C:\Program Files\Microsoft\jdk-17.0.14.7-hotspot\bin\management.dll
Event: 1.558 Loaded shared library C:\Program Files\Microsoft\jdk-17.0.14.7-hotspot\bin\management_ext.dll
Event: 1.827 Loaded shared library C:\Program Files\Microsoft\jdk-17.0.14.7-hotspot\bin\extnet.dll
Event: 2.110 Loaded shared library C:\Program Files\Microsoft\jdk-17.0.14.7-hotspot\bin\sunmscapi.dll
Event: 40.715 Loaded shared library C:\Program Files\Microsoft\jdk-17.0.14.7-hotspot\bin\rmi.dll

Deoptimization events (20 events):
Event: 51.295 Thread 0x00000230ff7feb80 DEOPT PACKING pc=0x00000230cf5e77ac sp=0x0000006cdd4ff470
Event: 51.295 Thread 0x0000023084118f30 Uncommon trap: reason=class_check action=maybe_recompile pc=0x00000230cf5e77ac method=com.android.tools.r8.internal.jq0.a(Lcom/android/tools/r8/internal/Bq0;Ljava/lang/Object;I)Ljava/lang/Object; @ 3 c2
Event: 51.295 Thread 0x0000023084118f30 DEOPT PACKING pc=0x00000230cf5e77ac sp=0x0000006cdf1feda0
Event: 51.295 Thread 0x00000230ff7feb80 DEOPT UNPACKING pc=0x00000230ceada1a3 sp=0x0000006cdd4ff2d0 mode 2
Event: 51.295 Thread 0x0000023084118f30 DEOPT UNPACKING pc=0x00000230ceada1a3 sp=0x0000006cdf1fec00 mode 2
Event: 51.362 Thread 0x00000230ff7feb80 Uncommon trap: trap_request=0xffffff45 fr.pc=0x00000230cfff56c8 relative=0x0000000000001488
Event: 51.362 Thread 0x00000230ff7feb80 Uncommon trap: reason=unstable_if action=reinterpret pc=0x00000230cfff56c8 method=com.android.tools.r8.internal.Ne.b(Ljava/util/function/Function;Lcom/android/tools/r8/internal/kp0;Lcom/android/tools/r8/internal/lp0;)Lcom/android/tools/r8/internal/pp0; @ 
Event: 51.362 Thread 0x00000230ff7feb80 DEOPT PACKING pc=0x00000230cfff56c8 sp=0x0000006cdd4fe3f0
Event: 51.362 Thread 0x00000230ff7feb80 DEOPT UNPACKING pc=0x00000230ceada1a3 sp=0x0000006cdd4fe3c0 mode 2
Event: 51.362 Thread 0x00000230ff7feb80 Uncommon trap: trap_request=0xffffff45 fr.pc=0x00000230cffe185c relative=0x000000000000041c
Event: 51.362 Thread 0x00000230ff7feb80 Uncommon trap: reason=unstable_if action=reinterpret pc=0x00000230cffe185c method=com.android.tools.r8.internal.Jb0.b(ILjava/lang/Object;)I @ 218 c2
Event: 51.362 Thread 0x00000230ff7feb80 DEOPT PACKING pc=0x00000230cffe185c sp=0x0000006cdd4feb00
Event: 51.362 Thread 0x00000230ff7feb80 DEOPT UNPACKING pc=0x00000230ceada1a3 sp=0x0000006cdd4feab8 mode 2
Event: 51.743 Thread 0x00000230ff7feb80 Uncommon trap: trap_request=0xffffff45 fr.pc=0x00000230d0051d24 relative=0x0000000000000364
Event: 51.743 Thread 0x00000230ff7feb80 Uncommon trap: reason=unstable_if action=reinterpret pc=0x00000230d0051d24 method=com.android.tools.r8.graph.t0.equals(Ljava/lang/Object;)Z @ 30 c2
Event: 51.743 Thread 0x00000230ff7feb80 DEOPT PACKING pc=0x00000230d0051d24 sp=0x0000006cdd4feae0
Event: 51.743 Thread 0x00000230ff7feb80 DEOPT UNPACKING pc=0x00000230ceada1a3 sp=0x0000006cdd4fe8d0 mode 2
Event: 51.743 Thread 0x00000230ff7feb80 Uncommon trap: trap_request=0xffffff45 fr.pc=0x00000230d00672d8 relative=0x0000000000000338
Event: 51.743 Thread 0x00000230ff7feb80 Uncommon trap: reason=unstable_if action=reinterpret pc=0x00000230d00672d8 method=com.android.tools.r8.graph.t0.equals(Ljava/lang/Object;)Z @ 30 c2
Event: 51.743 Thread 0x00000230ff7feb80 DEOPT PACKING pc=0x00000230d00672d8 sp=0x0000006cdd4fea30

Classes loaded (20 events):
Event: 42.858 Loading class java/util/concurrent/ForkJoinTask$AdaptedCallable
Event: 42.858 Loading class java/util/concurrent/ForkJoinTask$AdaptedCallable done
Event: 42.858 Loading class java/util/concurrent/ForkJoinPool$DefaultForkJoinWorkerThreadFactory$1
Event: 42.859 Loading class java/util/concurrent/ForkJoinPool$DefaultForkJoinWorkerThreadFactory$1 done
Event: 43.083 Loading class java/nio/ShortBuffer
Event: 43.084 Loading class java/nio/ShortBuffer done
Event: 43.085 Loading class java/nio/HeapShortBuffer
Event: 43.085 Loading class java/nio/HeapShortBuffer done
Event: 44.461 Loading class java/util/IdentityHashMap$EntrySet
Event: 44.461 Loading class java/util/IdentityHashMap$EntrySet done
Event: 45.340 Loading class java/util/IdentityHashMap$ValueIterator
Event: 45.340 Loading class java/util/IdentityHashMap$ValueIterator done
Event: 46.022 Loading class java/util/concurrent/ConcurrentHashMap$TreeNode
Event: 46.025 Loading class java/util/concurrent/ConcurrentHashMap$TreeNode done
Event: 46.025 Loading class java/util/concurrent/ConcurrentHashMap$TreeBin
Event: 46.025 Loading class java/util/concurrent/ConcurrentHashMap$TreeBin done
Event: 50.914 Loading class java/util/IdentityHashMap$EntryIterator
Event: 50.914 Loading class java/util/IdentityHashMap$EntryIterator done
Event: 50.920 Loading class java/util/IdentityHashMap$EntryIterator$Entry
Event: 50.921 Loading class java/util/IdentityHashMap$EntryIterator$Entry done

Classes unloaded (0 events):
No events

Classes redefined (0 events):
No events

Internal exceptions (20 events):
Event: 41.007 Thread 0x00000230820e1190 Exception <a 'java/lang/NoSuchMethodError'{0x00000000987110b8}: 'java.lang.Object java.lang.invoke.DirectMethodHandle$Holder.invokeSpecial(java.lang.Object, java.lang.Object, java.lang.Object, java.lang.Object, long)'> (0x00000000987110b8) 
thrown [s\src\hotspot\share\interpreter\linkResolver.cpp, line 759]
Event: 41.007 Thread 0x00000230820e1190 Exception <a 'java/lang/NoSuchMethodError'{0x0000000098715438}: 'java.lang.Object java.lang.invoke.Invokers$Holder.linkToTargetMethod(java.lang.Object, java.lang.Object, long, java.lang.Object)'> (0x0000000098715438) 
thrown [s\src\hotspot\share\interpreter\linkResolver.cpp, line 759]
Event: 41.050 Thread 0x000002308d5d6b30 Exception <a 'java/lang/NoSuchMethodError'{0x000000009842b460}: 'java.lang.Object java.lang.invoke.DirectMethodHandle$Holder.invokeStaticInit(java.lang.Object, java.lang.Object, java.lang.Object, java.lang.Object, java.lang.Object, java.lang.Object, java.lang.Object, java.lang.Object, java.lang.Object, java.lang.Object, java.lang.Object, java.lang.Object, java.lang.Object, java.lang.Object, java.lang.Object, java.lang.Object, java.lang.Object, java.lang.Object, java.lang.Object, java.lang.Object, int, java
Event: 41.746 Thread 0x00000230820e0c80 Exception <a 'sun/nio/fs/WindowsException'{0x00000000a5ee9f48}> (0x00000000a5ee9f48) 
thrown [s\src\hotspot\share\prims\jni.cpp, line 516]
Event: 42.870 Thread 0x0000023089179ca0 Exception <a 'java/lang/IncompatibleClassChangeError'{0x00000000a415b438}: Found class java.lang.Object, but interface was expected> (0x00000000a415b438) 
thrown [s\src\hotspot\share\interpreter\linkResolver.cpp, line 826]
Event: 42.933 Thread 0x00000230ff7feb80 Exception <a 'java/lang/IncompatibleClassChangeError'{0x00000000a3e7de20}: Found class java.lang.Object, but interface was expected> (0x00000000a3e7de20) 
thrown [s\src\hotspot\share\interpreter\linkResolver.cpp, line 826]
Event: 42.934 Thread 0x00000230ff7feb80 Exception <a 'java/lang/IncompatibleClassChangeError'{0x00000000a3e81dc8}: Found class java.lang.Object, but interface was expected> (0x00000000a3e81dc8) 
thrown [s\src\hotspot\share\interpreter\linkResolver.cpp, line 826]
Event: 42.940 Thread 0x0000023089179ca0 Exception <a 'java/lang/NoSuchMethodError'{0x00000000a3ede150}: 'long java.lang.invoke.DirectMethodHandle$Holder.invokeStatic(java.lang.Object, java.lang.Object, java.lang.Object)'> (0x00000000a3ede150) 
thrown [s\src\hotspot\share\interpreter\linkResolver.cpp, line 759]
Event: 44.501 Thread 0x000002308d5d6b30 Exception <a 'java/lang/IncompatibleClassChangeError'{0x00000000a3e45f18}: Found class java.lang.Object, but interface was expected> (0x00000000a3e45f18) 
thrown [s\src\hotspot\share\interpreter\linkResolver.cpp, line 826]
Event: 44.503 Thread 0x000002308d5d6b30 Exception <a 'java/lang/NoSuchMethodError'{0x00000000a3e4e528}: 'void java.lang.invoke.DirectMethodHandle$Holder.invokeInterface(java.lang.Object, java.lang.Object, java.lang.Object, int)'> (0x00000000a3e4e528) 
thrown [s\src\hotspot\share\interpreter\linkResolver.cpp, line 759]
Event: 45.356 Thread 0x000002308d5d6b30 Exception <a 'java/lang/IncompatibleClassChangeError'{0x00000000a68b1740}: Found class java.lang.Object, but interface was expected> (0x00000000a68b1740) 
thrown [s\src\hotspot\share\interpreter\linkResolver.cpp, line 826]
Event: 45.370 Thread 0x000002308d5d6b30 Exception <a 'java/lang/NoSuchMethodError'{0x00000000a6763420}: 'long java.lang.invoke.DirectMethodHandle$Holder.invokeStatic(java.lang.Object, java.lang.Object)'> (0x00000000a6763420) 
thrown [s\src\hotspot\share\interpreter\linkResolver.cpp, line 759]
Event: 45.414 Thread 0x000002308d5d6b30 Exception <a 'java/lang/NoSuchMethodError'{0x00000000a66279b0}: 'java.lang.Object java.lang.invoke.DirectMethodHandle$Holder.newInvokeSpecial(java.lang.Object, java.lang.Object, int, java.lang.Object, java.lang.Object, java.lang.Object)'> (0x00000000a66279b0) 
thrown [s\src\hotspot\share\interpreter\linkResolver.cpp, line 759]
Event: 45.415 Thread 0x000002308d5d6b30 Exception <a 'java/lang/NoSuchMethodError'{0x00000000a662f428}: 'java.lang.Object java.lang.invoke.Invokers$Holder.linkToTargetMethod(java.lang.Object, int, java.lang.Object, java.lang.Object, java.lang.Object, java.lang.Object)'> (0x00000000a662f428) 
thrown [s\src\hotspot\share\interpreter\linkResolver.cpp, line 759]
Event: 45.416 Thread 0x000002308d5d6b30 Exception <a 'java/lang/NoSuchMethodError'{0x00000000a663c6f8}: 'java.lang.Object java.lang.invoke.DirectMethodHandle$Holder.newInvokeSpecial(java.lang.Object, int, java.lang.Object, java.lang.Object)'> (0x00000000a663c6f8) 
thrown [s\src\hotspot\share\interpreter\linkResolver.cpp, line 759]
Event: 45.416 Thread 0x000002308d5d6b30 Exception <a 'java/lang/NoSuchMethodError'{0x00000000a6640758}: 'java.lang.Object java.lang.invoke.DirectMethodHandle$Holder.invokeSpecial(java.lang.Object, java.lang.Object, int, java.lang.Object, java.lang.Object)'> (0x00000000a6640758) 
thrown [s\src\hotspot\share\interpreter\linkResolver.cpp, line 759]
Event: 45.651 Thread 0x000002308d5d6b30 Exception <a 'java/lang/NoSuchMethodError'{0x00000000a60e80d8}: 'void java.lang.invoke.DirectMethodHandle$Holder.invokeStatic(java.lang.Object, java.lang.Object, java.lang.Object, java.lang.Object, java.lang.Object, java.lang.Object, java.lang.Object, java.lang.Object)'> (0x00000000a60e80d8) 
thrown [s\src\hotspot\share\interpreter\linkResolver.cpp, line 759]
Event: 48.534 Thread 0x000002308d5d6b30 Implicit null exception at 0x00000230cfa30750 to 0x00000230cfa328e0
Event: 48.535 Thread 0x000002308d5d6b30 Implicit null exception at 0x00000230cfa35225 to 0x00000230cfa37394
Event: 49.237 Thread 0x000002308d5d6b30 Exception <a 'java/lang/IncompatibleClassChangeError'{0x00000000a4de47f8}: Found class java.lang.Object, but interface was expected> (0x00000000a4de47f8) 
thrown [s\src\hotspot\share\interpreter\linkResolver.cpp, line 826]

VM Operations (20 events):
Event: 49.245 Executing VM operation: HandshakeAllThreads done
Event: 49.509 Executing VM operation: G1CollectForAllocation
Event: 49.522 Executing VM operation: G1CollectForAllocation done
Event: 49.527 Executing VM operation: HandshakeAllThreads
Event: 49.527 Executing VM operation: HandshakeAllThreads done
Event: 49.713 Executing VM operation: HandshakeAllThreads
Event: 49.713 Executing VM operation: HandshakeAllThreads done
Event: 50.068 Executing VM operation: G1CollectForAllocation
Event: 50.075 Executing VM operation: G1CollectForAllocation done
Event: 50.909 Executing VM operation: HandshakeAllThreads
Event: 50.909 Executing VM operation: HandshakeAllThreads done
Event: 51.348 Executing VM operation: HandshakeAllThreads
Event: 51.349 Executing VM operation: HandshakeAllThreads done
Event: 51.349 Executing VM operation: Cleanup
Event: 51.349 Executing VM operation: Cleanup done
Event: 51.353 Executing VM operation: HandshakeAllThreads
Event: 51.353 Executing VM operation: HandshakeAllThreads done
Event: 51.355 Executing VM operation: G1CollectForAllocation
Event: 51.360 Executing VM operation: G1CollectForAllocation done
Event: 51.789 Executing VM operation: G1TryInitiateConcMark

Memory protections (0 events):
No events

Nmethod flushes (20 events):
Event: 46.501 Thread 0x00000230fd0a0670 flushing  nmethod 0x00000230c992e390
Event: 46.501 Thread 0x00000230fd0a0670 flushing  nmethod 0x00000230c992e810
Event: 46.501 Thread 0x00000230fd0a0670 flushing  nmethod 0x00000230c992f390
Event: 46.501 Thread 0x00000230fd0a0670 flushing  nmethod 0x00000230c992fd90
Event: 46.501 Thread 0x00000230fd0a0670 flushing  nmethod 0x00000230c9930b90
Event: 46.501 Thread 0x00000230fd0a0670 flushing  nmethod 0x00000230c9931f10
Event: 46.501 Thread 0x00000230fd0a0670 flushing  nmethod 0x00000230c9936390
Event: 46.501 Thread 0x00000230fd0a0670 flushing  nmethod 0x00000230c993c310
Event: 46.501 Thread 0x00000230fd0a0670 flushing  nmethod 0x00000230c993ce10
Event: 46.501 Thread 0x00000230fd0a0670 flushing  nmethod 0x00000230c993d310
Event: 46.501 Thread 0x00000230fd0a0670 flushing  nmethod 0x00000230c993e910
Event: 46.501 Thread 0x00000230fd0a0670 flushing  nmethod 0x00000230c9940d10
Event: 46.501 Thread 0x00000230fd0a0670 flushing  nmethod 0x00000230c9941090
Event: 46.501 Thread 0x00000230fd0a0670 flushing  nmethod 0x00000230c9942210
Event: 46.501 Thread 0x00000230fd0a0670 flushing  nmethod 0x00000230c9942590
Event: 46.501 Thread 0x00000230fd0a0670 flushing  nmethod 0x00000230c9942f10
Event: 46.501 Thread 0x00000230fd0a0670 flushing  nmethod 0x00000230c9950710
Event: 46.501 Thread 0x00000230fd0a0670 flushing  nmethod 0x00000230c9951010
Event: 46.501 Thread 0x00000230fd0a0670 flushing  nmethod 0x00000230c997c710
Event: 46.501 Thread 0x00000230fd0a0670 flushing  nmethod 0x00000230c998bd10

Events (20 events):
Event: 42.859 Thread 0x00000230ff7feb80 Thread added: 0x00000230ff7ffab0
Event: 42.860 Thread 0x00000230ff7ffab0 Thread added: 0x000002308d5d51e0
Event: 42.860 Thread 0x000002308d5d51e0 Thread added: 0x000002308d5d56f0
Event: 42.864 Thread 0x000002308d5d56f0 Thread added: 0x0000023082de5b70
Event: 42.865 Thread 0x0000023082de5b70 Thread added: 0x0000023084118f30
Event: 42.868 Thread 0x0000023084118f30 Thread added: 0x0000023089179ca0
Event: 42.868 Thread 0x0000023089179ca0 Thread added: 0x0000023089178d70
Event: 43.180 Thread 0x00000230fd0658f0 Thread added: 0x0000023089e62ac0
Event: 44.933 Thread 0x0000023089e62ac0 Thread exited: 0x0000023089e62ac0
Event: 45.113 Thread 0x00000230fd057c90 Thread added: 0x0000023089e62ac0
Event: 46.442 Thread 0x0000023089e62ac0 Thread exited: 0x0000023089e62ac0
Event: 46.639 Thread 0x00000230fd0658f0 Thread added: 0x0000023089e62ac0
Event: 48.369 Thread 0x0000023089e62ac0 Thread exited: 0x0000023089e62ac0
Event: 48.520 Thread 0x000002308171b770 Thread exited: 0x000002308171b770
Event: 49.092 Thread 0x00000230fd0658f0 Thread added: 0x0000023089e5faf0
Event: 50.920 Thread 0x0000023089e5faf0 Thread exited: 0x0000023089e5faf0
Event: 50.927 Thread 0x00000230fd0658f0 Thread added: 0x0000023089e5faf0
Event: 51.036 Thread 0x00000230fd057c90 Thread added: 0x0000023089e62ac0
Event: 51.362 Thread 0x0000023089e62ac0 Thread exited: 0x0000023089e62ac0
Event: 51.366 Thread 0x00000230fd0658f0 Thread added: 0x0000023089e62ac0


Dynamic libraries:
0x00007ff647dc0000 - 0x00007ff647dce000 	C:\Program Files\Microsoft\jdk-17.0.14.7-hotspot\bin\java.exe
0x00007fff871c0000 - 0x00007fff87426000 	C:\WINDOWS\SYSTEM32\ntdll.dll
0x00007fff85900000 - 0x00007fff859c9000 	C:\WINDOWS\System32\KERNEL32.DLL
0x00007fff84790000 - 0x00007fff84b5c000 	C:\WINDOWS\System32\KERNELBASE.dll
0x00007fff84e30000 - 0x00007fff84f7b000 	C:\WINDOWS\System32\ucrtbase.dll
0x00007fff74380000 - 0x00007fff74397000 	C:\Program Files\Microsoft\jdk-17.0.14.7-hotspot\bin\jli.dll
0x00007fff7eba0000 - 0x00007fff7ebbd000 	C:\Program Files\Microsoft\jdk-17.0.14.7-hotspot\bin\VCRUNTIME140.dll
0x00007fff85730000 - 0x00007fff858fa000 	C:\WINDOWS\System32\USER32.dll
0x00007fff84620000 - 0x00007fff84647000 	C:\WINDOWS\System32\win32u.dll
0x00007fff648b0000 - 0x00007fff64b4a000 	C:\WINDOWS\WinSxS\amd64_microsoft.windows.common-controls_6595b64144ccf1df_6.0.26100.3912_none_3e07963ce335137e\COMCTL32.dll
0x00007fff85f80000 - 0x00007fff85fab000 	C:\WINDOWS\System32\GDI32.dll
0x00007fff85280000 - 0x00007fff85329000 	C:\WINDOWS\System32\msvcrt.dll
0x00007fff84650000 - 0x00007fff84782000 	C:\WINDOWS\System32\gdi32full.dll
0x00007fff843f0000 - 0x00007fff84493000 	C:\WINDOWS\System32\msvcp_win.dll
0x00007fff855e0000 - 0x00007fff85610000 	C:\WINDOWS\System32\IMM32.DLL
0x00007fff7eb70000 - 0x00007fff7eb7c000 	C:\Program Files\Microsoft\jdk-17.0.14.7-hotspot\bin\vcruntime140_1.dll
0x00007fff72ba0000 - 0x00007fff72c2d000 	C:\Program Files\Microsoft\jdk-17.0.14.7-hotspot\bin\msvcp140.dll
0x00007fff0ac80000 - 0x00007fff0b8f2000 	C:\Program Files\Microsoft\jdk-17.0.14.7-hotspot\bin\server\jvm.dll
0x00007fff85520000 - 0x00007fff855d2000 	C:\WINDOWS\System32\ADVAPI32.dll
0x00007fff859d0000 - 0x00007fff85a76000 	C:\WINDOWS\System32\sechost.dll
0x00007fff860a0000 - 0x00007fff861b6000 	C:\WINDOWS\System32\RPCRT4.dll
0x00007fff85620000 - 0x00007fff85694000 	C:\WINDOWS\System32\WS2_32.dll
0x00007fff841a0000 - 0x00007fff841fe000 	C:\WINDOWS\SYSTEM32\POWRPROF.dll
0x00007fff692e0000 - 0x00007fff692eb000 	C:\WINDOWS\SYSTEM32\VERSION.dll
0x00007fff7b790000 - 0x00007fff7b7c6000 	C:\WINDOWS\SYSTEM32\WINMM.dll
0x00007fff84180000 - 0x00007fff84194000 	C:\WINDOWS\SYSTEM32\UMPDC.dll
0x00007fff83110000 - 0x00007fff8312a000 	C:\WINDOWS\SYSTEM32\kernel.appcore.dll
0x00007fff72b90000 - 0x00007fff72b9a000 	C:\Program Files\Microsoft\jdk-17.0.14.7-hotspot\bin\jimage.dll
0x00007fff81320000 - 0x00007fff81561000 	C:\WINDOWS\SYSTEM32\DBGHELP.DLL
0x00007fff861c0000 - 0x00007fff86544000 	C:\WINDOWS\System32\combase.dll
0x00007fff85350000 - 0x00007fff85430000 	C:\WINDOWS\System32\OLEAUT32.dll
0x00007fff698b0000 - 0x00007fff698e9000 	C:\WINDOWS\SYSTEM32\dbgcore.DLL
0x00007fff84350000 - 0x00007fff843e9000 	C:\WINDOWS\System32\bcryptPrimitives.dll
0x00007fff72b80000 - 0x00007fff72b8e000 	C:\Program Files\Microsoft\jdk-17.0.14.7-hotspot\bin\instrument.dll
0x00007fff72b50000 - 0x00007fff72b75000 	C:\Program Files\Microsoft\jdk-17.0.14.7-hotspot\bin\java.dll
0x00007fff72a70000 - 0x00007fff72b47000 	C:\Program Files\Microsoft\jdk-17.0.14.7-hotspot\bin\jsvml.dll
0x00007fff86570000 - 0x00007fff86c9d000 	C:\WINDOWS\System32\SHELL32.dll
0x00007fff844a0000 - 0x00007fff84614000 	C:\WINDOWS\System32\wintypes.dll
0x00007fff81f90000 - 0x00007fff827e6000 	C:\WINDOWS\SYSTEM32\windows.storage.dll
0x00007fff85040000 - 0x00007fff8512f000 	C:\WINDOWS\System32\SHCORE.dll
0x00007fff85fb0000 - 0x00007fff86019000 	C:\WINDOWS\System32\shlwapi.dll
0x00007fff84260000 - 0x00007fff8428f000 	C:\WINDOWS\SYSTEM32\profapi.dll
0x00007fff72a50000 - 0x00007fff72a68000 	C:\Program Files\Microsoft\jdk-17.0.14.7-hotspot\bin\zip.dll
0x00007fff72a30000 - 0x00007fff72a4a000 	C:\Program Files\Microsoft\jdk-17.0.14.7-hotspot\bin\net.dll
0x00007fff75f80000 - 0x00007fff7609e000 	C:\WINDOWS\SYSTEM32\WINHTTP.dll
0x00007fff83680000 - 0x00007fff836ea000 	C:\WINDOWS\system32\mswsock.dll
0x00007fff72a10000 - 0x00007fff72a26000 	C:\Program Files\Microsoft\jdk-17.0.14.7-hotspot\bin\nio.dll
0x00007fff72a00000 - 0x00007fff72a10000 	C:\Program Files\Microsoft\jdk-17.0.14.7-hotspot\bin\verify.dll
0x00007fff6caf0000 - 0x00007fff6cb17000 	C:\Users\Himanshu\.gradle\native\1def1411415f61bf3af743bc5b6707747c0891f09f0c88961ee8f79bc544acac\windows-amd64\native-platform.dll
0x00007fff5b2a0000 - 0x00007fff5b318000 	C:\Users\Himanshu\.gradle\native\0.2.7\x86_64-windows-gnu\gradle-fileevents.dll
0x00007fff729f0000 - 0x00007fff729fa000 	C:\Program Files\Microsoft\jdk-17.0.14.7-hotspot\bin\management.dll
0x00007fff729e0000 - 0x00007fff729eb000 	C:\Program Files\Microsoft\jdk-17.0.14.7-hotspot\bin\management_ext.dll
0x00007fff85340000 - 0x00007fff85348000 	C:\WINDOWS\System32\PSAPI.DLL
0x00007fff82bb0000 - 0x00007fff82be3000 	C:\WINDOWS\SYSTEM32\IPHLPAPI.DLL
0x00007fff85240000 - 0x00007fff8524a000 	C:\WINDOWS\System32\NSI.dll
0x00007fff76440000 - 0x00007fff7645f000 	C:\WINDOWS\SYSTEM32\dhcpcsvc6.DLL
0x00007fff75ee0000 - 0x00007fff75f05000 	C:\WINDOWS\SYSTEM32\dhcpcsvc.DLL
0x00007fff82c80000 - 0x00007fff82da7000 	C:\WINDOWS\SYSTEM32\DNSAPI.dll
0x00007fff6cbe0000 - 0x00007fff6cbe9000 	C:\Program Files\Microsoft\jdk-17.0.14.7-hotspot\bin\extnet.dll
0x00007fff83920000 - 0x00007fff8393c000 	C:\WINDOWS\SYSTEM32\CRYPTSP.dll
0x00007fff83070000 - 0x00007fff830aa000 	C:\WINDOWS\system32\rsaenh.dll
0x00007fff83720000 - 0x00007fff8374b000 	C:\WINDOWS\SYSTEM32\USERENV.dll
0x00007fff84230000 - 0x00007fff84256000 	C:\WINDOWS\SYSTEM32\bcrypt.dll
0x00007fff83940000 - 0x00007fff8394c000 	C:\WINDOWS\SYSTEM32\CRYPTBASE.dll
0x00007fff6cbd0000 - 0x00007fff6cbde000 	C:\Program Files\Microsoft\jdk-17.0.14.7-hotspot\bin\sunmscapi.dll
0x00007fff84b60000 - 0x00007fff84cd7000 	C:\WINDOWS\System32\CRYPT32.dll
0x00007fff83b30000 - 0x00007fff83b60000 	C:\WINDOWS\SYSTEM32\ncrypt.dll
0x00007fff83ae0000 - 0x00007fff83b1f000 	C:\WINDOWS\SYSTEM32\NTASN1.dll
0x00007fff74510000 - 0x00007fff74518000 	C:\WINDOWS\system32\wshunix.dll
0x00007fff58b90000 - 0x00007fff58ba8000 	C:\WINDOWS\system32\napinsp.dll
0x00007fff56930000 - 0x00007fff56942000 	C:\WINDOWS\System32\winrnr.dll
0x00007fff565e0000 - 0x00007fff56610000 	C:\WINDOWS\system32\nlansp_c.dll
0x00007fff6c250000 - 0x00007fff6c270000 	C:\WINDOWS\system32\wshbth.dll
0x00007fff6cc90000 - 0x00007fff6cc9b000 	C:\Windows\System32\rasadhlp.dll
0x00007fff76670000 - 0x00007fff766f6000 	C:\WINDOWS\System32\fwpuclnt.dll
0x00007fff6cbf0000 - 0x00007fff6cbf7000 	C:\Program Files\Microsoft\jdk-17.0.14.7-hotspot\bin\rmi.dll

dbghelp: loaded successfully - version: 4.0.5 - missing functions: none
symbol engine: initialized successfully - sym options: 0x614 - pdb path: .;C:\Program Files\Microsoft\jdk-17.0.14.7-hotspot\bin;C:\WINDOWS\SYSTEM32;C:\WINDOWS\WinSxS\amd64_microsoft.windows.common-controls_6595b64144ccf1df_6.0.26100.3912_none_3e07963ce335137e;C:\Program Files\Microsoft\jdk-17.0.14.7-hotspot\bin\server;C:\Users\Himanshu\.gradle\native\1def1411415f61bf3af743bc5b6707747c0891f09f0c88961ee8f79bc544acac\windows-amd64;C:\Users\Himanshu\.gradle\native\0.2.7\x86_64-windows-gnu

VM Arguments:
jvm_args: --add-opens=java.base/java.lang=ALL-UNNAMED --add-opens=java.base/java.lang.invoke=ALL-UNNAMED --add-opens=java.base/java.util=ALL-UNNAMED --add-opens=java.prefs/java.util.prefs=ALL-UNNAMED --add-exports=jdk.compiler/com.sun.tools.javac.api=ALL-UNNAMED --add-exports=jdk.compiler/com.sun.tools.javac.util=ALL-UNNAMED --add-opens=java.base/java.util=ALL-UNNAMED --add-opens=java.prefs/java.util.prefs=ALL-UNNAMED --add-opens=java.base/java.nio.charset=ALL-UNNAMED --add-opens=java.base/java.net=ALL-UNNAMED --add-opens=java.base/java.util.concurrent.atomic=ALL-UNNAMED --add-opens=java.xml/javax.xml.namespace=ALL-UNNAMED -XX:MaxMetaspaceSize=512m -Xmx2048m -Dfile.encoding=windows-1252 -Duser.country=IN -Duser.language=en -Duser.variant -javaagent:C:\Users\Himanshu\.gradle\wrapper\dists\gradle-8.13-bin\5xuhj0ry160q40clulazy9h7d\gradle-8.13\lib\agents\gradle-instrumentation-agent-8.13.jar 
java_command: org.gradle.launcher.daemon.bootstrap.GradleDaemon 8.13
java_class_path (initial): C:\Users\Himanshu\.gradle\wrapper\dists\gradle-8.13-bin\5xuhj0ry160q40clulazy9h7d\gradle-8.13\lib\gradle-daemon-main-8.13.jar
Launcher Type: SUN_STANDARD

[Global flags]
     intx CICompilerCount                          = 4                                         {product} {ergonomic}
   size_t CompressedClassSpaceSize                 = 436207616                                 {product} {ergonomic}
     uint ConcGCThreads                            = 2                                         {product} {ergonomic}
     uint G1ConcRefinementThreads                  = 8                                         {product} {ergonomic}
   size_t G1HeapRegionSize                         = 1048576                                   {product} {ergonomic}
    uintx GCDrainStackTargetSize                   = 64                                        {product} {ergonomic}
   size_t InitialHeapSize                          = 266338304                                 {product} {ergonomic}
   size_t MarkStackSize                            = 4194304                                   {product} {ergonomic}
   size_t MaxHeapSize                              = 2147483648                                {product} {command line}
   size_t MaxMetaspaceSize                         = 536870912                                 {product} {command line}
   size_t MaxNewSize                               = 1287651328                                {product} {ergonomic}
   size_t MinHeapDeltaBytes                        = 1048576                                   {product} {ergonomic}
   size_t MinHeapSize                              = 8388608                                   {product} {ergonomic}
    uintx NonNMethodCodeHeapSize                   = 5839372                                {pd product} {ergonomic}
    uintx NonProfiledCodeHeapSize                  = 122909434                              {pd product} {ergonomic}
    uintx ProfiledCodeHeapSize                     = 122909434                              {pd product} {ergonomic}
    uintx ReservedCodeCacheSize                    = 251658240                              {pd product} {ergonomic}
     bool SegmentedCodeCache                       = true                                      {product} {ergonomic}
   size_t SoftMaxHeapSize                          = 2147483648                             {manageable} {ergonomic}
     bool UseCompressedClassPointers               = true                           {product lp64_product} {ergonomic}
     bool UseCompressedOops                        = true                           {product lp64_product} {ergonomic}
     bool UseG1GC                                  = true                                      {product} {ergonomic}
     bool UseLargePagesIndividualAllocation        = false                                  {pd product} {ergonomic}

Logging:
Log output configuration:
 #0: stdout all=warning uptime,level,tags
 #1: stderr all=off uptime,level,tags

Environment Variables:
JAVA_HOME=C:\Program Files\Microsoft\jdk-17.0.14.7-hotspot\
CLASSPATH=C:\Users\Himanshu\Desktop\App\newApp\android\\gradle\wrapper\gradle-wrapper.jar
PATH=C:\Users\Himanshu\Desktop\App\newApp\node_modules\.bin;C:\Users\Himanshu\Desktop\App\newApp\node_modules\.bin;C:\Users\Himanshu\Desktop\App\node_modules\.bin;C:\Users\Himanshu\Desktop\node_modules\.bin;C:\Users\Himanshu\node_modules\.bin;C:\Users\node_modules\.bin;C:\node_modules\.bin;C:\Users\Himanshu\AppData\Roaming\npm\node_modules\npm\node_modules\@npmcli\run-script\lib\node-gyp-bin;C:\Program Files\Common Files\Oracle\Java\javapath;C:\WINDOWS\system32;C:\WINDOWS;C:\WINDOWS\System32\Wbem;C:\WINDOWS\System32\WindowsPowerShell\v1.0\;C:\WINDOWS\System32\OpenSSH\;C:\Program Files\Java\jdk-20\bin;C:\Program Files\dotnet\;C:\ProgramData\chocolatey\bin;%LOCALAPPDATA%\Android\Sdk\platform-tools;C:\Program Files\nodejs\;C:\Users\Himanshu\AppData\Local\Android\Sdk\platform-tools;C:\Users\Himanshu\AppData\Local\Android\Sdk\emulator;C:\Users\Himanshu\AppData\Local\Android\Sdk\cmdline-tools;C:\Users\Himanshu\AppData\Local\Android\Sdk\platforms;C:\Users\Himanshu\AppData\Local\Android\Sdk;C:\Program Files\Microsoft\jdk-17.0.14.7-hotspot\bin;C:\Program Files\Git\cmd;C:\Users\Himanshu\AppData\Local\Android\Sdk\tools;C:\Program Files\Common Files\Oracle\Java\javapath;C:\WINDOWS\system32;C:\WINDOWS;C:\WINDOWS\System32\Wbem;C:\WINDOWS\System32\WindowsPowerShell\v1.0\;C:\WINDOWS\System32\OpenSSH\;C:\Program Files\Java\jdk-20\bin;C:\Program Files\dotnet\;C:\ProgramData\chocolatey\bin;C:\Program Files\Eclipse Adoptium\jdk-17.0.8.7-hotspot;C:\Program Files\nodejs\;C:\Program Files\Common Files\Oracle\Java\javapath;C:\WINDOWS\system32;C:\WINDOWS;C:\WINDOWS\System32\Wbem;C:\WINDOWS\System32\WindowsPowerShell\v1.0\;C:\WINDOWS\System32\OpenSSH\;C:\Program Files\Java\jdk-20\bin;C:\Program Files\dotnet\;C:\Program Files\nodejs\;C:\ProgramData\chocolatey\bin;C:\Users\Himanshu\AppData;C:\Users\Himanshu\AppData\Local\Programs\Microsoft VS Code\bin;C:\Users\Himanshu\AppData\Roaming\npm;C:\Users\Himanshu\AppData\Local\Android\Sdk\platform-tools;C:\Users\Himanshu\AppData\Local\Android\Sdk\emulator;C:\Users\Himanshu\AppData\Local\Android\Sdk\platforms;C:\Users\Himanshu\AppData\Local\Android\Sdk;C:\Program Files\Microsoft\jdk-17.0.14.7-hotspot\bin;
USERNAME=Himanshu
LANG=en_US.UTF-8
OS=Windows_NT
PROCESSOR_IDENTIFIER=Intel64 Family 6 Model 140 Stepping 1, GenuineIntel
TMP=C:\Users\Himanshu\AppData\Local\Temp
TEMP=C:\Users\Himanshu\AppData\Local\Temp



Periodic native trim disabled


---------------  S Y S T E M  ---------------

OS:
 Windows 11 , 64 bit Build 26100 (10.0.26100.3912)
OS uptime: 0 days 5:14 hours
Hyper-V role detected

CPU: total 8 (initial active 8) (4 cores per cpu, 2 threads per core) family 6 model 140 stepping 1 microcode 0xa4, cx8, cmov, fxsr, ht, mmx, 3dnowpref, sse, sse2, sse3, ssse3, sse4.1, sse4.2, popcnt, lzcnt, tsc, tscinvbit, avx, avx2, aes, erms, clmul, bmi1, bmi2, adx, avx512f, avx512dq, avx512cd, avx512bw, avx512vl, sha, fma, vzeroupper, avx512_vpopcntdq, avx512_vpclmulqdq, avx512_vaes, avx512_vnni, clflush, clflushopt, clwb, avx512_vbmi2, avx512_vbmi, hv
Processor Information for processor 0
  Max Mhz: 2803, Current Mhz: 2803, Mhz Limit: 2803
Processor Information for processor 1
  Max Mhz: 2803, Current Mhz: 2803, Mhz Limit: 2803
Processor Information for processor 2
  Max Mhz: 2803, Current Mhz: 2803, Mhz Limit: 2803
Processor Information for processor 3
  Max Mhz: 2803, Current Mhz: 2803, Mhz Limit: 2803
Processor Information for processor 4
  Max Mhz: 2803, Current Mhz: 2803, Mhz Limit: 2803
Processor Information for processor 5
  Max Mhz: 2803, Current Mhz: 1001, Mhz Limit: 2803
Processor Information for processor 6
  Max Mhz: 2803, Current Mhz: 2803, Mhz Limit: 2803
Processor Information for processor 7
  Max Mhz: 2803, Current Mhz: 1001, Mhz Limit: 2803

Memory: 4k page, system-wide physical 16171M (1114M free)
TotalPageFile size 39985M (AvailPageFile size 0M)
current process WorkingSet (physical memory assigned to process): 1056M, peak: 1094M
current process commit charge ("private bytes"): 1370M, peak: 1370M

vm_info: OpenJDK 64-Bit Server VM (17.0.14+7-LTS) for windows-amd64 JRE (17.0.14+7-LTS), built on Jan  8 2025 23:39:28 by "MicrosoftCorporation" with unknown MS VC++:1939

END.
